rank,scenario_name,scenario_index,mean_glacier_melt_2080_2099_mm3,period,period_label,no_policy_final_reliability,no_policy_failure_weeks,no_policy_trigger_weeks,spi12_final_reliability,spi12_failure_weeks,spi12_trigger_weeks,sri12_final_reliability,sri12_failure_weeks,sri12_trigger_weeks
1,ACCESS-CM2_ssp585_scen02_no_drought_pert,10,0.0,A,2020–2040,0.8328530259365994,174,0,0.9923150816522575,8,707,0.9394812680115274,63,373
1,ACCESS-CM2_ssp585_scen02_no_drought_pert,10,0.0,B,2080–2100,0.6023054755043228,414,0,0.8703170028818443,135,733,0.9260326609029779,77,842
2,CNRM-CM6-1_ssp370_scen01_no_drought_pert,18,0.0,A,2020–2040,0.781940441882805,227,0,0.9798270893371758,21,590,0.8972142170989433,107,409
2,CNRM-CM6-1_ssp370_scen01_no_drought_pert,18,0.0,B,2080–2100,0.4697406340057637,552,0,0.7310278578290106,280,659,0.803073967339097,205,835
3,CNRM-CM6-1_ssp370_scen02_no_drought_pert,19,0.0,A,2020–2040,0.7271853986551393,284,0,0.9615754082612872,40,643,0.9068203650336215,97,534
3,CNRM-CM6-1_ssp370_scen02_no_drought_pert,19,0.0,B,2080–2100,0.4245917387127762,599,0,0.7540826128722382,256,796,0.8559077809798271,150,991
4,CNRM-CM6-1_ssp370_scen03_no_drought_pert,20,0.0,A,2020–2040,0.8731988472622478,132,0,1.0,0,670,0.9337175792507204,69,258
4,CNRM-CM6-1_ssp370_scen03_no_drought_pert,20,0.0,B,2080–2100,0.5379442843419788,481,0,0.712776176753122,299,428,0.7848222862632085,224,700
5,CNRM-CM6-1_ssp585_scen01_no_drought_pert,21,0.0,A,2020–2040,0.8414985590778098,165,0,0.9654178674351584,36,571,0.9337175792507204,69,374
5,CNRM-CM6-1_ssp585_scen01_no_drought_pert,21,0.0,B,2080–2100,0.3294908741594621,698,0,0.7454370797310279,265,844,0.8261287223823247,181,1035
6,CNRM-CM6-1_ssp585_scen02_no_drought_pert,22,0.0,A,2020–2040,0.8078770413064361,200,0,0.9932756964457252,7,630,0.9375600384245918,65,437
6,CNRM-CM6-1_ssp585_scen02_no_drought_pert,22,0.0,B,2080–2100,0.3707973102785783,655,0,0.7636887608069164,246,876,0.7896253602305475,219,966
7,CNRM-CM6-1_ssp585_scen03_no_drought_pert,23,0.0,A,2020–2040,0.7204610951008645,291,0,0.9615754082612872,40,755,0.9346781940441883,68,539
7,CNRM-CM6-1_ssp585_scen03_no_drought_pert,23,0.0,B,2080–2100,0.4015369836695485,623,0,0.7243035542747358,287,747,0.7598463016330451,250,939
8,MIROC6_ssp585_scen02_no_drought_pert,70,0.0,A,2020–2040,0.7886647454370798,220,0,0.9903938520653218,10,708,0.9365994236311239,66,456
8,MIROC6_ssp585_scen02_no_drought_pert,70,0.0,B,2080–2100,0.29490874159462055,734,0,0.5629202689721422,455,584,0.8001921229586936,208,971
9,MIROC6_ssp585_scen03_no_drought_pert,71,0.0,A,2020–2040,0.6397694524495677,375,0,0.9865513928914506,14,870,0.9433237271853987,59,835
9,MIROC6_ssp585_scen03_no_drought_pert,71,0.0,B,2080–2100,0.32756964457252646,700,0,0.6628242074927955,351,785,0.7070124879923151,305,881
10,MRI-ESM2-0_ssp585_scen01_no_drought_pert,93,0.0,A,2020–2040,0.6234390009606148,392,0,0.9673390970220941,34,813,0.8972142170989433,107,787
10,MRI-ESM2-0_ssp585_scen01_no_drought_pert,93,0.0,B,2080–2100,0.5244956772334294,495,0,0.8309317963496639,176,708,0.8789625360230547,126,807
