cost,urban_unreliability,agricultural_unreliability
6.521696985729458782e-04,4.858893994664567062e-01,1.796435655615337135e-01
2.445855436980520596e-03,4.786715960982849682e-01,1.796435655615337135e-01
4.689350930217182911e-03,4.710641953892176770e-01,1.796435655615337135e-01
4.761013553069036452e-03,4.699569187361459788e-01,1.796435655615337135e-01
4.772948378635536934e-03,4.698338879969154447e-01,1.796435655615337135e-01
4.782106189688842268e-03,4.697928777505053777e-01,1.796435655615337135e-01
4.835479017879560845e-03,4.695263111488401364e-01,1.796435655615337135e-01
6.351621991962403714e-03,4.640514432530966626e-01,1.796435655615337135e-01
6.385019789611973487e-03,4.635593202961758030e-01,1.796435655615337135e-01
6.471587417052352721e-03,4.632312383248948229e-01,1.796435655615337135e-01
6.752616279996292124e-03,4.629441666000249644e-01,1.796435655615337135e-01
8.595803022140656446e-03,4.551522197821118998e-01,1.796435655615337135e-01
8.737241982080239805e-03,4.549471685500619533e-01,1.796435655615337135e-01
8.746850517436266167e-03,4.546806019483964900e-01,1.796435655615337135e-01
8.862184015291135059e-03,4.544140353467313043e-01,1.796435655615337135e-01
1.091169095737440711e-02,4.448176376867757353e-01,1.796435655615337135e-01
1.110981005501694534e-02,4.439359173889594334e-01,1.796435655615337135e-01
1.302733183113695577e-02,4.409216642778193695e-01,1.796435655615337135e-01
1.342803861800860935e-02,4.358363937229715601e-01,1.796435655615337135e-01
1.347922910038614440e-02,4.341959838665689353e-01,1.796435655615337135e-01
1.357398086495346413e-02,4.339499223881084222e-01,1.796435655615337135e-01
1.383684433533399760e-02,4.326375945029865000e-01,1.796435655615337135e-01
1.577976887390981908e-02,4.252147399027650376e-01,1.796435655615337135e-01
1.587657609770971520e-02,4.251122142867388987e-01,1.796435655615337135e-01
1.597014582419695877e-02,4.243535247281533529e-01,1.796435655615337135e-01
1.601958467958227578e-02,4.241074632496925623e-01,1.796435655615337135e-01
1.617300855703356771e-02,4.239639273872571335e-01,1.796435655615337135e-01
1.628882153691967385e-02,4.230822070894410536e-01,1.796435655615337135e-01
2.089345234546087504e-02,4.056938626115734747e-01,1.796435655615337135e-01
2.100885684176889354e-02,4.047711320673470503e-01,1.796435655615337135e-01
2.102481021241092360e-02,4.046481013281165717e-01,1.796435655615337135e-01
2.115899791390647364e-02,4.041354732479907619e-01,1.796435655615337135e-01
2.323424335006785482e-02,3.935958399206041514e-01,1.796435655615337135e-01
2.323426016471105346e-02,3.934933143045787896e-01,1.796435655615337135e-01
2.356378214163253049e-02,3.921809864194571449e-01,1.796435655615337135e-01
2.361447223007911295e-02,3.919554300642018041e-01,1.796435655615337135e-01
2.527745596576141604e-02,3.859269238419221759e-01,1.796435655615337135e-01
2.544362109329071156e-02,3.849836881744908568e-01,1.796435655615337135e-01
2.564437047249181964e-02,3.848196471888502002e-01,1.796435655615337135e-01
2.566910567058254197e-02,3.837123705357780024e-01,1.796435655615337135e-01
2.569056930719994247e-02,3.836098449197531401e-01,1.796435655615337135e-01
2.584720008494673441e-02,3.830151963468074738e-01,1.796435655615337135e-01
2.790030928801295884e-02,3.753257751449194934e-01,1.796435655615337135e-01
2.791465746343302010e-02,3.752847648985102036e-01,1.796435655615337135e-01
2.795546547966092088e-02,3.752847648985097040e-01,1.796435655615337135e-01
2.801023508162683515e-02,3.748541573112043612e-01,1.796435655615337135e-01
2.805416106595779585e-02,3.747106214487689324e-01,1.796435655615337135e-01
2.823652756709259595e-02,3.738699113973629196e-01,1.796435655615337135e-01
2.847691429513129341e-02,3.727011193746762041e-01,1.796435655615337135e-01
3.092919464798771570e-02,3.627561346202345383e-01,1.796435655615337135e-01
3.245556516745886494e-02,3.575068230797469049e-01,1.796435655615337135e-01
3.260439893872438266e-02,3.572402564780809420e-01,1.796435655615337135e-01
3.263785494957604366e-02,3.566456079051349981e-01,1.796435655615337135e-01
3.283037705752235580e-02,3.560714644553939490e-01,1.796435655615337135e-01
3.356731743543476393e-02,3.534263035619449878e-01,1.796435655615337135e-01
3.485999435917608996e-02,3.482590125142764892e-01,1.796435655615337135e-01
3.515102593091926075e-02,3.475003229556907214e-01,1.796435655615337135e-01
3.552113120996185092e-02,3.461879950705682996e-01,1.796435655615337135e-01
3.557836838064391827e-02,3.460239540849279205e-01,1.796435655615337135e-01
3.568412310146693023e-02,3.453472850191617871e-01,1.796435655615337135e-01
3.754941363631843915e-02,3.358534129752316355e-01,1.796435655615337135e-01
3.764737992374701109e-02,3.357508873592064957e-01,1.796435655615337135e-01
3.799566208015769941e-02,3.356278566199767388e-01,1.796435655615337135e-01
3.825125002857170109e-02,3.342130031188295103e-01,1.796435655615337135e-01
4.131200206122783575e-02,3.213973011156837090e-01,1.796435655615337135e-01
4.146315277863141940e-02,3.209871986515833164e-01,1.796435655615337135e-01
4.155488965078941999e-02,3.207206320499177976e-01,1.796435655615337135e-01
4.189179218745998218e-02,3.192442631791555518e-01,1.796435655615337135e-01
4.222962353268572278e-02,3.186906248526194529e-01,1.796435655615337135e-01
4.231042205275002688e-02,3.183420377581338001e-01,1.796435655615337135e-01
4.389226620338959606e-02,3.113908009916272479e-01,1.796435655615337135e-01
4.393552079974989005e-02,3.113702958684225752e-01,1.796435655615337135e-01
4.402377456312950299e-02,3.111447395131677340e-01,1.796435655615337135e-01
4.406147278179121940e-02,3.107756472954761318e-01,1.796435655615337135e-01
4.411919032718703698e-02,3.106321114330414246e-01,1.796435655615337135e-01
4.439324801071770771e-02,3.097914013816349676e-01,1.796435655615337135e-01
4.709780531137407189e-02,2.990057065757882881e-01,1.796435655615337135e-01
4.724336976886347322e-02,2.983700477564317777e-01,1.796435655615337135e-01
4.747748512351016720e-02,2.970372147481049052e-01,1.796435655615337135e-01
4.758218117130946778e-02,2.970167096248997329e-01,1.796435655615337135e-01
4.767169133722337637e-02,2.965861020375941681e-01,1.796435655615337135e-01
4.790316407393393344e-02,2.957043817397778662e-01,1.796435655615337135e-01
4.967133961471962428e-02,2.891837525605776560e-01,1.796435655615337135e-01
4.967634682491813697e-02,2.891427423141673114e-01,1.796435655615337135e-01
4.986146412557290741e-02,2.885891039876314346e-01,1.796435655615337135e-01
4.989918559978934881e-02,2.885480937412213676e-01,1.796435655615337135e-01
4.993423172775340868e-02,2.881584964003258698e-01,1.796435655615337135e-01
5.007811326256094570e-02,2.873998068417398244e-01,1.796435655615337135e-01
5.247731130726862592e-02,2.789311909580609039e-01,1.796435655615337135e-01
5.248237056811599216e-02,2.786236141099855956e-01,1.796435655615337135e-01
5.274300446762189565e-02,2.777829040585790832e-01,1.796435655615337135e-01
5.290814074595917571e-02,2.771062349928127277e-01,1.796435655615337135e-01
5.311376214710901433e-02,2.764705761734569389e-01,1.796435655615337135e-01
5.392624662670455343e-02,2.734358179391117027e-01,1.796435655615337135e-01
5.509358666311983677e-02,2.687196396019544964e-01,1.796435655615337135e-01
5.528496415319279073e-02,2.678174141809337994e-01,1.796435655615337135e-01
5.539243648114551555e-02,2.676328680720882480e-01,1.796435655615337135e-01
5.546843100170341379e-02,2.674688270864478690e-01,1.796435655615337135e-01
5.807948023936760490e-02,2.589592009563586039e-01,1.796435655615337135e-01
5.829687117655406314e-02,2.583645523834126601e-01,1.796435655615337135e-01
5.883900910431325015e-02,2.579749550425171623e-01,1.796435655615337135e-01
5.895003053524959513e-02,2.567856578966255521e-01,1.796435655615337135e-01
6.049056678144467541e-02,2.522745307915185697e-01,1.796435655615337135e-01
6.068012598762888288e-02,2.512697797544711786e-01,1.796435655615337135e-01
6.106032064210339255e-02,2.505315953190908052e-01,1.796435655615337135e-01
6.125676944143437774e-02,2.496498750212742257e-01,1.796435655615337135e-01
6.308620056380051522e-02,2.433342970741237121e-01,1.796435655615337135e-01
6.322744406483427060e-02,2.430472253492533263e-01,1.796435655615337135e-01
6.336985355436433598e-02,2.426166177619474840e-01,1.796435655615337135e-01
6.339988156644243977e-02,2.425345972691273222e-01,1.796435655615337135e-01
6.599929489207050082e-02,2.332457764572475889e-01,1.796435655615337135e-01
6.614947315144226181e-02,2.324255715290462765e-01,1.796435655615337135e-01
6.624437341852258687e-02,2.322205202969963300e-01,1.796435655615337135e-01
6.643444510034043904e-02,2.316258717240498588e-01,1.796435655615337135e-01
6.848482571060944546e-02,2.258639321034362213e-01,1.796435655615337135e-01
6.854332171362631509e-02,2.253923142697203119e-01,1.796435655615337135e-01
6.862440902932730180e-02,2.251257476680548486e-01,1.796435655615337135e-01
6.870282036385819135e-02,2.251052425448496763e-01,1.796435655615337135e-01
6.877892705501498227e-02,2.249206964360046246e-01,1.796435655615337135e-01
6.894359962842959433e-02,2.244490786022884654e-01,1.796435655615337135e-01
6.913702820473378863e-02,2.235263480580625406e-01,1.796435655615337135e-01
7.115043049173512546e-02,2.172517803573218720e-01,1.796435655615337135e-01
7.118106115812905532e-02,2.169852137556566585e-01,1.796435655615337135e-01
7.128833549284935289e-02,2.167391522771961176e-01,1.796435655615337135e-01
7.138857122873261407e-02,2.165751112915562659e-01,1.796435655615337135e-01
7.144947365955921226e-02,2.165341010451461712e-01,1.796435655615337135e-01
7.150757841459605413e-02,2.162675344434812075e-01,1.796435655615337135e-01
7.330998221414129767e-02,2.106081204388916550e-01,1.796435655615337135e-01
7.337993560624307687e-02,2.102185230979961572e-01,1.796435655615337135e-01
7.362520836836446148e-02,2.091522566913340264e-01,1.796435655615337135e-01
7.396737910877870803e-02,2.085165978719782653e-01,1.796435655615337135e-01
7.426342065848005880e-02,2.074503314653169117e-01,1.796435655615337135e-01
7.617397781488133290e-02,2.017909174607275813e-01,1.796435655615337135e-01
7.623549071333740601e-02,2.016678867214973248e-01,1.796435655615337135e-01
7.636742806071104839e-02,2.013398047502165944e-01,1.796435655615337135e-01
7.660992749727524309e-02,2.001300024811200340e-01,1.796435655615337135e-01
7.703782954876471634e-02,2.001094973579148617e-01,1.796435655615337135e-01
7.704408370763984881e-02,1.992482821833032047e-01,1.796435655615337135e-01
7.729789911501981636e-02,1.992072719368933598e-01,1.796435655615337135e-01
7.923373466045974256e-02,1.933017964538437661e-01,1.796435655615337135e-01
7.940879628455893569e-02,1.923380556632072469e-01,1.796435655615337135e-01
7.969602991275134829e-02,1.920099736919270439e-01,1.796435655615337135e-01
7.989221967470175323e-02,1.915793661046214513e-01,1.796435655615337135e-01
8.002428842434242129e-02,1.911077482709052644e-01,1.796435655615337135e-01
8.144536570150304189e-02,1.865351057961830150e-01,1.796435655615337135e-01
8.153356621606071275e-02,1.860429828392621554e-01,1.796435655615337135e-01
8.163381486170881440e-02,1.859609623464419936e-01,1.796435655615337135e-01
8.184001749115431268e-02,1.849152010629852849e-01,1.796435655615337135e-01
8.238412919586783623e-02,1.835413578082483732e-01,1.796435655615337135e-01
8.425351492419184962e-02,1.783945718837850747e-01,1.796435655615337135e-01
8.433080176491405955e-02,1.778204284340440533e-01,1.796435655615337135e-01
8.441343276877004420e-02,1.773693157235335660e-01,1.796435655615337135e-01
8.619873133999098047e-02,1.726531373863761099e-01,1.796435655615337135e-01
8.645320256949015625e-02,1.719559631974048042e-01,1.796435655615337135e-01
8.654313989509959670e-02,1.715663658565093341e-01,1.796435655615337135e-01
8.682228911726870557e-02,1.709307070371532955e-01,1.796435655615337135e-01
8.874913439407217108e-02,1.651072520469236138e-01,1.796435655615337135e-01
8.898796916498570575e-02,1.645946239667978594e-01,1.796435655615337135e-01
8.904828496948290206e-02,1.644100778579525579e-01,1.796435655615337135e-01
8.930478613794069764e-02,1.635488626833416781e-01,1.796435655615337135e-01
8.942650156074730128e-02,1.632412858352663698e-01,1.796435655615337135e-01
9.170953901497719274e-02,1.593658175495148988e-01,1.796435655615337135e-01
9.171460912582643510e-02,1.587916740997738774e-01,1.796435655615337135e-01
9.191491242528228300e-02,1.577254076931119964e-01,1.796435655615337135e-01
9.210257379025327262e-02,1.574793462146517053e-01,1.796435655615337135e-01
9.496628583577300386e-02,1.505896248177606700e-01,1.796435655615337135e-01
9.508847639592292456e-02,1.504050787089153962e-01,1.796435655615337135e-01
9.516032293481527238e-02,1.496873993967394456e-01,1.796435655615337135e-01
9.546350265608430363e-02,1.494208327950737047e-01,1.796435655615337135e-01
9.730103400019916859e-02,1.443970776098409403e-01,1.796435655615337135e-01
9.739090106710737715e-02,1.441100058849703047e-01,1.796435655615337135e-01
9.742807565519515101e-02,1.439254597761252807e-01,1.796435655615337135e-01
9.746347647180060580e-02,1.438639444065100137e-01,1.796435655615337135e-01
9.767709287625238324e-02,1.438229341600994193e-01,1.796435655615337135e-01
9.811533618849391236e-02,1.418544423324168136e-01,1.796435655615337135e-01
1.000531267461594320e-01,1.372407896112839421e-01,1.796435655615337135e-01
1.001934534741709126e-01,1.368922025167985390e-01,1.796435655615337135e-01
1.002001671735871374e-01,1.360104822189824869e-01,1.796435655615337135e-01
1.022552011970179198e-01,1.310892526497743071e-01,1.796435655615337135e-01
1.022951048827940718e-01,1.298384401342676797e-01,1.796435655615337135e-01
1.026082927125025329e-01,1.298179350110625074e-01,1.796435655615337135e-01
1.048596331528658804e-01,1.241995312528840489e-01,1.796435655615337135e-01
1.049060544894274694e-01,1.238509441583981463e-01,1.796435655615337135e-01
1.051574635413878717e-01,1.237279134191676122e-01,1.796435655615337135e-01
1.070163864099144685e-01,1.187861787267552871e-01,1.796435655615337135e-01
1.070553250989741967e-01,1.187041582339348478e-01,1.796435655615337135e-01
1.070797712613114072e-01,1.186426428643200942e-01,1.796435655615337135e-01
1.072170823228804359e-01,1.183145608930391141e-01,1.796435655615337135e-01
1.073836504807006709e-01,1.180274891681687283e-01,1.796435655615337135e-01
1.075811919469173289e-01,1.174328405952225207e-01,1.796435655615337135e-01
1.076246534478956518e-01,1.173508201024028585e-01,1.796435655615337135e-01
1.099765283077332040e-01,1.116709009746091469e-01,1.796435655615337135e-01
1.100042398861505594e-01,1.116503958514039746e-01,1.796435655615337135e-01
3.432215490552629200e-01,1.072417943623215630e-01,1.839986763506075429e-01
3.432392400422979439e-01,1.072622994855262218e-01,1.839606404485197577e-01
3.443091319447975085e-01,1.071802789927065458e-01,1.840937661058274222e-01
3.465915176203407388e-01,1.069752277606560997e-01,1.843029635673115729e-01
3.796168147231077095e-01,1.032432953373403212e-01,1.879353922167135704e-01
3.802547744392289486e-01,1.032227902141353987e-01,1.879924460698456923e-01
3.809535982320135794e-01,1.030177389820849526e-01,1.880114640208895571e-01
3.812500956162171994e-01,1.030382441052898612e-01,1.879353922167135704e-01
4.111356147537079675e-01,9.821954015210705713e-02,1.934125621173829468e-01
4.117129483790248901e-01,9.809650941287677284e-02,1.935266698236467187e-01
4.120724612568942291e-01,9.807600428967186423e-02,1.936217595788666257e-01
4.320793257662062792e-01,9.463114359122647146e-02,1.970069548646969371e-01
4.323474932246377245e-01,9.461063846802129917e-02,1.970830266688727017e-01
4.325160054237759955e-01,9.473366920725183327e-02,1.969689189626091519e-01
4.333325226514991857e-01,9.444659748238118380e-02,1.972732061793127101e-01
4.334384955412567408e-01,9.438508211276593063e-02,1.973682959345328392e-01
4.360488948010977084e-01,9.411851551110071712e-02,1.981290139762924840e-01
4.490665125713355632e-01,9.110426239996065323e-02,2.014381374579470030e-01
4.498901681050064272e-01,9.089921116791019329e-02,2.016283169683867893e-01
4.500092314397758919e-01,9.085820092150034832e-02,2.016853708215186891e-01
4.506427068896183274e-01,9.079668555188534496e-02,2.017804605767388182e-01
4.513433265251005078e-01,9.075567530547525019e-02,2.020657298423984838e-01
4.521085752780944489e-01,9.399548477187043283e-02,1.986615166055240855e-01
4.526847932964612742e-01,9.042759333419478351e-02,2.022368914017944053e-01
4.567951404834426077e-01,9.391346427904999350e-02,1.982431216825562559e-01
4.663431889846162970e-01,8.716727874459416492e-02,2.067061098971320066e-01
4.664140371647202410e-01,8.714677362138950611e-02,2.066490560440001345e-01
4.664255613395901223e-01,8.710576337497914767e-02,2.067061098971320066e-01
4.671115082622784853e-01,8.683919677331368436e-02,2.068392355544401429e-01
4.831748445896546507e-01,8.310726434999791967e-02,2.126397106228569978e-01
4.836278272198331063e-01,8.300473873397255786e-02,2.128108721822531413e-01
4.842778182275834231e-01,8.288170799474253725e-02,2.130581055458250495e-01
4.847818669412065073e-01,8.286120287153736497e-02,2.133243568604406004e-01
4.891389260842704534e-01,8.206150306654122484e-02,2.152261519648394350e-01
4.952295420134391057e-01,8.029806247090831572e-02,2.177555394536904443e-01
4.954081385678626992e-01,8.025705222449847076e-02,2.178696471599544660e-01
4.956469476865996704e-01,8.019553685488320371e-02,2.180408087193503597e-01
4.961563025860168952e-01,8.015452660847312283e-02,2.183260779850103028e-01
4.996698480943660425e-01,8.009301123885810558e-02,2.196573345580895009e-01
5.094564158544359067e-01,7.658663517079770944e-02,2.242786966617791589e-01
5.095000146091950288e-01,7.654562492438787835e-02,2.242977146128232735e-01
5.097114277359018342e-01,7.652511980118270607e-02,2.242786966617793809e-01
5.100161515983924199e-01,7.646360443156768882e-02,2.245069120743074242e-01
5.186738558666802446e-01,7.420804087901342050e-02,2.292423818842610761e-01
5.190764715189513101e-01,7.412602038619375833e-02,2.295086331988766271e-01
5.191964767522818658e-01,7.408501013978366356e-02,2.295276511499205196e-01
5.202770979129576201e-01,7.387995890773320362e-02,2.300030999260204434e-01
5.206875067368552656e-01,7.377743329170810549e-02,2.303264050937683660e-01
5.244743546979324655e-01,7.472066895913943851e-02,2.289761305696450255e-01
5.245851455143993869e-01,7.463864846631899919e-02,2.290141664717328107e-01
5.284050353200701045e-01,7.150136461594942816e-02,2.340539234983904926e-01
5.284874621730827338e-01,7.148085949274451956e-02,2.340919594004782500e-01
5.285000163481665680e-01,7.148085949274451956e-02,2.340729414494343852e-01
5.286446039143639641e-01,7.143984924633442479e-02,2.341109773515223647e-01
5.288527008031904675e-01,7.139883899992433003e-02,2.342250850577863863e-01
5.388597249857829397e-01,6.854862687442463132e-02,2.403298473429072712e-01
5.391456191251653429e-01,6.846660638160419199e-02,2.404059191470832857e-01
5.395856366090320266e-01,6.832307051916926277e-02,2.407102063637868439e-01
5.400049298465153802e-01,7.312126934914664478e-02,2.322282001981672006e-01
5.468967076617282652e-01,6.617003258264060606e-02,2.447990658382451223e-01
5.469294403628234269e-01,6.614952745943517010e-02,2.448371017403328798e-01
5.476565730432185752e-01,6.600599159700049068e-02,2.453886223206085959e-01
5.481976553271697972e-01,6.594447622738548731e-02,2.459591608519282047e-01
5.553386692268691416e-01,7.129631338389871842e-02,2.385041240426839793e-01
5.558263654425502631e-01,6.342234607316651895e-02,2.511700794379818080e-01
5.560986819119505542e-01,6.340184094996134667e-02,2.513412409973777017e-01
5.570370543891269843e-01,6.307375897868061632e-02,2.522350846964452331e-01
5.583520027539208286e-01,6.266365651457969643e-02,2.527485693746329143e-01
5.636618656568990193e-01,6.098223641176721971e-02,2.566472493386507403e-01
5.637504899998629915e-01,6.096173128856204743e-02,2.566662672896946051e-01
5.637939416530177716e-01,6.096173128856204743e-02,2.566472493386507403e-01
5.639259721755508492e-01,6.094122616535713188e-02,2.568374288490904989e-01
5.642726675413676229e-01,6.092072104215195266e-02,2.570276083595305350e-01
5.707466784804978710e-01,5.928031118574982744e-02,2.619912935820124522e-01
5.708097932048040724e-01,5.925980606254439842e-02,2.620293294840999598e-01
5.709497829430009164e-01,5.923930093933948288e-02,2.620673653861879671e-01
5.711430206899282824e-01,5.917778556972421583e-02,2.622385269455838608e-01
5.723259312629684903e-01,5.893172409126418154e-02,2.629992449873437277e-01
5.784577229104974627e-01,5.688121177076087970e-02,2.677156968462535147e-01
5.788152155217224371e-01,5.696323226358081249e-02,2.675635532379017079e-01
5.788154416778489297e-01,5.681969640114587633e-02,2.679248943077374157e-01
5.790570383588561354e-01,5.669666566191559898e-02,2.681150738181772297e-01
5.853212324991264870e-01,5.501524555910312225e-02,2.731167949427466546e-01
5.855093068946936041e-01,5.499474043589820671e-02,2.732309026490104542e-01
5.855146675079762053e-01,5.495373018948786215e-02,2.732309026490104542e-01
5.868007981158447350e-01,5.462564821820738159e-02,2.745051053689582243e-01
5.939741635004893716e-01,5.278018712975428989e-02,2.811613882343546034e-01
5.940162900958310122e-01,5.275968200654911067e-02,2.812184420874866975e-01
5.940506850379204673e-01,5.265715639052401253e-02,2.811423702833107385e-01
5.941016483754089084e-01,5.263665126731935373e-02,2.812184420874866975e-01
5.945329902631498742e-01,5.249311540488364736e-02,2.815227293041903112e-01
5.957525538435911594e-01,5.224705392642335633e-02,2.824926448074340790e-01
5.957722055003389361e-01,5.237008466565388348e-02,2.824736268563901587e-01
6.025813704934668280e-01,5.046310820758526799e-02,2.891679456238745449e-01
6.026256176313998791e-01,5.036058259156067640e-02,2.891489276728304025e-01
6.029801427476874087e-01,5.025805697553532153e-02,2.893961610364023107e-01
6.030189174711162448e-01,5.029906722194540936e-02,2.892820533301385666e-01
6.042779440319345774e-01,4.992997500425484791e-02,2.906893817073937791e-01
6.093057185865689007e-01,4.845360613349283113e-02,2.955579771746553175e-01
6.093919463597844421e-01,4.837158564067239180e-02,2.956340489788311099e-01
6.094255278207444393e-01,4.835108051746746932e-02,2.956911028319632595e-01
6.097948461067959069e-01,4.828956514785246595e-02,2.959953900486670397e-01
6.105420135875133658e-01,4.814602928541727306e-02,2.961094977549310614e-01
6.163318923724798726e-01,4.662865016824439823e-02,3.026326549630199980e-01
6.167636540565634151e-01,4.660814504503973249e-02,3.030320319349436575e-01
6.170773112611014355e-01,4.652612455221903642e-02,3.034504268579112374e-01
6.221811038512470304e-01,4.535733252953232791e-02,3.089846506117123193e-01
6.223236722408674870e-01,4.531632228312223315e-02,3.090607224158885558e-01
6.224192371623268327e-01,4.529581715991706087e-02,3.091177762690204278e-01
6.225226180076446347e-01,4.527531203671188859e-02,3.092889378284163215e-01
6.227747705815501744e-01,4.521379666709713502e-02,3.094791173388561356e-01
6.234248327057134720e-01,4.511127105107177321e-02,3.096312609472081645e-01
6.301783470531513442e-01,4.386045853556488211e-02,3.182083568680476593e-01
6.301895790893566884e-01,4.383995341235995963e-02,3.182083568680476593e-01
6.304179488281811405e-01,4.359389193389966860e-02,3.182083568680476593e-01
6.306367407551970450e-01,4.353237656428465829e-02,3.184555902316198450e-01
6.307166744590685381e-01,4.345035607146421897e-02,3.184746081826639319e-01
6.370062382215555541e-01,4.242509991121295315e-02,3.255683039220722552e-01
6.372893777359905920e-01,4.238408966480337881e-02,3.259486629429520499e-01
6.378645866402018472e-01,4.232257429518811176e-02,3.266903630336678299e-01
6.380436988485493899e-01,4.224055380236767243e-02,3.269566143482833809e-01
6.427278906680321535e-01,4.142034887416635308e-02,3.319393175218091629e-01
6.427490215234316073e-01,4.137933862775600158e-02,3.318442277665892837e-01
6.430570395340593493e-01,4.135883350455134277e-02,3.323196765426887356e-01
6.433375746102595327e-01,4.129731813493633247e-02,3.325859278573050082e-01
6.440242462302169235e-01,4.127681301173090345e-02,3.335368254095039675e-01
6.484176621205488544e-01,4.037458759070991499e-02,3.383673849746779427e-01
6.488763320002183255e-01,4.029256709788973240e-02,3.388047978486896650e-01
6.546173341044544403e-01,3.949286729289332859e-02,3.450617037421621069e-01
6.546638224211750456e-01,3.947236216968841305e-02,3.450997396442501142e-01
6.554219956750373388e-01,3.936983655366330798e-02,3.459745653922739472e-01
6.603462824947640142e-01,3.861114699507699893e-02,3.511284301251951789e-01
6.604373204250050255e-01,3.859064187187182665e-02,3.513186096356352150e-01
6.612049461993280142e-01,3.852912650225655961e-02,3.521934353836588816e-01
6.657461403214682827e-01,3.813952916136133242e-02,3.573282821655359709e-01
6.658141687338648973e-01,3.811902403815616014e-02,3.573853360186681205e-01
6.659881125213594766e-01,3.809851891495098786e-02,3.575374796270201494e-01
6.729655541745657166e-01,3.729881910995484079e-02,3.650685882404401394e-01
6.730997218106842261e-01,3.727831398674966851e-02,3.651826959467041056e-01
6.791479101593083101e-01,3.676568590662365049e-02,3.719721044694086487e-01
6.792308980093134663e-01,3.674518078341873495e-02,3.719721044694086487e-01
6.813212874283777198e-01,3.662215004418897107e-02,3.747106894197435589e-01
6.860358230277153746e-01,3.588396560880757757e-02,3.803209849777205998e-01
6.861212803794918269e-01,3.586346048560240529e-02,3.804160747329404790e-01
6.865668934785478239e-01,3.584295536239748281e-02,3.809675953132164450e-01
6.925829358835585703e-01,3.557638876073201950e-02,3.872815550598209811e-01
6.927362080390296883e-01,3.555588363752735376e-02,3.875097704723488024e-01
6.983894643380240685e-01,3.506376068060651496e-02,3.937476584147780456e-01
6.990960801155492454e-01,3.500224531099124792e-02,3.947556098201095987e-01
7.061997631176616386e-01,3.465365821650560202e-02,4.029903826221570839e-01
7.062126447438532573e-01,3.461264797009576399e-02,4.029903826221570839e-01
7.157553893357533337e-01,3.412052501317491826e-02,4.149526738288271677e-01
7.236006381012358712e-01,3.399749427394464785e-02,4.250702237842298170e-01
7.344024284198025221e-01,3.379244304189418791e-02,4.408741411017860212e-01
7.470331420818442369e-01,3.373092767227943434e-02,4.633343412847386045e-01
7.505435280624965788e-01,3.368991742586934651e-02,4.709795576044231158e-01
7.625230536502169976e-01,3.366941230266416729e-02,5.019217639529952590e-01
7.637730559744456693e-01,3.364890717945925175e-02,5.060486593295413504e-01
7.845755561837082226e-01,3.362840205625382273e-02,5.941968624184369441e-01
7.847766709756216486e-01,3.356688668663881242e-02,5.953569574321200264e-01
7.847785399263172978e-01,3.354638156343389688e-02,5.951667779216802678e-01
