policy_set,rank,scenario_name,scenario_index,mean_glacier_melt_2080_2099_mm3,period_A_SPI12_source_policy_index,period_A_SPI12_total_contracts_thousand_shares,period_A_SPI12_total_demand_restricted_mm3,period_A_SRI12_source_policy_index,period_A_SRI12_total_contracts_thousand_shares,period_A_SRI12_total_demand_restricted_mm3,period_B_SPI12_source_policy_index,period_B_SPI12_total_contracts_thousand_shares,period_B_SPI12_total_demand_restricted_mm3,period_B_SRI12_source_policy_index,period_B_SRI12_total_contracts_thousand_shares,period_B_SRI12_total_demand_restricted_mm3
cost_below_650M,1,ACCESS-CM2_ssp585_scen02_no_drought_pert,10,0.0,452,0.0,628.8410994954671,140,0.0,475.09013586177446,330,0.0,443.539309678434,693,0.0,864.5138167519865
cost_below_650M,2,CNRM-CM6-1_ssp370_scen01_no_drought_pert,18,0.0,452,0.0,508.8495626058729,140,0.0,576.6720363198752,330,0.0,642.5282118842822,693,0.0,728.2380780094092
cost_below_650M,3,CNRM-CM6-1_ssp370_scen02_no_drought_pert,19,0.0,452,0.0,650.9310341412995,140,0.0,741.556758156461,330,0.0,742.1547787378366,693,0.0,1243.255547063687
cost_below_650M,4,CNRM-CM6-1_ssp370_scen03_no_drought_pert,20,0.0,452,0.0,572.8888857627409,140,0.0,311.28487748504045,330,0.0,353.28374676431935,693,0.0,382.60591997107116
cost_below_650M,5,CNRM-CM6-1_ssp585_scen01_no_drought_pert,21,0.0,452,0.0,421.02113382309983,140,0.0,428.3214918627918,330,0.0,1017.7317526474545,693,0.0,1399.8400564590347
cost_below_650M,6,CNRM-CM6-1_ssp585_scen02_no_drought_pert,22,0.0,452,0.0,697.527900295035,140,0.0,602.0719301181327,330,0.0,831.3718443670422,693,0.0,1327.7713421319265
cost_below_650M,7,CNRM-CM6-1_ssp585_scen03_no_drought_pert,23,0.0,452,0.0,734.6345150641098,140,0.0,728.5925206442903,330,0.0,1053.1269638777537,693,0.0,1077.692498428803
cost_below_650M,8,MIROC6_ssp585_scen02_no_drought_pert,70,0.0,452,0.0,695.399932168724,140,0.0,646.0816553161148,330,0.0,514.5722904286736,693,0.0,1290.2635590272869
cost_below_650M,9,MIROC6_ssp585_scen03_no_drought_pert,71,0.0,452,0.0,1101.8720998557562,140,0.0,1257.925695290373,330,0.0,925.1432695627032,693,0.0,1248.7238771338466
cost_below_650M,10,MRI-ESM2-0_ssp585_scen01_no_drought_pert,93,0.0,452,0.0,933.0612841565476,140,0.0,1124.7118382090982,330,0.0,565.6650071832486,693,0.0,573.5127774742615
