climate_code,climate_variable,climate_label,quartile,group,scenario_count,rank_start,rank_end,metric_min,metric_max
P,precipitation,Precipitation,Q1,P_Q1,27,1,27,5.978350841169854,8.879541521405319
P,precipitation,Precipitation,Q2,P_Q2,27,28,54,8.931590581409818,10.083631221673134
P,precipitation,Precipitation,Q3,P_Q3,27,55,81,10.104296906958652,11.179522724203562
P,precipitation,Precipitation,Q4,P_Q4,27,82,108,11.281754817217632,14.043704065299218
T,temperature,Temperature,Q1,T_Q1,27,1,27,7.02688169373159,8.175693882615162
T,temperature,Temperature,Q2,T_Q2,27,28,54,8.176185797485017,9.075335409605623
T,temperature,Temperature,Q3,T_Q3,27,55,81,9.077453271413107,9.848179211133006
T,temperature,Temperature,Q4,T_Q4,27,82,108,9.996720699911661,11.89991484400997
S,streamflow,Streamflow,Q1,S_Q1,27,1,27,32.46715306233495,47.946040612785
S,streamflow,Streamflow,Q2,S_Q2,27,28,54,48.577955717005324,58.65485730534393
S,streamflow,Streamflow,Q3,S_Q3,27,55,81,59.1972070452073,77.00174810438722
S,streamflow,Streamflow,Q4,S_Q4,27,82,108,77.24079872361864,116.56620185460997
G,glacier,Glacier melt,Q1,G_Q1,27,1,27,0.0,2.2335945467781775
G,glacier,Glacier melt,Q2,G_Q2,27,28,54,2.2362268285743565,4.819235871548375
G,glacier,Glacier melt,Q3,G_Q3,27,55,81,4.871880125340332,11.88410817950479
G,glacier,Glacier melt,Q4,G_Q4,27,82,108,11.970713822259402,25.359949330674414
