scenario,temperature_source,precipitation_source,final_20yr_temperature_LBR_2375,final_20yr_precipitation_LBR_2375,final_20yr_streamflow,final_20yr_glacier_times_0pt017
ACCESS-CM2_ssp126_scen01_no_drought_pert,/home/groups/smfletch/keaniw/MAIPO_PYWR/data/knn_weap_transient_no_drought_pert/temp_transient_ACCESS-CM2_ssp126_scen01_1979_2099.csv,/home/groups/smfletch/keaniw/MAIPO_PYWR/data/knn_weap_transient_no_drought_pert/precip_transient_ACCESS-CM2_ssp126_scen01_1979_2099.csv,8.246758693119077,12.358682322930193,82.0719846896954,11.970713822259402
ACCESS-CM2_ssp126_scen02_no_drought_pert,/home/groups/smfletch/keaniw/MAIPO_PYWR/data/knn_weap_transient_no_drought_pert/temp_transient_ACCESS-CM2_ssp126_scen02_1979_2099.csv,/home/groups/smfletch/keaniw/MAIPO_PYWR/data/knn_weap_transient_no_drought_pert/precip_transient_ACCESS-CM2_ssp126_scen02_1979_2099.csv,8.332528674681495,10.965986592429935,80.83942289988211,12.934968554865998
ACCESS-CM2_ssp126_scen03_no_drought_pert,/home/groups/smfletch/keaniw/MAIPO_PYWR/data/knn_weap_transient_no_drought_pert/temp_transient_ACCESS-CM2_ssp126_scen03_1979_2099.csv,/home/groups/smfletch/keaniw/MAIPO_PYWR/data/knn_weap_transient_no_drought_pert/precip_transient_ACCESS-CM2_ssp126_scen03_1979_2099.csv,8.297780384257742,11.32652929422824,72.6548113357868,9.809554277269152
ACCESS-CM2_ssp245_scen01_no_drought_pert,/home/groups/smfletch/keaniw/MAIPO_PYWR/data/knn_weap_transient_no_drought_pert/temp_transient_ACCESS-CM2_ssp245_scen01_1979_2099.csv,/home/groups/smfletch/keaniw/MAIPO_PYWR/data/knn_weap_transient_no_drought_pert/precip_transient_ACCESS-CM2_ssp245_scen01_1979_2099.csv,9.254886974669269,10.710124358229361,63.10612924735439,5.397470828209733
ACCESS-CM2_ssp245_scen02_no_drought_pert,/home/groups/smfletch/keaniw/MAIPO_PYWR/data/knn_weap_transient_no_drought_pert/temp_transient_ACCESS-CM2_ssp245_scen02_1979_2099.csv,/home/groups/smfletch/keaniw/MAIPO_PYWR/data/knn_weap_transient_no_drought_pert/precip_transient_ACCESS-CM2_ssp245_scen02_1979_2099.csv,9.356907745148249,11.391082840364742,70.3582153792634,7.7431377452354795
ACCESS-CM2_ssp245_scen03_no_drought_pert,/home/groups/smfletch/keaniw/MAIPO_PYWR/data/knn_weap_transient_no_drought_pert/temp_transient_ACCESS-CM2_ssp245_scen03_1979_2099.csv,/home/groups/smfletch/keaniw/MAIPO_PYWR/data/knn_weap_transient_no_drought_pert/precip_transient_ACCESS-CM2_ssp245_scen03_1979_2099.csv,9.262255738535675,11.02360635633899,64.49297130789174,6.951010556413485
ACCESS-CM2_ssp370_scen01_no_drought_pert,/home/groups/smfletch/keaniw/MAIPO_PYWR/data/knn_weap_transient_no_drought_pert/temp_transient_ACCESS-CM2_ssp370_scen01_1979_2099.csv,/home/groups/smfletch/keaniw/MAIPO_PYWR/data/knn_weap_transient_no_drought_pert/precip_transient_ACCESS-CM2_ssp370_scen01_1979_2099.csv,10.298836347595163,12.420216575897523,53.061923932895944,0.6771364513580496
ACCESS-CM2_ssp370_scen02_no_drought_pert,/home/groups/smfletch/keaniw/MAIPO_PYWR/data/knn_weap_transient_no_drought_pert/temp_transient_ACCESS-CM2_ssp370_scen02_1979_2099.csv,/home/groups/smfletch/keaniw/MAIPO_PYWR/data/knn_weap_transient_no_drought_pert/precip_transient_ACCESS-CM2_ssp370_scen02_1979_2099.csv,10.549646671198808,12.403759837415452,59.97302899834677,1.494890760763309
ACCESS-CM2_ssp370_scen03_no_drought_pert,/home/groups/smfletch/keaniw/MAIPO_PYWR/data/knn_weap_transient_no_drought_pert/temp_transient_ACCESS-CM2_ssp370_scen03_1979_2099.csv,/home/groups/smfletch/keaniw/MAIPO_PYWR/data/knn_weap_transient_no_drought_pert/precip_transient_ACCESS-CM2_ssp370_scen03_1979_2099.csv,10.47256204779418,12.640756460733522,55.829337136426574,0.5447709680434089
ACCESS-CM2_ssp585_scen01_no_drought_pert,/home/groups/smfletch/keaniw/MAIPO_PYWR/data/knn_weap_transient_no_drought_pert/temp_transient_ACCESS-CM2_ssp585_scen01_1979_2099.csv,/home/groups/smfletch/keaniw/MAIPO_PYWR/data/knn_weap_transient_no_drought_pert/precip_transient_ACCESS-CM2_ssp585_scen01_1979_2099.csv,11.466518964204113,10.461902618271044,49.233932629678904,0.17839457080452947
ACCESS-CM2_ssp585_scen02_no_drought_pert,/home/groups/smfletch/keaniw/MAIPO_PYWR/data/knn_weap_transient_no_drought_pert/temp_transient_ACCESS-CM2_ssp585_scen02_1979_2099.csv,/home/groups/smfletch/keaniw/MAIPO_PYWR/data/knn_weap_transient_no_drought_pert/precip_transient_ACCESS-CM2_ssp585_scen02_1979_2099.csv,11.39175758901366,11.411448539584336,47.946040612785,8.345941191388671e-06
ACCESS-CM2_ssp585_scen03_no_drought_pert,/home/groups/smfletch/keaniw/MAIPO_PYWR/data/knn_weap_transient_no_drought_pert/temp_transient_ACCESS-CM2_ssp585_scen03_1979_2099.csv,/home/groups/smfletch/keaniw/MAIPO_PYWR/data/knn_weap_transient_no_drought_pert/precip_transient_ACCESS-CM2_ssp585_scen03_1979_2099.csv,11.478519648245916,10.283660932365674,46.79058886678721,0.17943747468257015
CNRM-CM6-1_ssp126_scen01_no_drought_pert,/home/groups/smfletch/keaniw/MAIPO_PYWR/data/knn_weap_transient_no_drought_pert/temp_transient_CNRM-CM6-1_ssp126_scen01_1979_2099.csv,/home/groups/smfletch/keaniw/MAIPO_PYWR/data/knn_weap_transient_no_drought_pert/precip_transient_CNRM-CM6-1_ssp126_scen01_1979_2099.csv,8.71311434784831,9.032486455125284,54.08449282126896,4.896177026094735
CNRM-CM6-1_ssp126_scen02_no_drought_pert,/home/groups/smfletch/keaniw/MAIPO_PYWR/data/knn_weap_transient_no_drought_pert/temp_transient_CNRM-CM6-1_ssp126_scen02_1979_2099.csv,/home/groups/smfletch/keaniw/MAIPO_PYWR/data/knn_weap_transient_no_drought_pert/precip_transient_CNRM-CM6-1_ssp126_scen02_1979_2099.csv,8.780253874714392,10.825320035649787,59.232185619069234,4.466606987506163
CNRM-CM6-1_ssp126_scen03_no_drought_pert,/home/groups/smfletch/keaniw/MAIPO_PYWR/data/knn_weap_transient_no_drought_pert/temp_transient_CNRM-CM6-1_ssp126_scen03_1979_2099.csv,/home/groups/smfletch/keaniw/MAIPO_PYWR/data/knn_weap_transient_no_drought_pert/precip_transient_CNRM-CM6-1_ssp126_scen03_1979_2099.csv,8.646819747180851,9.367849281436037,53.81224740243157,4.871880125340332
CNRM-CM6-1_ssp245_scen01_no_drought_pert,/home/groups/smfletch/keaniw/MAIPO_PYWR/data/knn_weap_transient_no_drought_pert/temp_transient_CNRM-CM6-1_ssp245_scen01_1979_2099.csv,/home/groups/smfletch/keaniw/MAIPO_PYWR/data/knn_weap_transient_no_drought_pert/precip_transient_CNRM-CM6-1_ssp245_scen01_1979_2099.csv,9.67399776220986,8.79184967420288,40.93014084508016,0.5094178810758313
CNRM-CM6-1_ssp245_scen02_no_drought_pert,/home/groups/smfletch/keaniw/MAIPO_PYWR/data/knn_weap_transient_no_drought_pert/temp_transient_CNRM-CM6-1_ssp245_scen02_1979_2099.csv,/home/groups/smfletch/keaniw/MAIPO_PYWR/data/knn_weap_transient_no_drought_pert/precip_transient_CNRM-CM6-1_ssp245_scen02_1979_2099.csv,9.808832208919025,8.879541521405319,43.0564199818998,0.8992352261126023
CNRM-CM6-1_ssp245_scen03_no_drought_pert,/home/groups/smfletch/keaniw/MAIPO_PYWR/data/knn_weap_transient_no_drought_pert/temp_transient_CNRM-CM6-1_ssp245_scen03_1979_2099.csv,/home/groups/smfletch/keaniw/MAIPO_PYWR/data/knn_weap_transient_no_drought_pert/precip_transient_CNRM-CM6-1_ssp245_scen03_1979_2099.csv,9.639740813266084,9.707310090462107,44.4775539133566,0.10246078999560877
CNRM-CM6-1_ssp370_scen01_no_drought_pert,/home/groups/smfletch/keaniw/MAIPO_PYWR/data/knn_weap_transient_no_drought_pert/temp_transient_CNRM-CM6-1_ssp370_scen01_1979_2099.csv,/home/groups/smfletch/keaniw/MAIPO_PYWR/data/knn_weap_transient_no_drought_pert/precip_transient_CNRM-CM6-1_ssp370_scen01_1979_2099.csv,10.804658200286681,8.519468709566967,41.089059636429084,0.0
CNRM-CM6-1_ssp370_scen02_no_drought_pert,/home/groups/smfletch/keaniw/MAIPO_PYWR/data/knn_weap_transient_no_drought_pert/temp_transient_CNRM-CM6-1_ssp370_scen02_1979_2099.csv,/home/groups/smfletch/keaniw/MAIPO_PYWR/data/knn_weap_transient_no_drought_pert/precip_transient_CNRM-CM6-1_ssp370_scen02_1979_2099.csv,10.670036555716425,8.364142099973082,38.82758683716181,0.0
CNRM-CM6-1_ssp370_scen03_no_drought_pert,/home/groups/smfletch/keaniw/MAIPO_PYWR/data/knn_weap_transient_no_drought_pert/temp_transient_CNRM-CM6-1_ssp370_scen03_1979_2099.csv,/home/groups/smfletch/keaniw/MAIPO_PYWR/data/knn_weap_transient_no_drought_pert/precip_transient_CNRM-CM6-1_ssp370_scen03_1979_2099.csv,10.755172151944569,8.973262241449602,44.00962961737135,0.0
CNRM-CM6-1_ssp585_scen01_no_drought_pert,/home/groups/smfletch/keaniw/MAIPO_PYWR/data/knn_weap_transient_no_drought_pert/temp_transient_CNRM-CM6-1_ssp585_scen01_1979_2099.csv,/home/groups/smfletch/keaniw/MAIPO_PYWR/data/knn_weap_transient_no_drought_pert/precip_transient_CNRM-CM6-1_ssp585_scen01_1979_2099.csv,11.89991484400997,6.798267195056925,34.08829421925719,0.0
CNRM-CM6-1_ssp585_scen02_no_drought_pert,/home/groups/smfletch/keaniw/MAIPO_PYWR/data/knn_weap_transient_no_drought_pert/temp_transient_CNRM-CM6-1_ssp585_scen02_1979_2099.csv,/home/groups/smfletch/keaniw/MAIPO_PYWR/data/knn_weap_transient_no_drought_pert/precip_transient_CNRM-CM6-1_ssp585_scen02_1979_2099.csv,11.807276078296882,6.905286538393545,35.628995277706714,0.0
CNRM-CM6-1_ssp585_scen03_no_drought_pert,/home/groups/smfletch/keaniw/MAIPO_PYWR/data/knn_weap_transient_no_drought_pert/temp_transient_CNRM-CM6-1_ssp585_scen03_1979_2099.csv,/home/groups/smfletch/keaniw/MAIPO_PYWR/data/knn_weap_transient_no_drought_pert/precip_transient_CNRM-CM6-1_ssp585_scen03_1979_2099.csv,11.817241263114113,6.952268490572161,35.80930654430048,0.0
INM-CM4-8_ssp126_scen01_no_drought_pert,/home/groups/smfletch/keaniw/MAIPO_PYWR/data/knn_weap_transient_no_drought_pert/temp_transient_INM-CM4-8_ssp126_scen01_1979_2099.csv,/home/groups/smfletch/keaniw/MAIPO_PYWR/data/knn_weap_transient_no_drought_pert/precip_transient_INM-CM4-8_ssp126_scen01_1979_2099.csv,7.310025290732029,12.665336121634583,116.56620185460997,25.359949330674414
INM-CM4-8_ssp126_scen02_no_drought_pert,/home/groups/smfletch/keaniw/MAIPO_PYWR/data/knn_weap_transient_no_drought_pert/temp_transient_INM-CM4-8_ssp126_scen02_1979_2099.csv,/home/groups/smfletch/keaniw/MAIPO_PYWR/data/knn_weap_transient_no_drought_pert/precip_transient_INM-CM4-8_ssp126_scen02_1979_2099.csv,7.361103830354421,12.791606897721504,100.86727913705175,19.7197460335644
INM-CM4-8_ssp126_scen03_no_drought_pert,/home/groups/smfletch/keaniw/MAIPO_PYWR/data/knn_weap_transient_no_drought_pert/temp_transient_INM-CM4-8_ssp126_scen03_1979_2099.csv,/home/groups/smfletch/keaniw/MAIPO_PYWR/data/knn_weap_transient_no_drought_pert/precip_transient_INM-CM4-8_ssp126_scen03_1979_2099.csv,7.380448391148506,11.48128929131136,111.6658746491533,25.229893172751904
INM-CM4-8_ssp245_scen01_no_drought_pert,/home/groups/smfletch/keaniw/MAIPO_PYWR/data/knn_weap_transient_no_drought_pert/temp_transient_INM-CM4-8_ssp245_scen01_1979_2099.csv,/home/groups/smfletch/keaniw/MAIPO_PYWR/data/knn_weap_transient_no_drought_pert/precip_transient_INM-CM4-8_ssp245_scen01_1979_2099.csv,8.072565181077598,10.282837983500702,94.90137873392696,19.18331668145145
INM-CM4-8_ssp245_scen02_no_drought_pert,/home/groups/smfletch/keaniw/MAIPO_PYWR/data/knn_weap_transient_no_drought_pert/temp_transient_INM-CM4-8_ssp245_scen02_1979_2099.csv,/home/groups/smfletch/keaniw/MAIPO_PYWR/data/knn_weap_transient_no_drought_pert/precip_transient_INM-CM4-8_ssp245_scen02_1979_2099.csv,8.237719815713508,10.780790966173678,98.60198629008549,20.078289600168656
INM-CM4-8_ssp245_scen03_no_drought_pert,/home/groups/smfletch/keaniw/MAIPO_PYWR/data/knn_weap_transient_no_drought_pert/temp_transient_INM-CM4-8_ssp245_scen03_1979_2099.csv,/home/groups/smfletch/keaniw/MAIPO_PYWR/data/knn_weap_transient_no_drought_pert/precip_transient_INM-CM4-8_ssp245_scen03_1979_2099.csv,7.961834268180253,11.174642044127479,104.50984718782584,23.792577862447157
INM-CM4-8_ssp370_scen01_no_drought_pert,/home/groups/smfletch/keaniw/MAIPO_PYWR/data/knn_weap_transient_no_drought_pert/temp_transient_INM-CM4-8_ssp370_scen01_1979_2099.csv,/home/groups/smfletch/keaniw/MAIPO_PYWR/data/knn_weap_transient_no_drought_pert/precip_transient_INM-CM4-8_ssp370_scen01_1979_2099.csv,8.942304142371452,8.06150642938115,62.9094329702788,9.94501864816599
INM-CM4-8_ssp370_scen02_no_drought_pert,/home/groups/smfletch/keaniw/MAIPO_PYWR/data/knn_weap_transient_no_drought_pert/temp_transient_INM-CM4-8_ssp370_scen02_1979_2099.csv,/home/groups/smfletch/keaniw/MAIPO_PYWR/data/knn_weap_transient_no_drought_pert/precip_transient_INM-CM4-8_ssp370_scen02_1979_2099.csv,9.17837256506455,8.66478815036564,77.00174810438722,14.643656739243353
INM-CM4-8_ssp370_scen03_no_drought_pert,/home/groups/smfletch/keaniw/MAIPO_PYWR/data/knn_weap_transient_no_drought_pert/temp_transient_INM-CM4-8_ssp370_scen03_1979_2099.csv,/home/groups/smfletch/keaniw/MAIPO_PYWR/data/knn_weap_transient_no_drought_pert/precip_transient_INM-CM4-8_ssp370_scen03_1979_2099.csv,8.981031132806189,9.152249165686568,69.60261744135542,11.452775709871093
INM-CM4-8_ssp585_scen01_no_drought_pert,/home/groups/smfletch/keaniw/MAIPO_PYWR/data/knn_weap_transient_no_drought_pert/temp_transient_INM-CM4-8_ssp585_scen01_1979_2099.csv,/home/groups/smfletch/keaniw/MAIPO_PYWR/data/knn_weap_transient_no_drought_pert/precip_transient_INM-CM4-8_ssp585_scen01_1979_2099.csv,9.530637047969458,9.3823527434557,50.70075964562565,3.3560187013451896
INM-CM4-8_ssp585_scen02_no_drought_pert,/home/groups/smfletch/keaniw/MAIPO_PYWR/data/knn_weap_transient_no_drought_pert/temp_transient_INM-CM4-8_ssp585_scen02_1979_2099.csv,/home/groups/smfletch/keaniw/MAIPO_PYWR/data/knn_weap_transient_no_drought_pert/precip_transient_INM-CM4-8_ssp585_scen02_1979_2099.csv,9.467274406170029,10.339273211823457,60.4630120587168,5.736733392805984
INM-CM4-8_ssp585_scen03_no_drought_pert,/home/groups/smfletch/keaniw/MAIPO_PYWR/data/knn_weap_transient_no_drought_pert/temp_transient_INM-CM4-8_ssp585_scen03_1979_2099.csv,/home/groups/smfletch/keaniw/MAIPO_PYWR/data/knn_weap_transient_no_drought_pert/precip_transient_INM-CM4-8_ssp585_scen03_1979_2099.csv,9.524586377473522,10.711231611188433,56.10068539287101,3.5070924041375364
INM-CM5-0_ssp126_scen01_no_drought_pert,/home/groups/smfletch/keaniw/MAIPO_PYWR/data/knn_weap_transient_no_drought_pert/temp_transient_INM-CM5-0_ssp126_scen01_1979_2099.csv,/home/groups/smfletch/keaniw/MAIPO_PYWR/data/knn_weap_transient_no_drought_pert/precip_transient_INM-CM5-0_ssp126_scen01_1979_2099.csv,7.094843298786187,12.610776639846494,101.62758955063248,19.709697804669894
INM-CM5-0_ssp126_scen02_no_drought_pert,/home/groups/smfletch/keaniw/MAIPO_PYWR/data/knn_weap_transient_no_drought_pert/temp_transient_INM-CM5-0_ssp126_scen02_1979_2099.csv,/home/groups/smfletch/keaniw/MAIPO_PYWR/data/knn_weap_transient_no_drought_pert/precip_transient_INM-CM5-0_ssp126_scen02_1979_2099.csv,7.120031726977159,9.911710930109043,92.01129795892001,19.37848475759706
INM-CM5-0_ssp126_scen03_no_drought_pert,/home/groups/smfletch/keaniw/MAIPO_PYWR/data/knn_weap_transient_no_drought_pert/temp_transient_INM-CM5-0_ssp126_scen03_1979_2099.csv,/home/groups/smfletch/keaniw/MAIPO_PYWR/data/knn_weap_transient_no_drought_pert/precip_transient_INM-CM5-0_ssp126_scen03_1979_2099.csv,7.02688169373159,9.778792965949718,96.75698637216438,21.41646387886946
INM-CM5-0_ssp245_scen01_no_drought_pert,/home/groups/smfletch/keaniw/MAIPO_PYWR/data/knn_weap_transient_no_drought_pert/temp_transient_INM-CM5-0_ssp245_scen01_1979_2099.csv,/home/groups/smfletch/keaniw/MAIPO_PYWR/data/knn_weap_transient_no_drought_pert/precip_transient_INM-CM5-0_ssp245_scen01_1979_2099.csv,7.8981925689643315,12.796197195135997,92.95424919381051,14.56206951474551
INM-CM5-0_ssp245_scen02_no_drought_pert,/home/groups/smfletch/keaniw/MAIPO_PYWR/data/knn_weap_transient_no_drought_pert/temp_transient_INM-CM5-0_ssp245_scen02_1979_2099.csv,/home/groups/smfletch/keaniw/MAIPO_PYWR/data/knn_weap_transient_no_drought_pert/precip_transient_INM-CM5-0_ssp245_scen02_1979_2099.csv,8.139098009696442,10.934263737044137,82.38150130272363,12.793117499233627
INM-CM5-0_ssp245_scen03_no_drought_pert,/home/groups/smfletch/keaniw/MAIPO_PYWR/data/knn_weap_transient_no_drought_pert/temp_transient_INM-CM5-0_ssp245_scen03_1979_2099.csv,/home/groups/smfletch/keaniw/MAIPO_PYWR/data/knn_weap_transient_no_drought_pert/precip_transient_INM-CM5-0_ssp245_scen03_1979_2099.csv,7.998972734523776,11.935746440322538,88.8594604003672,14.560083639245033
INM-CM5-0_ssp370_scen01_no_drought_pert,/home/groups/smfletch/keaniw/MAIPO_PYWR/data/knn_weap_transient_no_drought_pert/temp_transient_INM-CM5-0_ssp370_scen01_1979_2099.csv,/home/groups/smfletch/keaniw/MAIPO_PYWR/data/knn_weap_transient_no_drought_pert/precip_transient_INM-CM5-0_ssp370_scen01_1979_2099.csv,8.932643469126146,11.113615973233314,71.01923047502537,7.774884612975105
INM-CM5-0_ssp370_scen02_no_drought_pert,/home/groups/smfletch/keaniw/MAIPO_PYWR/data/knn_weap_transient_no_drought_pert/temp_transient_INM-CM5-0_ssp370_scen02_1979_2099.csv,/home/groups/smfletch/keaniw/MAIPO_PYWR/data/knn_weap_transient_no_drought_pert/precip_transient_INM-CM5-0_ssp370_scen02_1979_2099.csv,8.950609688609152,8.77110096760991,61.968533788318496,8.814158034755112
INM-CM5-0_ssp370_scen03_no_drought_pert,/home/groups/smfletch/keaniw/MAIPO_PYWR/data/knn_weap_transient_no_drought_pert/temp_transient_INM-CM5-0_ssp370_scen03_1979_2099.csv,/home/groups/smfletch/keaniw/MAIPO_PYWR/data/knn_weap_transient_no_drought_pert/precip_transient_INM-CM5-0_ssp370_scen03_1979_2099.csv,8.848020718964635,11.079721861809654,64.95959218759663,6.072542882132063
INM-CM5-0_ssp585_scen01_no_drought_pert,/home/groups/smfletch/keaniw/MAIPO_PYWR/data/knn_weap_transient_no_drought_pert/temp_transient_INM-CM5-0_ssp585_scen01_1979_2099.csv,/home/groups/smfletch/keaniw/MAIPO_PYWR/data/knn_weap_transient_no_drought_pert/precip_transient_INM-CM5-0_ssp585_scen01_1979_2099.csv,9.142373627498074,10.321561165397156,60.15547193459637,5.411296596858867
INM-CM5-0_ssp585_scen02_no_drought_pert,/home/groups/smfletch/keaniw/MAIPO_PYWR/data/knn_weap_transient_no_drought_pert/temp_transient_INM-CM5-0_ssp585_scen02_1979_2099.csv,/home/groups/smfletch/keaniw/MAIPO_PYWR/data/knn_weap_transient_no_drought_pert/precip_transient_INM-CM5-0_ssp585_scen02_1979_2099.csv,9.075335409605623,10.069621792897886,59.72422326001037,4.819235871548375
INM-CM5-0_ssp585_scen03_no_drought_pert,/home/groups/smfletch/keaniw/MAIPO_PYWR/data/knn_weap_transient_no_drought_pert/temp_transient_INM-CM5-0_ssp585_scen03_1979_2099.csv,/home/groups/smfletch/keaniw/MAIPO_PYWR/data/knn_weap_transient_no_drought_pert/precip_transient_INM-CM5-0_ssp585_scen03_1979_2099.csv,8.96740860287591,9.67414726082563,57.75685323143659,4.810807681653853
MIROC-ES2L_ssp126_scen01_no_drought_pert,/home/groups/smfletch/keaniw/MAIPO_PYWR/data/knn_weap_transient_no_drought_pert/temp_transient_MIROC-ES2L_ssp126_scen01_1979_2099.csv,/home/groups/smfletch/keaniw/MAIPO_PYWR/data/knn_weap_transient_no_drought_pert/precip_transient_MIROC-ES2L_ssp126_scen01_1979_2099.csv,7.271900469807009,10.608711975076464,84.5497160855364,16.10971781917163
MIROC-ES2L_ssp126_scen02_no_drought_pert,/home/groups/smfletch/keaniw/MAIPO_PYWR/data/knn_weap_transient_no_drought_pert/temp_transient_MIROC-ES2L_ssp126_scen02_1979_2099.csv,/home/groups/smfletch/keaniw/MAIPO_PYWR/data/knn_weap_transient_no_drought_pert/precip_transient_MIROC-ES2L_ssp126_scen02_1979_2099.csv,7.4107638701562575,12.050023454749743,89.71934318072577,15.453391696873263
MIROC-ES2L_ssp126_scen03_no_drought_pert,/home/groups/smfletch/keaniw/MAIPO_PYWR/data/knn_weap_transient_no_drought_pert/temp_transient_MIROC-ES2L_ssp126_scen03_1979_2099.csv,/home/groups/smfletch/keaniw/MAIPO_PYWR/data/knn_weap_transient_no_drought_pert/precip_transient_MIROC-ES2L_ssp126_scen03_1979_2099.csv,7.3763703466264285,12.236016940008158,93.03773874790043,16.712977282705193
MIROC-ES2L_ssp245_scen01_no_drought_pert,/home/groups/smfletch/keaniw/MAIPO_PYWR/data/knn_weap_transient_no_drought_pert/temp_transient_MIROC-ES2L_ssp245_scen01_1979_2099.csv,/home/groups/smfletch/keaniw/MAIPO_PYWR/data/knn_weap_transient_no_drought_pert/precip_transient_MIROC-ES2L_ssp245_scen01_1979_2099.csv,8.283247927606745,9.823362445289625,73.69646867925826,11.070219643712024
MIROC-ES2L_ssp245_scen02_no_drought_pert,/home/groups/smfletch/keaniw/MAIPO_PYWR/data/knn_weap_transient_no_drought_pert/temp_transient_MIROC-ES2L_ssp245_scen02_1979_2099.csv,/home/groups/smfletch/keaniw/MAIPO_PYWR/data/knn_weap_transient_no_drought_pert/precip_transient_MIROC-ES2L_ssp245_scen02_1979_2099.csv,8.176185797485017,9.589005548195697,77.24079872361864,13.594427405847526
MIROC-ES2L_ssp245_scen03_no_drought_pert,/home/groups/smfletch/keaniw/MAIPO_PYWR/data/knn_weap_transient_no_drought_pert/temp_transient_MIROC-ES2L_ssp245_scen03_1979_2099.csv,/home/groups/smfletch/keaniw/MAIPO_PYWR/data/knn_weap_transient_no_drought_pert/precip_transient_MIROC-ES2L_ssp245_scen03_1979_2099.csv,8.175693882615162,9.743124003695609,74.29796435926838,11.88410817950479
MIROC-ES2L_ssp370_scen01_no_drought_pert,/home/groups/smfletch/keaniw/MAIPO_PYWR/data/knn_weap_transient_no_drought_pert/temp_transient_MIROC-ES2L_ssp370_scen01_1979_2099.csv,/home/groups/smfletch/keaniw/MAIPO_PYWR/data/knn_weap_transient_no_drought_pert/precip_transient_MIROC-ES2L_ssp370_scen01_1979_2099.csv,9.2130840861356,9.728095431879554,64.38769590795356,8.350267095485686
MIROC-ES2L_ssp370_scen02_no_drought_pert,/home/groups/smfletch/keaniw/MAIPO_PYWR/data/knn_weap_transient_no_drought_pert/temp_transient_MIROC-ES2L_ssp370_scen02_1979_2099.csv,/home/groups/smfletch/keaniw/MAIPO_PYWR/data/knn_weap_transient_no_drought_pert/precip_transient_MIROC-ES2L_ssp370_scen02_1979_2099.csv,9.217176427183496,8.867273815982607,59.1972070452073,6.408552433607669
MIROC-ES2L_ssp370_scen03_no_drought_pert,/home/groups/smfletch/keaniw/MAIPO_PYWR/data/knn_weap_transient_no_drought_pert/temp_transient_MIROC-ES2L_ssp370_scen03_1979_2099.csv,/home/groups/smfletch/keaniw/MAIPO_PYWR/data/knn_weap_transient_no_drought_pert/precip_transient_MIROC-ES2L_ssp370_scen03_1979_2099.csv,9.318827111428988,8.860765984310733,60.17258123321102,6.375912833123232
MIROC-ES2L_ssp585_scen01_no_drought_pert,/home/groups/smfletch/keaniw/MAIPO_PYWR/data/knn_weap_transient_no_drought_pert/temp_transient_MIROC-ES2L_ssp585_scen01_1979_2099.csv,/home/groups/smfletch/keaniw/MAIPO_PYWR/data/knn_weap_transient_no_drought_pert/precip_transient_MIROC-ES2L_ssp585_scen01_1979_2099.csv,9.996720699911661,9.666576220650132,52.86795127446045,2.2632514283107406
MIROC-ES2L_ssp585_scen02_no_drought_pert,/home/groups/smfletch/keaniw/MAIPO_PYWR/data/knn_weap_transient_no_drought_pert/temp_transient_MIROC-ES2L_ssp585_scen02_1979_2099.csv,/home/groups/smfletch/keaniw/MAIPO_PYWR/data/knn_weap_transient_no_drought_pert/precip_transient_MIROC-ES2L_ssp585_scen02_1979_2099.csv,9.997834470352448,9.321046923083273,51.99449603015054,2.2362268285743565
MIROC-ES2L_ssp585_scen03_no_drought_pert,/home/groups/smfletch/keaniw/MAIPO_PYWR/data/knn_weap_transient_no_drought_pert/temp_transient_MIROC-ES2L_ssp585_scen03_1979_2099.csv,/home/groups/smfletch/keaniw/MAIPO_PYWR/data/knn_weap_transient_no_drought_pert/precip_transient_MIROC-ES2L_ssp585_scen03_1979_2099.csv,10.022787678523665,8.225438678382691,52.17201926287789,3.716771443251865
MIROC6_ssp126_scen01_no_drought_pert,/home/groups/smfletch/keaniw/MAIPO_PYWR/data/knn_weap_transient_no_drought_pert/temp_transient_MIROC6_ssp126_scen01_1979_2099.csv,/home/groups/smfletch/keaniw/MAIPO_PYWR/data/knn_weap_transient_no_drought_pert/precip_transient_MIROC6_ssp126_scen01_1979_2099.csv,7.595789537990567,11.179522724203562,75.5192296676531,9.88233901288422
MIROC6_ssp126_scen02_no_drought_pert,/home/groups/smfletch/keaniw/MAIPO_PYWR/data/knn_weap_transient_no_drought_pert/temp_transient_MIROC6_ssp126_scen02_1979_2099.csv,/home/groups/smfletch/keaniw/MAIPO_PYWR/data/knn_weap_transient_no_drought_pert/precip_transient_MIROC6_ssp126_scen02_1979_2099.csv,7.651144070603995,8.931590581409818,71.17640955165949,11.010729961122443
MIROC6_ssp126_scen03_no_drought_pert,/home/groups/smfletch/keaniw/MAIPO_PYWR/data/knn_weap_transient_no_drought_pert/temp_transient_MIROC6_ssp126_scen03_1979_2099.csv,/home/groups/smfletch/keaniw/MAIPO_PYWR/data/knn_weap_transient_no_drought_pert/precip_transient_MIROC6_ssp126_scen03_1979_2099.csv,7.61494912207381,9.626287630200338,69.65619883171505,9.779406409078112
MIROC6_ssp245_scen01_no_drought_pert,/home/groups/smfletch/keaniw/MAIPO_PYWR/data/knn_weap_transient_no_drought_pert/temp_transient_MIROC6_ssp245_scen01_1979_2099.csv,/home/groups/smfletch/keaniw/MAIPO_PYWR/data/knn_weap_transient_no_drought_pert/precip_transient_MIROC6_ssp245_scen01_1979_2099.csv,8.846326159362482,8.31639265414745,48.577955717005324,3.6696587432982195
MIROC6_ssp245_scen02_no_drought_pert,/home/groups/smfletch/keaniw/MAIPO_PYWR/data/knn_weap_transient_no_drought_pert/temp_transient_MIROC6_ssp245_scen02_1979_2099.csv,/home/groups/smfletch/keaniw/MAIPO_PYWR/data/knn_weap_transient_no_drought_pert/precip_transient_MIROC6_ssp245_scen02_1979_2099.csv,8.92611054493492,6.79823062313845,45.6403227710596,3.9389847428545455
MIROC6_ssp245_scen03_no_drought_pert,/home/groups/smfletch/keaniw/MAIPO_PYWR/data/knn_weap_transient_no_drought_pert/temp_transient_MIROC6_ssp245_scen03_1979_2099.csv,/home/groups/smfletch/keaniw/MAIPO_PYWR/data/knn_weap_transient_no_drought_pert/precip_transient_MIROC6_ssp245_scen03_1979_2099.csv,8.960176596382091,7.598896232092706,47.199437109668516,3.867674641073866
MIROC6_ssp370_scen01_no_drought_pert,/home/groups/smfletch/keaniw/MAIPO_PYWR/data/knn_weap_transient_no_drought_pert/temp_transient_MIROC6_ssp370_scen01_1979_2099.csv,/home/groups/smfletch/keaniw/MAIPO_PYWR/data/knn_weap_transient_no_drought_pert/precip_transient_MIROC6_ssp370_scen01_1979_2099.csv,9.57436811139304,7.078478365102942,41.923687401885545,2.1501495081760593
MIROC6_ssp370_scen02_no_drought_pert,/home/groups/smfletch/keaniw/MAIPO_PYWR/data/knn_weap_transient_no_drought_pert/temp_transient_MIROC6_ssp370_scen02_1979_2099.csv,/home/groups/smfletch/keaniw/MAIPO_PYWR/data/knn_weap_transient_no_drought_pert/precip_transient_MIROC6_ssp370_scen02_1979_2099.csv,9.450368157158808,7.2741911806985025,41.87098529562512,2.251797211000895
MIROC6_ssp370_scen03_no_drought_pert,/home/groups/smfletch/keaniw/MAIPO_PYWR/data/knn_weap_transient_no_drought_pert/temp_transient_MIROC6_ssp370_scen03_1979_2099.csv,/home/groups/smfletch/keaniw/MAIPO_PYWR/data/knn_weap_transient_no_drought_pert/precip_transient_MIROC6_ssp370_scen03_1979_2099.csv,9.613643163576043,7.33844147077288,47.08072693666674,3.919664233584811
MIROC6_ssp585_scen01_no_drought_pert,/home/groups/smfletch/keaniw/MAIPO_PYWR/data/knn_weap_transient_no_drought_pert/temp_transient_MIROC6_ssp585_scen01_1979_2099.csv,/home/groups/smfletch/keaniw/MAIPO_PYWR/data/knn_weap_transient_no_drought_pert/precip_transient_MIROC6_ssp585_scen01_1979_2099.csv,10.605422795104834,5.978350841169854,32.46715306233495,0.013781842972184495
MIROC6_ssp585_scen02_no_drought_pert,/home/groups/smfletch/keaniw/MAIPO_PYWR/data/knn_weap_transient_no_drought_pert/temp_transient_MIROC6_ssp585_scen02_1979_2099.csv,/home/groups/smfletch/keaniw/MAIPO_PYWR/data/knn_weap_transient_no_drought_pert/precip_transient_MIROC6_ssp585_scen02_1979_2099.csv,10.597980936927058,6.357580224028724,33.09135224773918,0.0
MIROC6_ssp585_scen03_no_drought_pert,/home/groups/smfletch/keaniw/MAIPO_PYWR/data/knn_weap_transient_no_drought_pert/temp_transient_MIROC6_ssp585_scen03_1979_2099.csv,/home/groups/smfletch/keaniw/MAIPO_PYWR/data/knn_weap_transient_no_drought_pert/precip_transient_MIROC6_ssp585_scen03_1979_2099.csv,10.749831252893898,6.631057613851125,35.11322037737339,0.0
MPI-ESM1-2-LR_ssp126_scen01_no_drought_pert,/home/groups/smfletch/keaniw/MAIPO_PYWR/data/knn_weap_transient_no_drought_pert/temp_transient_MPI-ESM1-2-LR_ssp126_scen01_1979_2099.csv,/home/groups/smfletch/keaniw/MAIPO_PYWR/data/knn_weap_transient_no_drought_pert/precip_transient_MPI-ESM1-2-LR_ssp126_scen01_1979_2099.csv,7.365005562010756,14.043704065299218,79.43625470854221,9.827753559002794
MPI-ESM1-2-LR_ssp126_scen02_no_drought_pert,/home/groups/smfletch/keaniw/MAIPO_PYWR/data/knn_weap_transient_no_drought_pert/temp_transient_MPI-ESM1-2-LR_ssp126_scen02_1979_2099.csv,/home/groups/smfletch/keaniw/MAIPO_PYWR/data/knn_weap_transient_no_drought_pert/precip_transient_MPI-ESM1-2-LR_ssp126_scen02_1979_2099.csv,7.496910296417559,12.073272068997817,82.75333680030717,13.155298172091298
MPI-ESM1-2-LR_ssp126_scen03_no_drought_pert,/home/groups/smfletch/keaniw/MAIPO_PYWR/data/knn_weap_transient_no_drought_pert/temp_transient_MPI-ESM1-2-LR_ssp126_scen03_1979_2099.csv,/home/groups/smfletch/keaniw/MAIPO_PYWR/data/knn_weap_transient_no_drought_pert/precip_transient_MPI-ESM1-2-LR_ssp126_scen03_1979_2099.csv,7.480357081206646,13.645613404800581,88.88420957355287,12.052270180857642
MPI-ESM1-2-LR_ssp245_scen01_no_drought_pert,/home/groups/smfletch/keaniw/MAIPO_PYWR/data/knn_weap_transient_no_drought_pert/temp_transient_MPI-ESM1-2-LR_ssp245_scen01_1979_2099.csv,/home/groups/smfletch/keaniw/MAIPO_PYWR/data/knn_weap_transient_no_drought_pert/precip_transient_MPI-ESM1-2-LR_ssp245_scen01_1979_2099.csv,8.253252544881025,11.784371907659068,56.99033913842967,2.9880219581440444
MPI-ESM1-2-LR_ssp245_scen02_no_drought_pert,/home/groups/smfletch/keaniw/MAIPO_PYWR/data/knn_weap_transient_no_drought_pert/temp_transient_MPI-ESM1-2-LR_ssp245_scen02_1979_2099.csv,/home/groups/smfletch/keaniw/MAIPO_PYWR/data/knn_weap_transient_no_drought_pert/precip_transient_MPI-ESM1-2-LR_ssp245_scen02_1979_2099.csv,8.341497511067002,9.751710634179805,54.2792870441342,4.27585772866683
MPI-ESM1-2-LR_ssp245_scen03_no_drought_pert,/home/groups/smfletch/keaniw/MAIPO_PYWR/data/knn_weap_transient_no_drought_pert/temp_transient_MPI-ESM1-2-LR_ssp245_scen03_1979_2099.csv,/home/groups/smfletch/keaniw/MAIPO_PYWR/data/knn_weap_transient_no_drought_pert/precip_transient_MPI-ESM1-2-LR_ssp245_scen03_1979_2099.csv,8.246724114335812,11.120744859939801,53.26650225122788,3.0757503310157674
MPI-ESM1-2-LR_ssp370_scen01_no_drought_pert,/home/groups/smfletch/keaniw/MAIPO_PYWR/data/knn_weap_transient_no_drought_pert/temp_transient_MPI-ESM1-2-LR_ssp370_scen01_1979_2099.csv,/home/groups/smfletch/keaniw/MAIPO_PYWR/data/knn_weap_transient_no_drought_pert/precip_transient_MPI-ESM1-2-LR_ssp370_scen01_1979_2099.csv,9.339906248788054,9.384948407752903,49.187301355411684,2.3650431509591714
MPI-ESM1-2-LR_ssp370_scen02_no_drought_pert,/home/groups/smfletch/keaniw/MAIPO_PYWR/data/knn_weap_transient_no_drought_pert/temp_transient_MPI-ESM1-2-LR_ssp370_scen02_1979_2099.csv,/home/groups/smfletch/keaniw/MAIPO_PYWR/data/knn_weap_transient_no_drought_pert/precip_transient_MPI-ESM1-2-LR_ssp370_scen02_1979_2099.csv,9.38224157447371,8.655536786789378,46.50281550860182,2.2335945467781775
MPI-ESM1-2-LR_ssp370_scen03_no_drought_pert,/home/groups/smfletch/keaniw/MAIPO_PYWR/data/knn_weap_transient_no_drought_pert/temp_transient_MPI-ESM1-2-LR_ssp370_scen03_1979_2099.csv,/home/groups/smfletch/keaniw/MAIPO_PYWR/data/knn_weap_transient_no_drought_pert/precip_transient_MPI-ESM1-2-LR_ssp370_scen03_1979_2099.csv,9.303175171474596,7.726520858686819,40.928869837255064,1.290265611506138
MPI-ESM1-2-LR_ssp585_scen01_no_drought_pert,/home/groups/smfletch/keaniw/MAIPO_PYWR/data/knn_weap_transient_no_drought_pert/temp_transient_MPI-ESM1-2-LR_ssp585_scen01_1979_2099.csv,/home/groups/smfletch/keaniw/MAIPO_PYWR/data/knn_weap_transient_no_drought_pert/precip_transient_MPI-ESM1-2-LR_ssp585_scen01_1979_2099.csv,10.143387101580055,8.503358818138803,37.6362354250285,0.4316319876774903
MPI-ESM1-2-LR_ssp585_scen02_no_drought_pert,/home/groups/smfletch/keaniw/MAIPO_PYWR/data/knn_weap_transient_no_drought_pert/temp_transient_MPI-ESM1-2-LR_ssp585_scen02_1979_2099.csv,/home/groups/smfletch/keaniw/MAIPO_PYWR/data/knn_weap_transient_no_drought_pert/precip_transient_MPI-ESM1-2-LR_ssp585_scen02_1979_2099.csv,10.238459983749987,8.13600218928824,38.526946010053805,0.14807431799462262
MPI-ESM1-2-LR_ssp585_scen03_no_drought_pert,/home/groups/smfletch/keaniw/MAIPO_PYWR/data/knn_weap_transient_no_drought_pert/temp_transient_MPI-ESM1-2-LR_ssp585_scen03_1979_2099.csv,/home/groups/smfletch/keaniw/MAIPO_PYWR/data/knn_weap_transient_no_drought_pert/precip_transient_MPI-ESM1-2-LR_ssp585_scen03_1979_2099.csv,10.267978939701932,8.861825164596267,42.166543714327,0.5183700808483893
MRI-ESM2-0_ssp126_scen01_no_drought_pert,/home/groups/smfletch/keaniw/MAIPO_PYWR/data/knn_weap_transient_no_drought_pert/temp_transient_MRI-ESM2-0_ssp126_scen01_1979_2099.csv,/home/groups/smfletch/keaniw/MAIPO_PYWR/data/knn_weap_transient_no_drought_pert/precip_transient_MRI-ESM2-0_ssp126_scen01_1979_2099.csv,7.847264367807904,12.653725984607076,87.3714070940926,13.843196690844637
MRI-ESM2-0_ssp126_scen02_no_drought_pert,/home/groups/smfletch/keaniw/MAIPO_PYWR/data/knn_weap_transient_no_drought_pert/temp_transient_MRI-ESM2-0_ssp126_scen02_1979_2099.csv,/home/groups/smfletch/keaniw/MAIPO_PYWR/data/knn_weap_transient_no_drought_pert/precip_transient_MRI-ESM2-0_ssp126_scen02_1979_2099.csv,7.856792561192155,13.402227648901551,98.40940323719934,17.217825485097265
MRI-ESM2-0_ssp126_scen03_no_drought_pert,/home/groups/smfletch/keaniw/MAIPO_PYWR/data/knn_weap_transient_no_drought_pert/temp_transient_MRI-ESM2-0_ssp126_scen03_1979_2099.csv,/home/groups/smfletch/keaniw/MAIPO_PYWR/data/knn_weap_transient_no_drought_pert/precip_transient_MRI-ESM2-0_ssp126_scen03_1979_2099.csv,7.8041337626635645,13.631053581887446,90.14990318292331,14.303784833494928
MRI-ESM2-0_ssp245_scen01_no_drought_pert,/home/groups/smfletch/keaniw/MAIPO_PYWR/data/knn_weap_transient_no_drought_pert/temp_transient_MRI-ESM2-0_ssp245_scen01_1979_2099.csv,/home/groups/smfletch/keaniw/MAIPO_PYWR/data/knn_weap_transient_no_drought_pert/precip_transient_MRI-ESM2-0_ssp245_scen01_1979_2099.csv,9.023955015013314,10.997398904913851,57.84187057004477,4.584644496240721
MRI-ESM2-0_ssp245_scen02_no_drought_pert,/home/groups/smfletch/keaniw/MAIPO_PYWR/data/knn_weap_transient_no_drought_pert/temp_transient_MRI-ESM2-0_ssp245_scen02_1979_2099.csv,/home/groups/smfletch/keaniw/MAIPO_PYWR/data/knn_weap_transient_no_drought_pert/precip_transient_MRI-ESM2-0_ssp245_scen02_1979_2099.csv,8.94840328916806,10.366872524955152,55.21459896932102,4.501246689386484
MRI-ESM2-0_ssp245_scen03_no_drought_pert,/home/groups/smfletch/keaniw/MAIPO_PYWR/data/knn_weap_transient_no_drought_pert/temp_transient_MRI-ESM2-0_ssp245_scen03_1979_2099.csv,/home/groups/smfletch/keaniw/MAIPO_PYWR/data/knn_weap_transient_no_drought_pert/precip_transient_MRI-ESM2-0_ssp245_scen03_1979_2099.csv,9.077453271413107,11.281754817217632,58.65485730534393,4.046548528199851
MRI-ESM2-0_ssp370_scen01_no_drought_pert,/home/groups/smfletch/keaniw/MAIPO_PYWR/data/knn_weap_transient_no_drought_pert/temp_transient_MRI-ESM2-0_ssp370_scen01_1979_2099.csv,/home/groups/smfletch/keaniw/MAIPO_PYWR/data/knn_weap_transient_no_drought_pert/precip_transient_MRI-ESM2-0_ssp370_scen01_1979_2099.csv,10.149374994439892,10.083631221673134,50.76593009739553,3.198408475621321
MRI-ESM2-0_ssp370_scen02_no_drought_pert,/home/groups/smfletch/keaniw/MAIPO_PYWR/data/knn_weap_transient_no_drought_pert/temp_transient_MRI-ESM2-0_ssp370_scen02_1979_2099.csv,/home/groups/smfletch/keaniw/MAIPO_PYWR/data/knn_weap_transient_no_drought_pert/precip_transient_MRI-ESM2-0_ssp370_scen02_1979_2099.csv,10.251260493235852,12.151264354342533,57.90706807825777,2.339066779022258
MRI-ESM2-0_ssp370_scen03_no_drought_pert,/home/groups/smfletch/keaniw/MAIPO_PYWR/data/knn_weap_transient_no_drought_pert/temp_transient_MRI-ESM2-0_ssp370_scen03_1979_2099.csv,/home/groups/smfletch/keaniw/MAIPO_PYWR/data/knn_weap_transient_no_drought_pert/precip_transient_MRI-ESM2-0_ssp370_scen03_1979_2099.csv,10.085718789561492,11.024263315638015,56.61572799520419,2.8496335598900537
MRI-ESM2-0_ssp585_scen01_no_drought_pert,/home/groups/smfletch/keaniw/MAIPO_PYWR/data/knn_weap_transient_no_drought_pert/temp_transient_MRI-ESM2-0_ssp585_scen01_1979_2099.csv,/home/groups/smfletch/keaniw/MAIPO_PYWR/data/knn_weap_transient_no_drought_pert/precip_transient_MRI-ESM2-0_ssp585_scen01_1979_2099.csv,11.036616638373527,9.582853385916174,44.08607519767427,0.0
MRI-ESM2-0_ssp585_scen02_no_drought_pert,/home/groups/smfletch/keaniw/MAIPO_PYWR/data/knn_weap_transient_no_drought_pert/temp_transient_MRI-ESM2-0_ssp585_scen02_1979_2099.csv,/home/groups/smfletch/keaniw/MAIPO_PYWR/data/knn_weap_transient_no_drought_pert/precip_transient_MRI-ESM2-0_ssp585_scen02_1979_2099.csv,11.183914133886757,9.159668327657625,44.55336787607449,0.0
MRI-ESM2-0_ssp585_scen03_no_drought_pert,/home/groups/smfletch/keaniw/MAIPO_PYWR/data/knn_weap_transient_no_drought_pert/temp_transient_MRI-ESM2-0_ssp585_scen03_1979_2099.csv,/home/groups/smfletch/keaniw/MAIPO_PYWR/data/knn_weap_transient_no_drought_pert/precip_transient_MRI-ESM2-0_ssp585_scen03_1979_2099.csv,11.123080925228416,9.147853512076422,41.182109192578125,0.0
NorESM2-MM_ssp126_scen01_no_drought_pert,/home/groups/smfletch/keaniw/MAIPO_PYWR/data/knn_weap_transient_no_drought_pert/temp_transient_NorESM2-MM_ssp126_scen01_1979_2099.csv,/home/groups/smfletch/keaniw/MAIPO_PYWR/data/knn_weap_transient_no_drought_pert/precip_transient_NorESM2-MM_ssp126_scen01_1979_2099.csv,7.279487183209604,12.492594070910016,95.41923749940588,17.905456802039495
NorESM2-MM_ssp126_scen02_no_drought_pert,/home/groups/smfletch/keaniw/MAIPO_PYWR/data/knn_weap_transient_no_drought_pert/temp_transient_NorESM2-MM_ssp126_scen02_1979_2099.csv,/home/groups/smfletch/keaniw/MAIPO_PYWR/data/knn_weap_transient_no_drought_pert/precip_transient_NorESM2-MM_ssp126_scen02_1979_2099.csv,7.385164338702115,9.579020950140134,86.85964363464173,17.72698086380846
NorESM2-MM_ssp126_scen03_no_drought_pert,/home/groups/smfletch/keaniw/MAIPO_PYWR/data/knn_weap_transient_no_drought_pert/temp_transient_NorESM2-MM_ssp126_scen03_1979_2099.csv,/home/groups/smfletch/keaniw/MAIPO_PYWR/data/knn_weap_transient_no_drought_pert/precip_transient_NorESM2-MM_ssp126_scen03_1979_2099.csv,7.385274926911055,10.104296906958652,86.94085365262285,17.114742950920395
NorESM2-MM_ssp245_scen01_no_drought_pert,/home/groups/smfletch/keaniw/MAIPO_PYWR/data/knn_weap_transient_no_drought_pert/temp_transient_NorESM2-MM_ssp245_scen01_1979_2099.csv,/home/groups/smfletch/keaniw/MAIPO_PYWR/data/knn_weap_transient_no_drought_pert/precip_transient_NorESM2-MM_ssp245_scen01_1979_2099.csv,8.184941583320006,10.792142996033864,67.71826922247266,7.883214292816991
NorESM2-MM_ssp245_scen02_no_drought_pert,/home/groups/smfletch/keaniw/MAIPO_PYWR/data/knn_weap_transient_no_drought_pert/temp_transient_NorESM2-MM_ssp245_scen02_1979_2099.csv,/home/groups/smfletch/keaniw/MAIPO_PYWR/data/knn_weap_transient_no_drought_pert/precip_transient_NorESM2-MM_ssp245_scen02_1979_2099.csv,8.302811032344506,11.149496794483444,65.71788617761737,6.636069292115391
NorESM2-MM_ssp245_scen03_no_drought_pert,/home/groups/smfletch/keaniw/MAIPO_PYWR/data/knn_weap_transient_no_drought_pert/temp_transient_NorESM2-MM_ssp245_scen03_1979_2099.csv,/home/groups/smfletch/keaniw/MAIPO_PYWR/data/knn_weap_transient_no_drought_pert/precip_transient_NorESM2-MM_ssp245_scen03_1979_2099.csv,8.325747637206739,11.072511096833667,61.54339681598807,5.570138909807239
NorESM2-MM_ssp370_scen01_no_drought_pert,/home/groups/smfletch/keaniw/MAIPO_PYWR/data/knn_weap_transient_no_drought_pert/temp_transient_NorESM2-MM_ssp370_scen01_1979_2099.csv,/home/groups/smfletch/keaniw/MAIPO_PYWR/data/knn_weap_transient_no_drought_pert/precip_transient_NorESM2-MM_ssp370_scen01_1979_2099.csv,9.173022814499879,9.326128075817632,53.41991703455794,4.358356922902163
NorESM2-MM_ssp370_scen02_no_drought_pert,/home/groups/smfletch/keaniw/MAIPO_PYWR/data/knn_weap_transient_no_drought_pert/temp_transient_NorESM2-MM_ssp370_scen02_1979_2099.csv,/home/groups/smfletch/keaniw/MAIPO_PYWR/data/knn_weap_transient_no_drought_pert/precip_transient_NorESM2-MM_ssp370_scen02_1979_2099.csv,9.19222883387119,9.849547189341617,57.653066364465346,4.88839866974065
NorESM2-MM_ssp370_scen03_no_drought_pert,/home/groups/smfletch/keaniw/MAIPO_PYWR/data/knn_weap_transient_no_drought_pert/temp_transient_NorESM2-MM_ssp370_scen03_1979_2099.csv,/home/groups/smfletch/keaniw/MAIPO_PYWR/data/knn_weap_transient_no_drought_pert/precip_transient_NorESM2-MM_ssp370_scen03_1979_2099.csv,9.13071651169154,11.808905708929661,57.312738112607754,3.7638557398606776
NorESM2-MM_ssp585_scen01_no_drought_pert,/home/groups/smfletch/keaniw/MAIPO_PYWR/data/knn_weap_transient_no_drought_pert/temp_transient_NorESM2-MM_ssp585_scen01_1979_2099.csv,/home/groups/smfletch/keaniw/MAIPO_PYWR/data/knn_weap_transient_no_drought_pert/precip_transient_NorESM2-MM_ssp585_scen01_1979_2099.csv,9.848179211133006,12.476342194059765,67.39669410413134,5.687978668406489
NorESM2-MM_ssp585_scen02_no_drought_pert,/home/groups/smfletch/keaniw/MAIPO_PYWR/data/knn_weap_transient_no_drought_pert/temp_transient_NorESM2-MM_ssp585_scen02_1979_2099.csv,/home/groups/smfletch/keaniw/MAIPO_PYWR/data/knn_weap_transient_no_drought_pert/precip_transient_NorESM2-MM_ssp585_scen02_1979_2099.csv,9.825645502055892,10.12634904244707,57.342230131821275,4.708617024593917
NorESM2-MM_ssp585_scen03_no_drought_pert,/home/groups/smfletch/keaniw/MAIPO_PYWR/data/knn_weap_transient_no_drought_pert/temp_transient_NorESM2-MM_ssp585_scen03_1979_2099.csv,/home/groups/smfletch/keaniw/MAIPO_PYWR/data/knn_weap_transient_no_drought_pert/precip_transient_NorESM2-MM_ssp585_scen03_1979_2099.csv,9.673530949331909,10.989970857281232,57.32775849427239,3.732303595682091
