climate_code,climate_variable,quartile,group,overall_rank,rank_within_quartile,scenario,metric_value
P,precipitation,Q1,P_Q1,1,1,MIROC6_ssp585_scen01_no_drought_pert,5.978350841169854
P,precipitation,Q1,P_Q1,2,2,MIROC6_ssp585_scen02_no_drought_pert,6.357580224028724
P,precipitation,Q1,P_Q1,3,3,MIROC6_ssp585_scen03_no_drought_pert,6.631057613851125
P,precipitation,Q1,P_Q1,4,4,MIROC6_ssp245_scen02_no_drought_pert,6.79823062313845
P,precipitation,Q1,P_Q1,5,5,CNRM-CM6-1_ssp585_scen01_no_drought_pert,6.798267195056925
P,precipitation,Q1,P_Q1,6,6,CNRM-CM6-1_ssp585_scen02_no_drought_pert,6.905286538393545
P,precipitation,Q1,P_Q1,7,7,CNRM-CM6-1_ssp585_scen03_no_drought_pert,6.952268490572161
P,precipitation,Q1,P_Q1,8,8,MIROC6_ssp370_scen01_no_drought_pert,7.078478365102942
P,precipitation,Q1,P_Q1,9,9,MIROC6_ssp370_scen02_no_drought_pert,7.2741911806985025
P,precipitation,Q1,P_Q1,10,10,MIROC6_ssp370_scen03_no_drought_pert,7.33844147077288
P,precipitation,Q1,P_Q1,11,11,MIROC6_ssp245_scen03_no_drought_pert,7.598896232092706
P,precipitation,Q1,P_Q1,12,12,MPI-ESM1-2-LR_ssp370_scen03_no_drought_pert,7.726520858686819
P,precipitation,Q1,P_Q1,13,13,INM-CM4-8_ssp370_scen01_no_drought_pert,8.06150642938115
P,precipitation,Q1,P_Q1,14,14,MPI-ESM1-2-LR_ssp585_scen02_no_drought_pert,8.13600218928824
P,precipitation,Q1,P_Q1,15,15,MIROC-ES2L_ssp585_scen03_no_drought_pert,8.225438678382691
P,precipitation,Q1,P_Q1,16,16,MIROC6_ssp245_scen01_no_drought_pert,8.31639265414745
P,precipitation,Q1,P_Q1,17,17,CNRM-CM6-1_ssp370_scen02_no_drought_pert,8.364142099973082
P,precipitation,Q1,P_Q1,18,18,MPI-ESM1-2-LR_ssp585_scen01_no_drought_pert,8.503358818138803
P,precipitation,Q1,P_Q1,19,19,CNRM-CM6-1_ssp370_scen01_no_drought_pert,8.519468709566967
P,precipitation,Q1,P_Q1,20,20,MPI-ESM1-2-LR_ssp370_scen02_no_drought_pert,8.655536786789378
P,precipitation,Q1,P_Q1,21,21,INM-CM4-8_ssp370_scen02_no_drought_pert,8.66478815036564
P,precipitation,Q1,P_Q1,22,22,INM-CM5-0_ssp370_scen02_no_drought_pert,8.77110096760991
P,precipitation,Q1,P_Q1,23,23,CNRM-CM6-1_ssp245_scen01_no_drought_pert,8.79184967420288
P,precipitation,Q1,P_Q1,24,24,MIROC-ES2L_ssp370_scen03_no_drought_pert,8.860765984310733
P,precipitation,Q1,P_Q1,25,25,MPI-ESM1-2-LR_ssp585_scen03_no_drought_pert,8.861825164596267
P,precipitation,Q1,P_Q1,26,26,MIROC-ES2L_ssp370_scen02_no_drought_pert,8.867273815982607
P,precipitation,Q1,P_Q1,27,27,CNRM-CM6-1_ssp245_scen02_no_drought_pert,8.879541521405319
P,precipitation,Q2,P_Q2,28,1,MIROC6_ssp126_scen02_no_drought_pert,8.931590581409818
P,precipitation,Q2,P_Q2,29,2,CNRM-CM6-1_ssp370_scen03_no_drought_pert,8.973262241449602
P,precipitation,Q2,P_Q2,30,3,CNRM-CM6-1_ssp126_scen01_no_drought_pert,9.032486455125284
P,precipitation,Q2,P_Q2,31,4,MRI-ESM2-0_ssp585_scen03_no_drought_pert,9.147853512076422
P,precipitation,Q2,P_Q2,32,5,INM-CM4-8_ssp370_scen03_no_drought_pert,9.152249165686568
P,precipitation,Q2,P_Q2,33,6,MRI-ESM2-0_ssp585_scen02_no_drought_pert,9.159668327657625
P,precipitation,Q2,P_Q2,34,7,MIROC-ES2L_ssp585_scen02_no_drought_pert,9.321046923083273
P,precipitation,Q2,P_Q2,35,8,NorESM2-MM_ssp370_scen01_no_drought_pert,9.326128075817632
P,precipitation,Q2,P_Q2,36,9,CNRM-CM6-1_ssp126_scen03_no_drought_pert,9.367849281436037
P,precipitation,Q2,P_Q2,37,10,INM-CM4-8_ssp585_scen01_no_drought_pert,9.3823527434557
P,precipitation,Q2,P_Q2,38,11,MPI-ESM1-2-LR_ssp370_scen01_no_drought_pert,9.384948407752903
P,precipitation,Q2,P_Q2,39,12,NorESM2-MM_ssp126_scen02_no_drought_pert,9.579020950140134
P,precipitation,Q2,P_Q2,40,13,MRI-ESM2-0_ssp585_scen01_no_drought_pert,9.582853385916174
P,precipitation,Q2,P_Q2,41,14,MIROC-ES2L_ssp245_scen02_no_drought_pert,9.589005548195697
P,precipitation,Q2,P_Q2,42,15,MIROC6_ssp126_scen03_no_drought_pert,9.626287630200338
P,precipitation,Q2,P_Q2,43,16,MIROC-ES2L_ssp585_scen01_no_drought_pert,9.666576220650132
P,precipitation,Q2,P_Q2,44,17,INM-CM5-0_ssp585_scen03_no_drought_pert,9.67414726082563
P,precipitation,Q2,P_Q2,45,18,CNRM-CM6-1_ssp245_scen03_no_drought_pert,9.707310090462107
P,precipitation,Q2,P_Q2,46,19,MIROC-ES2L_ssp370_scen01_no_drought_pert,9.728095431879554
P,precipitation,Q2,P_Q2,47,20,MIROC-ES2L_ssp245_scen03_no_drought_pert,9.743124003695609
P,precipitation,Q2,P_Q2,48,21,MPI-ESM1-2-LR_ssp245_scen02_no_drought_pert,9.751710634179805
P,precipitation,Q2,P_Q2,49,22,INM-CM5-0_ssp126_scen03_no_drought_pert,9.778792965949718
P,precipitation,Q2,P_Q2,50,23,MIROC-ES2L_ssp245_scen01_no_drought_pert,9.823362445289625
P,precipitation,Q2,P_Q2,51,24,NorESM2-MM_ssp370_scen02_no_drought_pert,9.849547189341617
P,precipitation,Q2,P_Q2,52,25,INM-CM5-0_ssp126_scen02_no_drought_pert,9.911710930109043
P,precipitation,Q2,P_Q2,53,26,INM-CM5-0_ssp585_scen02_no_drought_pert,10.069621792897886
P,precipitation,Q2,P_Q2,54,27,MRI-ESM2-0_ssp370_scen01_no_drought_pert,10.083631221673134
P,precipitation,Q3,P_Q3,55,1,NorESM2-MM_ssp126_scen03_no_drought_pert,10.104296906958652
P,precipitation,Q3,P_Q3,56,2,NorESM2-MM_ssp585_scen02_no_drought_pert,10.12634904244707
P,precipitation,Q3,P_Q3,57,3,INM-CM4-8_ssp245_scen01_no_drought_pert,10.282837983500702
P,precipitation,Q3,P_Q3,58,4,ACCESS-CM2_ssp585_scen03_no_drought_pert,10.283660932365674
P,precipitation,Q3,P_Q3,59,5,INM-CM5-0_ssp585_scen01_no_drought_pert,10.321561165397156
P,precipitation,Q3,P_Q3,60,6,INM-CM4-8_ssp585_scen02_no_drought_pert,10.339273211823457
P,precipitation,Q3,P_Q3,61,7,MRI-ESM2-0_ssp245_scen02_no_drought_pert,10.366872524955152
P,precipitation,Q3,P_Q3,62,8,ACCESS-CM2_ssp585_scen01_no_drought_pert,10.461902618271044
P,precipitation,Q3,P_Q3,63,9,MIROC-ES2L_ssp126_scen01_no_drought_pert,10.608711975076464
P,precipitation,Q3,P_Q3,64,10,ACCESS-CM2_ssp245_scen01_no_drought_pert,10.710124358229361
P,precipitation,Q3,P_Q3,65,11,INM-CM4-8_ssp585_scen03_no_drought_pert,10.711231611188433
P,precipitation,Q3,P_Q3,66,12,INM-CM4-8_ssp245_scen02_no_drought_pert,10.780790966173678
P,precipitation,Q3,P_Q3,67,13,NorESM2-MM_ssp245_scen01_no_drought_pert,10.792142996033864
P,precipitation,Q3,P_Q3,68,14,CNRM-CM6-1_ssp126_scen02_no_drought_pert,10.825320035649787
P,precipitation,Q3,P_Q3,69,15,INM-CM5-0_ssp245_scen02_no_drought_pert,10.934263737044137
P,precipitation,Q3,P_Q3,70,16,ACCESS-CM2_ssp126_scen02_no_drought_pert,10.965986592429935
P,precipitation,Q3,P_Q3,71,17,NorESM2-MM_ssp585_scen03_no_drought_pert,10.989970857281232
P,precipitation,Q3,P_Q3,72,18,MRI-ESM2-0_ssp245_scen01_no_drought_pert,10.997398904913851
P,precipitation,Q3,P_Q3,73,19,ACCESS-CM2_ssp245_scen03_no_drought_pert,11.02360635633899
P,precipitation,Q3,P_Q3,74,20,MRI-ESM2-0_ssp370_scen03_no_drought_pert,11.024263315638015
P,precipitation,Q3,P_Q3,75,21,NorESM2-MM_ssp245_scen03_no_drought_pert,11.072511096833667
P,precipitation,Q3,P_Q3,76,22,INM-CM5-0_ssp370_scen03_no_drought_pert,11.079721861809654
P,precipitation,Q3,P_Q3,77,23,INM-CM5-0_ssp370_scen01_no_drought_pert,11.113615973233314
P,precipitation,Q3,P_Q3,78,24,MPI-ESM1-2-LR_ssp245_scen03_no_drought_pert,11.120744859939801
P,precipitation,Q3,P_Q3,79,25,NorESM2-MM_ssp245_scen02_no_drought_pert,11.149496794483444
P,precipitation,Q3,P_Q3,80,26,INM-CM4-8_ssp245_scen03_no_drought_pert,11.174642044127479
P,precipitation,Q3,P_Q3,81,27,MIROC6_ssp126_scen01_no_drought_pert,11.179522724203562
P,precipitation,Q4,P_Q4,82,1,MRI-ESM2-0_ssp245_scen03_no_drought_pert,11.281754817217632
P,precipitation,Q4,P_Q4,83,2,ACCESS-CM2_ssp126_scen03_no_drought_pert,11.32652929422824
P,precipitation,Q4,P_Q4,84,3,ACCESS-CM2_ssp245_scen02_no_drought_pert,11.391082840364742
P,precipitation,Q4,P_Q4,85,4,ACCESS-CM2_ssp585_scen02_no_drought_pert,11.411448539584336
P,precipitation,Q4,P_Q4,86,5,INM-CM4-8_ssp126_scen03_no_drought_pert,11.48128929131136
P,precipitation,Q4,P_Q4,87,6,MPI-ESM1-2-LR_ssp245_scen01_no_drought_pert,11.784371907659068
P,precipitation,Q4,P_Q4,88,7,NorESM2-MM_ssp370_scen03_no_drought_pert,11.808905708929661
P,precipitation,Q4,P_Q4,89,8,INM-CM5-0_ssp245_scen03_no_drought_pert,11.935746440322538
P,precipitation,Q4,P_Q4,90,9,MIROC-ES2L_ssp126_scen02_no_drought_pert,12.050023454749743
P,precipitation,Q4,P_Q4,91,10,MPI-ESM1-2-LR_ssp126_scen02_no_drought_pert,12.073272068997817
P,precipitation,Q4,P_Q4,92,11,MRI-ESM2-0_ssp370_scen02_no_drought_pert,12.151264354342533
P,precipitation,Q4,P_Q4,93,12,MIROC-ES2L_ssp126_scen03_no_drought_pert,12.236016940008158
P,precipitation,Q4,P_Q4,94,13,ACCESS-CM2_ssp126_scen01_no_drought_pert,12.358682322930193
P,precipitation,Q4,P_Q4,95,14,ACCESS-CM2_ssp370_scen02_no_drought_pert,12.403759837415452
P,precipitation,Q4,P_Q4,96,15,ACCESS-CM2_ssp370_scen01_no_drought_pert,12.420216575897523
P,precipitation,Q4,P_Q4,97,16,NorESM2-MM_ssp585_scen01_no_drought_pert,12.476342194059765
P,precipitation,Q4,P_Q4,98,17,NorESM2-MM_ssp126_scen01_no_drought_pert,12.492594070910016
P,precipitation,Q4,P_Q4,99,18,INM-CM5-0_ssp126_scen01_no_drought_pert,12.610776639846494
P,precipitation,Q4,P_Q4,100,19,ACCESS-CM2_ssp370_scen03_no_drought_pert,12.640756460733522
P,precipitation,Q4,P_Q4,101,20,MRI-ESM2-0_ssp126_scen01_no_drought_pert,12.653725984607076
P,precipitation,Q4,P_Q4,102,21,INM-CM4-8_ssp126_scen01_no_drought_pert,12.665336121634583
P,precipitation,Q4,P_Q4,103,22,INM-CM4-8_ssp126_scen02_no_drought_pert,12.791606897721504
P,precipitation,Q4,P_Q4,104,23,INM-CM5-0_ssp245_scen01_no_drought_pert,12.796197195135997
P,precipitation,Q4,P_Q4,105,24,MRI-ESM2-0_ssp126_scen02_no_drought_pert,13.402227648901551
P,precipitation,Q4,P_Q4,106,25,MRI-ESM2-0_ssp126_scen03_no_drought_pert,13.631053581887446
P,precipitation,Q4,P_Q4,107,26,MPI-ESM1-2-LR_ssp126_scen03_no_drought_pert,13.645613404800581
P,precipitation,Q4,P_Q4,108,27,MPI-ESM1-2-LR_ssp126_scen01_no_drought_pert,14.043704065299218
T,temperature,Q1,T_Q1,1,1,INM-CM5-0_ssp126_scen03_no_drought_pert,7.02688169373159
T,temperature,Q1,T_Q1,2,2,INM-CM5-0_ssp126_scen01_no_drought_pert,7.094843298786187
T,temperature,Q1,T_Q1,3,3,INM-CM5-0_ssp126_scen02_no_drought_pert,7.120031726977159
T,temperature,Q1,T_Q1,4,4,MIROC-ES2L_ssp126_scen01_no_drought_pert,7.271900469807009
T,temperature,Q1,T_Q1,5,5,NorESM2-MM_ssp126_scen01_no_drought_pert,7.279487183209604
T,temperature,Q1,T_Q1,6,6,INM-CM4-8_ssp126_scen01_no_drought_pert,7.310025290732029
T,temperature,Q1,T_Q1,7,7,INM-CM4-8_ssp126_scen02_no_drought_pert,7.361103830354421
T,temperature,Q1,T_Q1,8,8,MPI-ESM1-2-LR_ssp126_scen01_no_drought_pert,7.365005562010756
T,temperature,Q1,T_Q1,9,9,MIROC-ES2L_ssp126_scen03_no_drought_pert,7.3763703466264285
T,temperature,Q1,T_Q1,10,10,INM-CM4-8_ssp126_scen03_no_drought_pert,7.380448391148506
T,temperature,Q1,T_Q1,11,11,NorESM2-MM_ssp126_scen02_no_drought_pert,7.385164338702115
T,temperature,Q1,T_Q1,12,12,NorESM2-MM_ssp126_scen03_no_drought_pert,7.385274926911055
T,temperature,Q1,T_Q1,13,13,MIROC-ES2L_ssp126_scen02_no_drought_pert,7.4107638701562575
T,temperature,Q1,T_Q1,14,14,MPI-ESM1-2-LR_ssp126_scen03_no_drought_pert,7.480357081206646
T,temperature,Q1,T_Q1,15,15,MPI-ESM1-2-LR_ssp126_scen02_no_drought_pert,7.496910296417559
T,temperature,Q1,T_Q1,16,16,MIROC6_ssp126_scen01_no_drought_pert,7.595789537990567
T,temperature,Q1,T_Q1,17,17,MIROC6_ssp126_scen03_no_drought_pert,7.61494912207381
T,temperature,Q1,T_Q1,18,18,MIROC6_ssp126_scen02_no_drought_pert,7.651144070603995
T,temperature,Q1,T_Q1,19,19,MRI-ESM2-0_ssp126_scen03_no_drought_pert,7.8041337626635645
T,temperature,Q1,T_Q1,20,20,MRI-ESM2-0_ssp126_scen01_no_drought_pert,7.847264367807904
T,temperature,Q1,T_Q1,21,21,MRI-ESM2-0_ssp126_scen02_no_drought_pert,7.856792561192155
T,temperature,Q1,T_Q1,22,22,INM-CM5-0_ssp245_scen01_no_drought_pert,7.8981925689643315
T,temperature,Q1,T_Q1,23,23,INM-CM4-8_ssp245_scen03_no_drought_pert,7.961834268180253
T,temperature,Q1,T_Q1,24,24,INM-CM5-0_ssp245_scen03_no_drought_pert,7.998972734523776
T,temperature,Q1,T_Q1,25,25,INM-CM4-8_ssp245_scen01_no_drought_pert,8.072565181077598
T,temperature,Q1,T_Q1,26,26,INM-CM5-0_ssp245_scen02_no_drought_pert,8.139098009696442
T,temperature,Q1,T_Q1,27,27,MIROC-ES2L_ssp245_scen03_no_drought_pert,8.175693882615162
T,temperature,Q2,T_Q2,28,1,MIROC-ES2L_ssp245_scen02_no_drought_pert,8.176185797485017
T,temperature,Q2,T_Q2,29,2,NorESM2-MM_ssp245_scen01_no_drought_pert,8.184941583320006
T,temperature,Q2,T_Q2,30,3,INM-CM4-8_ssp245_scen02_no_drought_pert,8.237719815713508
T,temperature,Q2,T_Q2,31,4,MPI-ESM1-2-LR_ssp245_scen03_no_drought_pert,8.246724114335812
T,temperature,Q2,T_Q2,32,5,ACCESS-CM2_ssp126_scen01_no_drought_pert,8.246758693119077
T,temperature,Q2,T_Q2,33,6,MPI-ESM1-2-LR_ssp245_scen01_no_drought_pert,8.253252544881025
T,temperature,Q2,T_Q2,34,7,MIROC-ES2L_ssp245_scen01_no_drought_pert,8.283247927606745
T,temperature,Q2,T_Q2,35,8,ACCESS-CM2_ssp126_scen03_no_drought_pert,8.297780384257742
T,temperature,Q2,T_Q2,36,9,NorESM2-MM_ssp245_scen02_no_drought_pert,8.302811032344506
T,temperature,Q2,T_Q2,37,10,NorESM2-MM_ssp245_scen03_no_drought_pert,8.325747637206739
T,temperature,Q2,T_Q2,38,11,ACCESS-CM2_ssp126_scen02_no_drought_pert,8.332528674681495
T,temperature,Q2,T_Q2,39,12,MPI-ESM1-2-LR_ssp245_scen02_no_drought_pert,8.341497511067002
T,temperature,Q2,T_Q2,40,13,CNRM-CM6-1_ssp126_scen03_no_drought_pert,8.646819747180851
T,temperature,Q2,T_Q2,41,14,CNRM-CM6-1_ssp126_scen01_no_drought_pert,8.71311434784831
T,temperature,Q2,T_Q2,42,15,CNRM-CM6-1_ssp126_scen02_no_drought_pert,8.780253874714392
T,temperature,Q2,T_Q2,43,16,MIROC6_ssp245_scen01_no_drought_pert,8.846326159362482
T,temperature,Q2,T_Q2,44,17,INM-CM5-0_ssp370_scen03_no_drought_pert,8.848020718964635
T,temperature,Q2,T_Q2,45,18,MIROC6_ssp245_scen02_no_drought_pert,8.92611054493492
T,temperature,Q2,T_Q2,46,19,INM-CM5-0_ssp370_scen01_no_drought_pert,8.932643469126146
T,temperature,Q2,T_Q2,47,20,INM-CM4-8_ssp370_scen01_no_drought_pert,8.942304142371452
T,temperature,Q2,T_Q2,48,21,MRI-ESM2-0_ssp245_scen02_no_drought_pert,8.94840328916806
T,temperature,Q2,T_Q2,49,22,INM-CM5-0_ssp370_scen02_no_drought_pert,8.950609688609152
T,temperature,Q2,T_Q2,50,23,MIROC6_ssp245_scen03_no_drought_pert,8.960176596382091
T,temperature,Q2,T_Q2,51,24,INM-CM5-0_ssp585_scen03_no_drought_pert,8.96740860287591
T,temperature,Q2,T_Q2,52,25,INM-CM4-8_ssp370_scen03_no_drought_pert,8.981031132806189
T,temperature,Q2,T_Q2,53,26,MRI-ESM2-0_ssp245_scen01_no_drought_pert,9.023955015013314
T,temperature,Q2,T_Q2,54,27,INM-CM5-0_ssp585_scen02_no_drought_pert,9.075335409605623
T,temperature,Q3,T_Q3,55,1,MRI-ESM2-0_ssp245_scen03_no_drought_pert,9.077453271413107
T,temperature,Q3,T_Q3,56,2,NorESM2-MM_ssp370_scen03_no_drought_pert,9.13071651169154
T,temperature,Q3,T_Q3,57,3,INM-CM5-0_ssp585_scen01_no_drought_pert,9.142373627498074
T,temperature,Q3,T_Q3,58,4,NorESM2-MM_ssp370_scen01_no_drought_pert,9.173022814499879
T,temperature,Q3,T_Q3,59,5,INM-CM4-8_ssp370_scen02_no_drought_pert,9.17837256506455
T,temperature,Q3,T_Q3,60,6,NorESM2-MM_ssp370_scen02_no_drought_pert,9.19222883387119
T,temperature,Q3,T_Q3,61,7,MIROC-ES2L_ssp370_scen01_no_drought_pert,9.2130840861356
T,temperature,Q3,T_Q3,62,8,MIROC-ES2L_ssp370_scen02_no_drought_pert,9.217176427183496
T,temperature,Q3,T_Q3,63,9,ACCESS-CM2_ssp245_scen01_no_drought_pert,9.254886974669269
T,temperature,Q3,T_Q3,64,10,ACCESS-CM2_ssp245_scen03_no_drought_pert,9.262255738535675
T,temperature,Q3,T_Q3,65,11,MPI-ESM1-2-LR_ssp370_scen03_no_drought_pert,9.303175171474596
T,temperature,Q3,T_Q3,66,12,MIROC-ES2L_ssp370_scen03_no_drought_pert,9.318827111428988
T,temperature,Q3,T_Q3,67,13,MPI-ESM1-2-LR_ssp370_scen01_no_drought_pert,9.339906248788054
T,temperature,Q3,T_Q3,68,14,ACCESS-CM2_ssp245_scen02_no_drought_pert,9.356907745148249
T,temperature,Q3,T_Q3,69,15,MPI-ESM1-2-LR_ssp370_scen02_no_drought_pert,9.38224157447371
T,temperature,Q3,T_Q3,70,16,MIROC6_ssp370_scen02_no_drought_pert,9.450368157158808
T,temperature,Q3,T_Q3,71,17,INM-CM4-8_ssp585_scen02_no_drought_pert,9.467274406170029
T,temperature,Q3,T_Q3,72,18,INM-CM4-8_ssp585_scen03_no_drought_pert,9.524586377473522
T,temperature,Q3,T_Q3,73,19,INM-CM4-8_ssp585_scen01_no_drought_pert,9.530637047969458
T,temperature,Q3,T_Q3,74,20,MIROC6_ssp370_scen01_no_drought_pert,9.57436811139304
T,temperature,Q3,T_Q3,75,21,MIROC6_ssp370_scen03_no_drought_pert,9.613643163576043
T,temperature,Q3,T_Q3,76,22,CNRM-CM6-1_ssp245_scen03_no_drought_pert,9.639740813266084
T,temperature,Q3,T_Q3,77,23,NorESM2-MM_ssp585_scen03_no_drought_pert,9.673530949331909
T,temperature,Q3,T_Q3,78,24,CNRM-CM6-1_ssp245_scen01_no_drought_pert,9.67399776220986
T,temperature,Q3,T_Q3,79,25,CNRM-CM6-1_ssp245_scen02_no_drought_pert,9.808832208919025
T,temperature,Q3,T_Q3,80,26,NorESM2-MM_ssp585_scen02_no_drought_pert,9.825645502055892
T,temperature,Q3,T_Q3,81,27,NorESM2-MM_ssp585_scen01_no_drought_pert,9.848179211133006
T,temperature,Q4,T_Q4,82,1,MIROC-ES2L_ssp585_scen01_no_drought_pert,9.996720699911661
T,temperature,Q4,T_Q4,83,2,MIROC-ES2L_ssp585_scen02_no_drought_pert,9.997834470352448
T,temperature,Q4,T_Q4,84,3,MIROC-ES2L_ssp585_scen03_no_drought_pert,10.022787678523665
T,temperature,Q4,T_Q4,85,4,MRI-ESM2-0_ssp370_scen03_no_drought_pert,10.085718789561492
T,temperature,Q4,T_Q4,86,5,MPI-ESM1-2-LR_ssp585_scen01_no_drought_pert,10.143387101580055
T,temperature,Q4,T_Q4,87,6,MRI-ESM2-0_ssp370_scen01_no_drought_pert,10.149374994439892
T,temperature,Q4,T_Q4,88,7,MPI-ESM1-2-LR_ssp585_scen02_no_drought_pert,10.238459983749987
T,temperature,Q4,T_Q4,89,8,MRI-ESM2-0_ssp370_scen02_no_drought_pert,10.251260493235852
T,temperature,Q4,T_Q4,90,9,MPI-ESM1-2-LR_ssp585_scen03_no_drought_pert,10.267978939701932
T,temperature,Q4,T_Q4,91,10,ACCESS-CM2_ssp370_scen01_no_drought_pert,10.298836347595163
T,temperature,Q4,T_Q4,92,11,ACCESS-CM2_ssp370_scen03_no_drought_pert,10.47256204779418
T,temperature,Q4,T_Q4,93,12,ACCESS-CM2_ssp370_scen02_no_drought_pert,10.549646671198808
T,temperature,Q4,T_Q4,94,13,MIROC6_ssp585_scen02_no_drought_pert,10.597980936927058
T,temperature,Q4,T_Q4,95,14,MIROC6_ssp585_scen01_no_drought_pert,10.605422795104834
T,temperature,Q4,T_Q4,96,15,CNRM-CM6-1_ssp370_scen02_no_drought_pert,10.670036555716425
T,temperature,Q4,T_Q4,97,16,MIROC6_ssp585_scen03_no_drought_pert,10.749831252893898
T,temperature,Q4,T_Q4,98,17,CNRM-CM6-1_ssp370_scen03_no_drought_pert,10.755172151944569
T,temperature,Q4,T_Q4,99,18,CNRM-CM6-1_ssp370_scen01_no_drought_pert,10.804658200286681
T,temperature,Q4,T_Q4,100,19,MRI-ESM2-0_ssp585_scen01_no_drought_pert,11.036616638373527
T,temperature,Q4,T_Q4,101,20,MRI-ESM2-0_ssp585_scen03_no_drought_pert,11.123080925228416
T,temperature,Q4,T_Q4,102,21,MRI-ESM2-0_ssp585_scen02_no_drought_pert,11.183914133886757
T,temperature,Q4,T_Q4,103,22,ACCESS-CM2_ssp585_scen02_no_drought_pert,11.39175758901366
T,temperature,Q4,T_Q4,104,23,ACCESS-CM2_ssp585_scen01_no_drought_pert,11.466518964204113
T,temperature,Q4,T_Q4,105,24,ACCESS-CM2_ssp585_scen03_no_drought_pert,11.478519648245916
T,temperature,Q4,T_Q4,106,25,CNRM-CM6-1_ssp585_scen02_no_drought_pert,11.807276078296882
T,temperature,Q4,T_Q4,107,26,CNRM-CM6-1_ssp585_scen03_no_drought_pert,11.817241263114113
T,temperature,Q4,T_Q4,108,27,CNRM-CM6-1_ssp585_scen01_no_drought_pert,11.89991484400997
S,streamflow,Q1,S_Q1,1,1,MIROC6_ssp585_scen01_no_drought_pert,32.46715306233495
S,streamflow,Q1,S_Q1,2,2,MIROC6_ssp585_scen02_no_drought_pert,33.09135224773918
S,streamflow,Q1,S_Q1,3,3,CNRM-CM6-1_ssp585_scen01_no_drought_pert,34.08829421925719
S,streamflow,Q1,S_Q1,4,4,MIROC6_ssp585_scen03_no_drought_pert,35.11322037737339
S,streamflow,Q1,S_Q1,5,5,CNRM-CM6-1_ssp585_scen02_no_drought_pert,35.628995277706714
S,streamflow,Q1,S_Q1,6,6,CNRM-CM6-1_ssp585_scen03_no_drought_pert,35.80930654430048
S,streamflow,Q1,S_Q1,7,7,MPI-ESM1-2-LR_ssp585_scen01_no_drought_pert,37.6362354250285
S,streamflow,Q1,S_Q1,8,8,MPI-ESM1-2-LR_ssp585_scen02_no_drought_pert,38.526946010053805
S,streamflow,Q1,S_Q1,9,9,CNRM-CM6-1_ssp370_scen02_no_drought_pert,38.82758683716181
S,streamflow,Q1,S_Q1,10,10,MPI-ESM1-2-LR_ssp370_scen03_no_drought_pert,40.928869837255064
S,streamflow,Q1,S_Q1,11,11,CNRM-CM6-1_ssp245_scen01_no_drought_pert,40.93014084508016
S,streamflow,Q1,S_Q1,12,12,CNRM-CM6-1_ssp370_scen01_no_drought_pert,41.089059636429084
S,streamflow,Q1,S_Q1,13,13,MRI-ESM2-0_ssp585_scen03_no_drought_pert,41.182109192578125
S,streamflow,Q1,S_Q1,14,14,MIROC6_ssp370_scen02_no_drought_pert,41.87098529562512
S,streamflow,Q1,S_Q1,15,15,MIROC6_ssp370_scen01_no_drought_pert,41.923687401885545
S,streamflow,Q1,S_Q1,16,16,MPI-ESM1-2-LR_ssp585_scen03_no_drought_pert,42.166543714327
S,streamflow,Q1,S_Q1,17,17,CNRM-CM6-1_ssp245_scen02_no_drought_pert,43.0564199818998
S,streamflow,Q1,S_Q1,18,18,CNRM-CM6-1_ssp370_scen03_no_drought_pert,44.00962961737135
S,streamflow,Q1,S_Q1,19,19,MRI-ESM2-0_ssp585_scen01_no_drought_pert,44.08607519767427
S,streamflow,Q1,S_Q1,20,20,CNRM-CM6-1_ssp245_scen03_no_drought_pert,44.4775539133566
S,streamflow,Q1,S_Q1,21,21,MRI-ESM2-0_ssp585_scen02_no_drought_pert,44.55336787607449
S,streamflow,Q1,S_Q1,22,22,MIROC6_ssp245_scen02_no_drought_pert,45.6403227710596
S,streamflow,Q1,S_Q1,23,23,MPI-ESM1-2-LR_ssp370_scen02_no_drought_pert,46.50281550860182
S,streamflow,Q1,S_Q1,24,24,ACCESS-CM2_ssp585_scen03_no_drought_pert,46.79058886678721
S,streamflow,Q1,S_Q1,25,25,MIROC6_ssp370_scen03_no_drought_pert,47.08072693666674
S,streamflow,Q1,S_Q1,26,26,MIROC6_ssp245_scen03_no_drought_pert,47.199437109668516
S,streamflow,Q1,S_Q1,27,27,ACCESS-CM2_ssp585_scen02_no_drought_pert,47.946040612785
S,streamflow,Q2,S_Q2,28,1,MIROC6_ssp245_scen01_no_drought_pert,48.577955717005324
S,streamflow,Q2,S_Q2,29,2,MPI-ESM1-2-LR_ssp370_scen01_no_drought_pert,49.187301355411684
S,streamflow,Q2,S_Q2,30,3,ACCESS-CM2_ssp585_scen01_no_drought_pert,49.233932629678904
S,streamflow,Q2,S_Q2,31,4,INM-CM4-8_ssp585_scen01_no_drought_pert,50.70075964562565
S,streamflow,Q2,S_Q2,32,5,MRI-ESM2-0_ssp370_scen01_no_drought_pert,50.76593009739553
S,streamflow,Q2,S_Q2,33,6,MIROC-ES2L_ssp585_scen02_no_drought_pert,51.99449603015054
S,streamflow,Q2,S_Q2,34,7,MIROC-ES2L_ssp585_scen03_no_drought_pert,52.17201926287789
S,streamflow,Q2,S_Q2,35,8,MIROC-ES2L_ssp585_scen01_no_drought_pert,52.86795127446045
S,streamflow,Q2,S_Q2,36,9,ACCESS-CM2_ssp370_scen01_no_drought_pert,53.061923932895944
S,streamflow,Q2,S_Q2,37,10,MPI-ESM1-2-LR_ssp245_scen03_no_drought_pert,53.26650225122788
S,streamflow,Q2,S_Q2,38,11,NorESM2-MM_ssp370_scen01_no_drought_pert,53.41991703455794
S,streamflow,Q2,S_Q2,39,12,CNRM-CM6-1_ssp126_scen03_no_drought_pert,53.81224740243157
S,streamflow,Q2,S_Q2,40,13,CNRM-CM6-1_ssp126_scen01_no_drought_pert,54.08449282126896
S,streamflow,Q2,S_Q2,41,14,MPI-ESM1-2-LR_ssp245_scen02_no_drought_pert,54.2792870441342
S,streamflow,Q2,S_Q2,42,15,MRI-ESM2-0_ssp245_scen02_no_drought_pert,55.21459896932102
S,streamflow,Q2,S_Q2,43,16,ACCESS-CM2_ssp370_scen03_no_drought_pert,55.829337136426574
S,streamflow,Q2,S_Q2,44,17,INM-CM4-8_ssp585_scen03_no_drought_pert,56.10068539287101
S,streamflow,Q2,S_Q2,45,18,MRI-ESM2-0_ssp370_scen03_no_drought_pert,56.61572799520419
S,streamflow,Q2,S_Q2,46,19,MPI-ESM1-2-LR_ssp245_scen01_no_drought_pert,56.99033913842967
S,streamflow,Q2,S_Q2,47,20,NorESM2-MM_ssp370_scen03_no_drought_pert,57.312738112607754
S,streamflow,Q2,S_Q2,48,21,NorESM2-MM_ssp585_scen03_no_drought_pert,57.32775849427239
S,streamflow,Q2,S_Q2,49,22,NorESM2-MM_ssp585_scen02_no_drought_pert,57.342230131821275
S,streamflow,Q2,S_Q2,50,23,NorESM2-MM_ssp370_scen02_no_drought_pert,57.653066364465346
S,streamflow,Q2,S_Q2,51,24,INM-CM5-0_ssp585_scen03_no_drought_pert,57.75685323143659
S,streamflow,Q2,S_Q2,52,25,MRI-ESM2-0_ssp245_scen01_no_drought_pert,57.84187057004477
S,streamflow,Q2,S_Q2,53,26,MRI-ESM2-0_ssp370_scen02_no_drought_pert,57.90706807825777
S,streamflow,Q2,S_Q2,54,27,MRI-ESM2-0_ssp245_scen03_no_drought_pert,58.65485730534393
S,streamflow,Q3,S_Q3,55,1,MIROC-ES2L_ssp370_scen02_no_drought_pert,59.1972070452073
S,streamflow,Q3,S_Q3,56,2,CNRM-CM6-1_ssp126_scen02_no_drought_pert,59.232185619069234
S,streamflow,Q3,S_Q3,57,3,INM-CM5-0_ssp585_scen02_no_drought_pert,59.72422326001037
S,streamflow,Q3,S_Q3,58,4,ACCESS-CM2_ssp370_scen02_no_drought_pert,59.97302899834677
S,streamflow,Q3,S_Q3,59,5,INM-CM5-0_ssp585_scen01_no_drought_pert,60.15547193459637
S,streamflow,Q3,S_Q3,60,6,MIROC-ES2L_ssp370_scen03_no_drought_pert,60.17258123321102
S,streamflow,Q3,S_Q3,61,7,INM-CM4-8_ssp585_scen02_no_drought_pert,60.4630120587168
S,streamflow,Q3,S_Q3,62,8,NorESM2-MM_ssp245_scen03_no_drought_pert,61.54339681598807
S,streamflow,Q3,S_Q3,63,9,INM-CM5-0_ssp370_scen02_no_drought_pert,61.968533788318496
S,streamflow,Q3,S_Q3,64,10,INM-CM4-8_ssp370_scen01_no_drought_pert,62.9094329702788
S,streamflow,Q3,S_Q3,65,11,ACCESS-CM2_ssp245_scen01_no_drought_pert,63.10612924735439
S,streamflow,Q3,S_Q3,66,12,MIROC-ES2L_ssp370_scen01_no_drought_pert,64.38769590795356
S,streamflow,Q3,S_Q3,67,13,ACCESS-CM2_ssp245_scen03_no_drought_pert,64.49297130789174
S,streamflow,Q3,S_Q3,68,14,INM-CM5-0_ssp370_scen03_no_drought_pert,64.95959218759663
S,streamflow,Q3,S_Q3,69,15,NorESM2-MM_ssp245_scen02_no_drought_pert,65.71788617761737
S,streamflow,Q3,S_Q3,70,16,NorESM2-MM_ssp585_scen01_no_drought_pert,67.39669410413134
S,streamflow,Q3,S_Q3,71,17,NorESM2-MM_ssp245_scen01_no_drought_pert,67.71826922247266
S,streamflow,Q3,S_Q3,72,18,INM-CM4-8_ssp370_scen03_no_drought_pert,69.60261744135542
S,streamflow,Q3,S_Q3,73,19,MIROC6_ssp126_scen03_no_drought_pert,69.65619883171505
S,streamflow,Q3,S_Q3,74,20,ACCESS-CM2_ssp245_scen02_no_drought_pert,70.3582153792634
S,streamflow,Q3,S_Q3,75,21,INM-CM5-0_ssp370_scen01_no_drought_pert,71.01923047502537
S,streamflow,Q3,S_Q3,76,22,MIROC6_ssp126_scen02_no_drought_pert,71.17640955165949
S,streamflow,Q3,S_Q3,77,23,ACCESS-CM2_ssp126_scen03_no_drought_pert,72.6548113357868
S,streamflow,Q3,S_Q3,78,24,MIROC-ES2L_ssp245_scen01_no_drought_pert,73.69646867925826
S,streamflow,Q3,S_Q3,79,25,MIROC-ES2L_ssp245_scen03_no_drought_pert,74.29796435926838
S,streamflow,Q3,S_Q3,80,26,MIROC6_ssp126_scen01_no_drought_pert,75.5192296676531
S,streamflow,Q3,S_Q3,81,27,INM-CM4-8_ssp370_scen02_no_drought_pert,77.00174810438722
S,streamflow,Q4,S_Q4,82,1,MIROC-ES2L_ssp245_scen02_no_drought_pert,77.24079872361864
S,streamflow,Q4,S_Q4,83,2,MPI-ESM1-2-LR_ssp126_scen01_no_drought_pert,79.43625470854221
S,streamflow,Q4,S_Q4,84,3,ACCESS-CM2_ssp126_scen02_no_drought_pert,80.83942289988211
S,streamflow,Q4,S_Q4,85,4,ACCESS-CM2_ssp126_scen01_no_drought_pert,82.0719846896954
S,streamflow,Q4,S_Q4,86,5,INM-CM5-0_ssp245_scen02_no_drought_pert,82.38150130272363
S,streamflow,Q4,S_Q4,87,6,MPI-ESM1-2-LR_ssp126_scen02_no_drought_pert,82.75333680030717
S,streamflow,Q4,S_Q4,88,7,MIROC-ES2L_ssp126_scen01_no_drought_pert,84.5497160855364
S,streamflow,Q4,S_Q4,89,8,NorESM2-MM_ssp126_scen02_no_drought_pert,86.85964363464173
S,streamflow,Q4,S_Q4,90,9,NorESM2-MM_ssp126_scen03_no_drought_pert,86.94085365262285
S,streamflow,Q4,S_Q4,91,10,MRI-ESM2-0_ssp126_scen01_no_drought_pert,87.3714070940926
S,streamflow,Q4,S_Q4,92,11,INM-CM5-0_ssp245_scen03_no_drought_pert,88.8594604003672
S,streamflow,Q4,S_Q4,93,12,MPI-ESM1-2-LR_ssp126_scen03_no_drought_pert,88.88420957355287
S,streamflow,Q4,S_Q4,94,13,MIROC-ES2L_ssp126_scen02_no_drought_pert,89.71934318072577
S,streamflow,Q4,S_Q4,95,14,MRI-ESM2-0_ssp126_scen03_no_drought_pert,90.14990318292331
S,streamflow,Q4,S_Q4,96,15,INM-CM5-0_ssp126_scen02_no_drought_pert,92.01129795892001
S,streamflow,Q4,S_Q4,97,16,INM-CM5-0_ssp245_scen01_no_drought_pert,92.95424919381051
S,streamflow,Q4,S_Q4,98,17,MIROC-ES2L_ssp126_scen03_no_drought_pert,93.03773874790043
S,streamflow,Q4,S_Q4,99,18,INM-CM4-8_ssp245_scen01_no_drought_pert,94.90137873392696
S,streamflow,Q4,S_Q4,100,19,NorESM2-MM_ssp126_scen01_no_drought_pert,95.41923749940588
S,streamflow,Q4,S_Q4,101,20,INM-CM5-0_ssp126_scen03_no_drought_pert,96.75698637216438
S,streamflow,Q4,S_Q4,102,21,MRI-ESM2-0_ssp126_scen02_no_drought_pert,98.40940323719934
S,streamflow,Q4,S_Q4,103,22,INM-CM4-8_ssp245_scen02_no_drought_pert,98.60198629008549
S,streamflow,Q4,S_Q4,104,23,INM-CM4-8_ssp126_scen02_no_drought_pert,100.86727913705175
S,streamflow,Q4,S_Q4,105,24,INM-CM5-0_ssp126_scen01_no_drought_pert,101.62758955063248
S,streamflow,Q4,S_Q4,106,25,INM-CM4-8_ssp245_scen03_no_drought_pert,104.50984718782584
S,streamflow,Q4,S_Q4,107,26,INM-CM4-8_ssp126_scen03_no_drought_pert,111.6658746491533
S,streamflow,Q4,S_Q4,108,27,INM-CM4-8_ssp126_scen01_no_drought_pert,116.56620185460997
G,glacier,Q1,G_Q1,1,1,CNRM-CM6-1_ssp370_scen01_no_drought_pert,0.0
G,glacier,Q1,G_Q1,2,2,CNRM-CM6-1_ssp370_scen02_no_drought_pert,0.0
G,glacier,Q1,G_Q1,3,3,CNRM-CM6-1_ssp370_scen03_no_drought_pert,0.0
G,glacier,Q1,G_Q1,4,4,CNRM-CM6-1_ssp585_scen01_no_drought_pert,0.0
G,glacier,Q1,G_Q1,5,5,CNRM-CM6-1_ssp585_scen02_no_drought_pert,0.0
G,glacier,Q1,G_Q1,6,6,CNRM-CM6-1_ssp585_scen03_no_drought_pert,0.0
G,glacier,Q1,G_Q1,7,7,MIROC6_ssp585_scen02_no_drought_pert,0.0
G,glacier,Q1,G_Q1,8,8,MIROC6_ssp585_scen03_no_drought_pert,0.0
G,glacier,Q1,G_Q1,9,9,MRI-ESM2-0_ssp585_scen01_no_drought_pert,0.0
G,glacier,Q1,G_Q1,10,10,MRI-ESM2-0_ssp585_scen02_no_drought_pert,0.0
G,glacier,Q1,G_Q1,11,11,MRI-ESM2-0_ssp585_scen03_no_drought_pert,0.0
G,glacier,Q1,G_Q1,12,12,ACCESS-CM2_ssp585_scen02_no_drought_pert,8.345941191388671e-06
G,glacier,Q1,G_Q1,13,13,MIROC6_ssp585_scen01_no_drought_pert,0.013781842972184495
G,glacier,Q1,G_Q1,14,14,CNRM-CM6-1_ssp245_scen03_no_drought_pert,0.10246078999560877
G,glacier,Q1,G_Q1,15,15,MPI-ESM1-2-LR_ssp585_scen02_no_drought_pert,0.14807431799462262
G,glacier,Q1,G_Q1,16,16,ACCESS-CM2_ssp585_scen01_no_drought_pert,0.17839457080452947
G,glacier,Q1,G_Q1,17,17,ACCESS-CM2_ssp585_scen03_no_drought_pert,0.17943747468257015
G,glacier,Q1,G_Q1,18,18,MPI-ESM1-2-LR_ssp585_scen01_no_drought_pert,0.4316319876774903
G,glacier,Q1,G_Q1,19,19,CNRM-CM6-1_ssp245_scen01_no_drought_pert,0.5094178810758313
G,glacier,Q1,G_Q1,20,20,MPI-ESM1-2-LR_ssp585_scen03_no_drought_pert,0.5183700808483893
G,glacier,Q1,G_Q1,21,21,ACCESS-CM2_ssp370_scen03_no_drought_pert,0.5447709680434089
G,glacier,Q1,G_Q1,22,22,ACCESS-CM2_ssp370_scen01_no_drought_pert,0.6771364513580496
G,glacier,Q1,G_Q1,23,23,CNRM-CM6-1_ssp245_scen02_no_drought_pert,0.8992352261126023
G,glacier,Q1,G_Q1,24,24,MPI-ESM1-2-LR_ssp370_scen03_no_drought_pert,1.290265611506138
G,glacier,Q1,G_Q1,25,25,ACCESS-CM2_ssp370_scen02_no_drought_pert,1.494890760763309
G,glacier,Q1,G_Q1,26,26,MIROC6_ssp370_scen01_no_drought_pert,2.1501495081760593
G,glacier,Q1,G_Q1,27,27,MPI-ESM1-2-LR_ssp370_scen02_no_drought_pert,2.2335945467781775
G,glacier,Q2,G_Q2,28,1,MIROC-ES2L_ssp585_scen02_no_drought_pert,2.2362268285743565
G,glacier,Q2,G_Q2,29,2,MIROC6_ssp370_scen02_no_drought_pert,2.251797211000895
G,glacier,Q2,G_Q2,30,3,MIROC-ES2L_ssp585_scen01_no_drought_pert,2.2632514283107406
G,glacier,Q2,G_Q2,31,4,MRI-ESM2-0_ssp370_scen02_no_drought_pert,2.339066779022258
G,glacier,Q2,G_Q2,32,5,MPI-ESM1-2-LR_ssp370_scen01_no_drought_pert,2.3650431509591714
G,glacier,Q2,G_Q2,33,6,MRI-ESM2-0_ssp370_scen03_no_drought_pert,2.8496335598900537
G,glacier,Q2,G_Q2,34,7,MPI-ESM1-2-LR_ssp245_scen01_no_drought_pert,2.9880219581440444
G,glacier,Q2,G_Q2,35,8,MPI-ESM1-2-LR_ssp245_scen03_no_drought_pert,3.0757503310157674
G,glacier,Q2,G_Q2,36,9,MRI-ESM2-0_ssp370_scen01_no_drought_pert,3.198408475621321
G,glacier,Q2,G_Q2,37,10,INM-CM4-8_ssp585_scen01_no_drought_pert,3.3560187013451896
G,glacier,Q2,G_Q2,38,11,INM-CM4-8_ssp585_scen03_no_drought_pert,3.5070924041375364
G,glacier,Q2,G_Q2,39,12,MIROC6_ssp245_scen01_no_drought_pert,3.6696587432982195
G,glacier,Q2,G_Q2,40,13,MIROC-ES2L_ssp585_scen03_no_drought_pert,3.716771443251865
G,glacier,Q2,G_Q2,41,14,NorESM2-MM_ssp585_scen03_no_drought_pert,3.732303595682091
G,glacier,Q2,G_Q2,42,15,NorESM2-MM_ssp370_scen03_no_drought_pert,3.7638557398606776
G,glacier,Q2,G_Q2,43,16,MIROC6_ssp245_scen03_no_drought_pert,3.867674641073866
G,glacier,Q2,G_Q2,44,17,MIROC6_ssp370_scen03_no_drought_pert,3.919664233584811
G,glacier,Q2,G_Q2,45,18,MIROC6_ssp245_scen02_no_drought_pert,3.9389847428545455
G,glacier,Q2,G_Q2,46,19,MRI-ESM2-0_ssp245_scen03_no_drought_pert,4.046548528199851
G,glacier,Q2,G_Q2,47,20,MPI-ESM1-2-LR_ssp245_scen02_no_drought_pert,4.27585772866683
G,glacier,Q2,G_Q2,48,21,NorESM2-MM_ssp370_scen01_no_drought_pert,4.358356922902163
G,glacier,Q2,G_Q2,49,22,CNRM-CM6-1_ssp126_scen02_no_drought_pert,4.466606987506163
G,glacier,Q2,G_Q2,50,23,MRI-ESM2-0_ssp245_scen02_no_drought_pert,4.501246689386484
G,glacier,Q2,G_Q2,51,24,MRI-ESM2-0_ssp245_scen01_no_drought_pert,4.584644496240721
G,glacier,Q2,G_Q2,52,25,NorESM2-MM_ssp585_scen02_no_drought_pert,4.708617024593917
G,glacier,Q2,G_Q2,53,26,INM-CM5-0_ssp585_scen03_no_drought_pert,4.810807681653853
G,glacier,Q2,G_Q2,54,27,INM-CM5-0_ssp585_scen02_no_drought_pert,4.819235871548375
G,glacier,Q3,G_Q3,55,1,CNRM-CM6-1_ssp126_scen03_no_drought_pert,4.871880125340332
G,glacier,Q3,G_Q3,56,2,NorESM2-MM_ssp370_scen02_no_drought_pert,4.88839866974065
G,glacier,Q3,G_Q3,57,3,CNRM-CM6-1_ssp126_scen01_no_drought_pert,4.896177026094735
G,glacier,Q3,G_Q3,58,4,ACCESS-CM2_ssp245_scen01_no_drought_pert,5.397470828209733
G,glacier,Q3,G_Q3,59,5,INM-CM5-0_ssp585_scen01_no_drought_pert,5.411296596858867
G,glacier,Q3,G_Q3,60,6,NorESM2-MM_ssp245_scen03_no_drought_pert,5.570138909807239
G,glacier,Q3,G_Q3,61,7,NorESM2-MM_ssp585_scen01_no_drought_pert,5.687978668406489
G,glacier,Q3,G_Q3,62,8,INM-CM4-8_ssp585_scen02_no_drought_pert,5.736733392805984
G,glacier,Q3,G_Q3,63,9,INM-CM5-0_ssp370_scen03_no_drought_pert,6.072542882132063
G,glacier,Q3,G_Q3,64,10,MIROC-ES2L_ssp370_scen03_no_drought_pert,6.375912833123232
G,glacier,Q3,G_Q3,65,11,MIROC-ES2L_ssp370_scen02_no_drought_pert,6.408552433607669
G,glacier,Q3,G_Q3,66,12,NorESM2-MM_ssp245_scen02_no_drought_pert,6.636069292115391
G,glacier,Q3,G_Q3,67,13,ACCESS-CM2_ssp245_scen03_no_drought_pert,6.951010556413485
G,glacier,Q3,G_Q3,68,14,ACCESS-CM2_ssp245_scen02_no_drought_pert,7.7431377452354795
G,glacier,Q3,G_Q3,69,15,INM-CM5-0_ssp370_scen01_no_drought_pert,7.774884612975105
G,glacier,Q3,G_Q3,70,16,NorESM2-MM_ssp245_scen01_no_drought_pert,7.883214292816991
G,glacier,Q3,G_Q3,71,17,MIROC-ES2L_ssp370_scen01_no_drought_pert,8.350267095485686
G,glacier,Q3,G_Q3,72,18,INM-CM5-0_ssp370_scen02_no_drought_pert,8.814158034755112
G,glacier,Q3,G_Q3,73,19,MIROC6_ssp126_scen03_no_drought_pert,9.779406409078112
G,glacier,Q3,G_Q3,74,20,ACCESS-CM2_ssp126_scen03_no_drought_pert,9.809554277269152
G,glacier,Q3,G_Q3,75,21,MPI-ESM1-2-LR_ssp126_scen01_no_drought_pert,9.827753559002794
G,glacier,Q3,G_Q3,76,22,MIROC6_ssp126_scen01_no_drought_pert,9.88233901288422
G,glacier,Q3,G_Q3,77,23,INM-CM4-8_ssp370_scen01_no_drought_pert,9.94501864816599
G,glacier,Q3,G_Q3,78,24,MIROC6_ssp126_scen02_no_drought_pert,11.010729961122443
G,glacier,Q3,G_Q3,79,25,MIROC-ES2L_ssp245_scen01_no_drought_pert,11.070219643712024
G,glacier,Q3,G_Q3,80,26,INM-CM4-8_ssp370_scen03_no_drought_pert,11.452775709871093
G,glacier,Q3,G_Q3,81,27,MIROC-ES2L_ssp245_scen03_no_drought_pert,11.88410817950479
G,glacier,Q4,G_Q4,82,1,ACCESS-CM2_ssp126_scen01_no_drought_pert,11.970713822259402
G,glacier,Q4,G_Q4,83,2,MPI-ESM1-2-LR_ssp126_scen03_no_drought_pert,12.052270180857642
G,glacier,Q4,G_Q4,84,3,INM-CM5-0_ssp245_scen02_no_drought_pert,12.793117499233627
G,glacier,Q4,G_Q4,85,4,ACCESS-CM2_ssp126_scen02_no_drought_pert,12.934968554865998
G,glacier,Q4,G_Q4,86,5,MPI-ESM1-2-LR_ssp126_scen02_no_drought_pert,13.155298172091298
G,glacier,Q4,G_Q4,87,6,MIROC-ES2L_ssp245_scen02_no_drought_pert,13.594427405847526
G,glacier,Q4,G_Q4,88,7,MRI-ESM2-0_ssp126_scen01_no_drought_pert,13.843196690844637
G,glacier,Q4,G_Q4,89,8,MRI-ESM2-0_ssp126_scen03_no_drought_pert,14.303784833494928
G,glacier,Q4,G_Q4,90,9,INM-CM5-0_ssp245_scen03_no_drought_pert,14.560083639245033
G,glacier,Q4,G_Q4,91,10,INM-CM5-0_ssp245_scen01_no_drought_pert,14.56206951474551
G,glacier,Q4,G_Q4,92,11,INM-CM4-8_ssp370_scen02_no_drought_pert,14.643656739243353
G,glacier,Q4,G_Q4,93,12,MIROC-ES2L_ssp126_scen02_no_drought_pert,15.453391696873263
G,glacier,Q4,G_Q4,94,13,MIROC-ES2L_ssp126_scen01_no_drought_pert,16.10971781917163
G,glacier,Q4,G_Q4,95,14,MIROC-ES2L_ssp126_scen03_no_drought_pert,16.712977282705193
G,glacier,Q4,G_Q4,96,15,NorESM2-MM_ssp126_scen03_no_drought_pert,17.114742950920395
G,glacier,Q4,G_Q4,97,16,MRI-ESM2-0_ssp126_scen02_no_drought_pert,17.217825485097265
G,glacier,Q4,G_Q4,98,17,NorESM2-MM_ssp126_scen02_no_drought_pert,17.72698086380846
G,glacier,Q4,G_Q4,99,18,NorESM2-MM_ssp126_scen01_no_drought_pert,17.905456802039495
G,glacier,Q4,G_Q4,100,19,INM-CM4-8_ssp245_scen01_no_drought_pert,19.18331668145145
G,glacier,Q4,G_Q4,101,20,INM-CM5-0_ssp126_scen02_no_drought_pert,19.37848475759706
G,glacier,Q4,G_Q4,102,21,INM-CM5-0_ssp126_scen01_no_drought_pert,19.709697804669894
G,glacier,Q4,G_Q4,103,22,INM-CM4-8_ssp126_scen02_no_drought_pert,19.7197460335644
G,glacier,Q4,G_Q4,104,23,INM-CM4-8_ssp245_scen02_no_drought_pert,20.078289600168656
G,glacier,Q4,G_Q4,105,24,INM-CM5-0_ssp126_scen03_no_drought_pert,21.41646387886946
G,glacier,Q4,G_Q4,106,25,INM-CM4-8_ssp245_scen03_no_drought_pert,23.792577862447157
G,glacier,Q4,G_Q4,107,26,INM-CM4-8_ssp126_scen03_no_drought_pert,25.229893172751904
G,glacier,Q4,G_Q4,108,27,INM-CM4-8_ssp126_scen01_no_drought_pert,25.359949330674414
