scenario_name,winner_indicator,winner_family,deterministic_tiebreak_indicator,deterministic_tiebreak_family,best_spi_agricultural_reliability,best_sri_agricultural_reliability,spi_minus_sri_agricultural_reliability,source_policy_index,contract_threshold,contract_action,demand_threshold,demand_action,agricultural_reliability,urban_reliability,total_cost,total_cost_million,indicators_tied_at_max_agricultural,temperature_metric,temperature_percentile,precipitation_metric,precipitation_percentile,glacier_metric,glacier_percentile,streamflow_metric,streamflow_percentile
ACCESS-CM2_ssp126_scen01_no_drought_pert,,Tie,SPI12,SPI,0.8434197886647454,0.8434197886647454,0.0,199,-4.0,0.0,-2.540891246948595,0.7608955571084999,0.8434197886647454,0.962536023054755,134414.91249999998,0.13441491249999998,6,8.246758693119077,0.2897196261682243,12.358682322930193,0.8691588785046729,11.970713822259402,0.7570093457943925,82.0719846896954,0.7850467289719626
ACCESS-CM2_ssp126_scen02_no_drought_pert,,Tie,SRI12,SRI,0.9020172910662825,0.9020172910662825,0.0,214,-4.0,0.0,-2.0615443051935975,0.705196159703668,0.9020172910662825,1.0,134414.91249999998,0.13441491249999998,6,8.332528674681495,0.34579439252336447,10.965986592429935,0.6448598130841121,12.934968554865998,0.7850467289719626,80.83942289988211,0.7757009345794392
ACCESS-CM2_ssp126_scen03_no_drought_pert,,Tie,SRI12,SRI,0.7002881844380404,0.7002881844380404,0.0,214,-4.0,0.0,-2.0615443051935975,0.705196159703668,0.7002881844380404,0.9913544668587896,134414.91249999998,0.13441491249999998,6,8.297780384257742,0.3177570093457944,11.32652929422824,0.7663551401869159,9.809554277269152,0.6822429906542056,72.6548113357868,0.7102803738317757
ACCESS-CM2_ssp245_scen01_no_drought_pert,,Tie,SPI12,SPI,0.6243996157540825,0.6243996157540825,0.0,199,-4.0,0.0,-2.540891246948595,0.7608955571084999,0.6243996157540825,0.8434197886647454,134414.91249999998,0.13441491249999998,6,9.254886974669269,0.5794392523364486,10.710124358229361,0.5887850467289719,5.397470828209733,0.5327102803738317,63.10612924735439,0.5981308411214953
ACCESS-CM2_ssp245_scen02_no_drought_pert,,Tie,SRI12,SRI,0.7098943323727185,0.7098943323727185,0.0,214,-4.0,0.0,-2.0615443051935975,0.705196159703668,0.7098943323727185,0.9423631123919308,134414.91249999998,0.13441491249999998,6,9.356907745148249,0.6261682242990654,11.391082840364742,0.7757009345794392,7.7431377452354795,0.6261682242990654,70.3582153792634,0.6822429906542056
ACCESS-CM2_ssp245_scen03_no_drought_pert,,Tie,SPI12,SPI,0.5878962536023055,0.5878962536023055,0.0,199,-4.0,0.0,-2.540891246948595,0.7608955571084999,0.5878962536023055,0.8674351585014409,134414.91249999998,0.13441491249999998,6,9.262255738535675,0.5887850467289719,11.02360635633899,0.6728971962616822,6.951010556413485,0.616822429906542,64.49297130789174,0.616822429906542
ACCESS-CM2_ssp370_scen01_no_drought_pert,,Tie,SPI12,SPI,0.478386167146974,0.478386167146974,0.0,199,-4.0,0.0,-2.540891246948595,0.7608955571084999,0.478386167146974,0.6916426512968299,134414.91249999998,0.13441491249999998,6,10.298836347595163,0.8411214953271028,12.420216575897523,0.8878504672897196,0.6771364513580496,0.19626168224299065,53.061923932895944,0.32710280373831774
ACCESS-CM2_ssp370_scen02_no_drought_pert,,Tie,SPI3,SPI,0.5494716618635926,0.5494716618635926,0.0,579,-3.18463545600127,0.0,-2.1821079747406094,0.8743149606085947,0.5494716618635926,0.7377521613832854,6238823.63130622,6.23882363130622,6,10.549646671198808,0.8598130841121495,12.403759837415452,0.8785046728971962,1.494890760763309,0.22429906542056074,59.97302899834677,0.5327102803738317
ACCESS-CM2_ssp370_scen03_no_drought_pert,,Tie,SPI12,SPI,0.4975984630163305,0.4975984630163305,0.0,359,-1.3027745153062917,0.0,-1.552951172355784,0.9698427134821757,0.4975984630163305,0.6724303554274735,2163726.6960646748,2.163726696064675,6,10.47256204779418,0.8504672897196262,12.640756460733522,0.9252336448598131,0.5447709680434089,0.18691588785046728,55.829337136426574,0.3925233644859813
ACCESS-CM2_ssp585_scen01_no_drought_pert,,Tie,SPI6,SPI,0.4582132564841499,0.4582132564841499,0.0,1,-2.8567570169328063,0.0,-2.488320080986748,0.7485551166159767,0.4582132564841499,0.6195965417867435,134414.91249999998,0.13441491249999998,6,11.466518964204113,0.9626168224299065,10.461902618271044,0.5700934579439252,0.17839457080452947,0.14018691588785046,49.233932629678904,0.27102803738317754
ACCESS-CM2_ssp585_scen02_no_drought_pert,,Tie,SPI12,SPI,0.44764649375600385,0.44764649375600385,0.0,199,-4.0,0.0,-2.540891246948595,0.7608955571084999,0.44764649375600385,0.6023054755043228,134414.91249999998,0.13441491249999998,6,11.39175758901366,0.9532710280373832,11.411448539584336,0.7850467289719626,8.345941191388671e-06,0.102803738317757,47.946040612785,0.24299065420560748
ACCESS-CM2_ssp585_scen03_no_drought_pert,,Tie,SPI3,SPI,0.4428434197886647,0.4428434197886647,0.0,530,-2.1692679336912226,0.0,-2.0755001292739763,0.893286365804562,0.4428434197886647,0.5869356388088376,8380087.118916227,8.380087118916226,6,11.478519648245916,0.9719626168224299,10.283660932365674,0.5327102803738317,0.17943747468257015,0.14953271028037382,46.79058886678721,0.21495327102803738
CNRM-CM6-1_ssp126_scen01_no_drought_pert,,Tie,SPI12,SPI,0.4793467819404419,0.4793467819404419,0.0,199,-4.0,0.0,-2.540891246948595,0.7608955571084999,0.4793467819404419,0.6503362151777137,134414.91249999998,0.13441491249999998,6,8.71311434784831,0.37383177570093457,9.032486455125284,0.27102803738317754,4.896177026094735,0.5233644859813084,54.08449282126896,0.3644859813084112
CNRM-CM6-1_ssp126_scen02_no_drought_pert,,Tie,SRI12,SRI,0.5292987512007685,0.5292987512007685,0.0,1557,-3.288123452870204,0.0,-2.397812278568235,0.9408781692015189,0.5292987512007685,0.7627281460134486,134414.91249999998,0.13441491249999998,6,8.780253874714392,0.38317757009345793,10.825320035649787,0.6261682242990654,4.466606987506163,0.4485981308411215,59.232185619069234,0.514018691588785
CNRM-CM6-1_ssp126_scen03_no_drought_pert,,Tie,SPI12,SPI,0.4726224783861671,0.4726224783861671,0.0,199,-4.0,0.0,-2.540891246948595,0.7608955571084999,0.4726224783861671,0.6906820365033621,134414.91249999998,0.13441491249999998,6,8.646819747180851,0.3644859813084112,9.367849281436037,0.32710280373831774,4.871880125340332,0.5046728971962616,53.81224740243157,0.35514018691588783
CNRM-CM6-1_ssp245_scen01_no_drought_pert,,Tie,SPI6,SPI,0.38424591738712777,0.38424591738712777,0.0,1,-2.8567570169328063,0.0,-2.488320080986748,0.7485551166159767,0.38424591738712777,0.48895292987512007,4104073.4314063513,4.104073431406351,6,9.67399776220986,0.719626168224299,8.79184967420288,0.205607476635514,0.5094178810758313,0.16822429906542055,40.93014084508016,0.09345794392523364
CNRM-CM6-1_ssp245_scen02_no_drought_pert,,Tie,SPI3,SPI,0.3832853025936599,0.3832853025936599,0.0,579,-3.18463545600127,0.0,-2.1821079747406094,0.8743149606085947,0.3832853025936599,0.48607108549471667,17320581.26178414,17.32058126178414,6,9.808832208919025,0.7289719626168224,8.879541521405319,0.24299065420560748,0.8992352261126023,0.205607476635514,43.0564199818998,0.14953271028037382
CNRM-CM6-1_ssp245_scen03_no_drought_pert,,Tie,SPI12,SPI,0.40922190201729103,0.40922190201729103,0.0,199,-4.0,0.0,-2.540891246948595,0.7608955571084999,0.40922190201729103,0.5081652257444764,134414.91249999998,0.13441491249999998,6,9.639740813266084,0.7009345794392523,9.707310090462107,0.411214953271028,0.10246078999560877,0.12149532710280374,44.4775539133566,0.17757009345794392
CNRM-CM6-1_ssp370_scen01_no_drought_pert,,Tie,SPI12,SPI,0.3986551392891451,0.3986551392891451,0.0,199,-4.0,0.0,-2.540891246948595,0.7608955571084999,0.3986551392891451,0.4697406340057637,134414.91249999998,0.13441491249999998,6,10.804658200286681,0.9158878504672897,8.519468709566967,0.16822429906542055,0.0,0.04672897196261682,41.089059636429084,0.102803738317757
CNRM-CM6-1_ssp370_scen02_no_drought_pert,,Tie,SPI12,SPI,0.3621517771373679,0.3621517771373679,0.0,199,-4.0,0.0,-2.540891246948595,0.7608955571084999,0.3621517771373679,0.4245917387127762,134414.91249999998,0.13441491249999998,6,10.670036555716425,0.8878504672897196,8.364142099973082,0.14953271028037382,0.0,0.04672897196261682,38.82758683716181,0.07476635514018691
CNRM-CM6-1_ssp370_scen03_no_drought_pert,,Tie,SPI12,SPI,0.4313160422670509,0.4313160422670509,0.0,199,-4.0,0.0,-2.540891246948595,0.7608955571084999,0.4313160422670509,0.5379442843419788,134414.91249999998,0.13441491249999998,6,10.755172151944569,0.9065420560747663,8.973262241449602,0.2616822429906542,0.0,0.04672897196261682,44.00962961737135,0.1588785046728972
CNRM-CM6-1_ssp585_scen01_no_drought_pert,,Tie,SPI12,SPI,0.3150816522574448,0.3150816522574448,0.0,199,-4.0,0.0,-2.540891246948595,0.7608955571084999,0.3150816522574448,0.3294908741594621,134414.91249999998,0.13441491249999998,6,11.89991484400997,1.0,6.798267195056925,0.037383177570093455,0.0,0.04672897196261682,34.08829421925719,0.018691588785046728
CNRM-CM6-1_ssp585_scen02_no_drought_pert,,Tie,SPI3,SPI,0.3285302593659942,0.3285302593659942,0.0,20,-1.8883380976359474,0.0,-2.257636607218915,0.8507104804035741,0.3285302593659942,0.3707973102785783,14962897.12102043,14.962897121020431,6,11.807276078296882,0.9813084112149533,6.905286538393545,0.04672897196261682,0.0,0.04672897196261682,35.628995277706714,0.037383177570093455
CNRM-CM6-1_ssp585_scen03_no_drought_pert,,Tie,SRI3,SRI,0.3659942363112392,0.3659942363112392,0.0,1408,-1.8411085835155845,0.0,0.0,0.9965920198111775,0.3659942363112392,0.4034582132564841,17055210.93568876,17.05521093568876,6,11.817241263114113,0.9906542056074766,6.952268490572161,0.056074766355140186,0.0,0.04672897196261682,35.80930654430048,0.04672897196261682
INM-CM4-8_ssp126_scen01_no_drought_pert,,Tie,SPI12,SPI,1.0,1.0,0.0,199,-4.0,0.0,-2.540891246948595,0.7608955571084999,1.0,1.0,134414.91249999998,0.13441491249999998,6,7.310025290732029,0.04672897196261682,12.665336121634583,0.9439252336448598,25.359949330674414,1.0,116.56620185460997,1.0
INM-CM4-8_ssp126_scen02_no_drought_pert,,Tie,SPI12,SPI,0.9884726224783862,0.9884726224783862,0.0,199,-4.0,0.0,-2.540891246948595,0.7608955571084999,0.9884726224783862,1.0,134414.91249999998,0.13441491249999998,6,7.361103830354421,0.056074766355140186,12.791606897721504,0.9532710280373832,19.7197460335644,0.9532710280373832,100.86727913705175,0.9626168224299065
INM-CM4-8_ssp126_scen03_no_drought_pert,,Tie,SPI12,SPI,1.0,1.0,0.0,199,-4.0,0.0,-2.540891246948595,0.7608955571084999,1.0,1.0,134414.91249999998,0.13441491249999998,6,7.380448391148506,0.08411214953271028,11.48128929131136,0.794392523364486,25.229893172751904,0.9906542056074766,111.6658746491533,0.9906542056074766
INM-CM4-8_ssp245_scen01_no_drought_pert,,Tie,SRI12,SRI,0.9980787704130644,0.9980787704130644,0.0,214,-4.0,0.0,-2.0615443051935975,0.705196159703668,0.9980787704130644,1.0,134414.91249999998,0.13441491249999998,6,8.072565181077598,0.22429906542056074,10.282837983500702,0.5233644859813084,19.18331668145145,0.9252336448598131,94.90137873392696,0.9158878504672897
INM-CM4-8_ssp245_scen02_no_drought_pert,,Tie,SRI12,SRI,0.9971181556195965,0.9971181556195965,0.0,214,-4.0,0.0,-2.0615443051935975,0.705196159703668,0.9971181556195965,1.0,134414.91249999998,0.13441491249999998,6,8.237719815713508,0.27102803738317754,10.780790966173678,0.6074766355140186,20.078289600168656,0.9626168224299065,98.60198629008549,0.9532710280373832
INM-CM4-8_ssp245_scen03_no_drought_pert,,Tie,SPI12,SPI,1.0,1.0,0.0,199,-4.0,0.0,-2.540891246948595,0.7608955571084999,1.0,1.0,134414.91249999998,0.13441491249999998,6,7.961834268180253,0.205607476635514,11.174642044127479,0.7383177570093458,23.792577862447157,0.9813084112149533,104.50984718782584,0.9813084112149533
INM-CM4-8_ssp370_scen01_no_drought_pert,,Tie,SPI12,SPI,0.6243996157540825,0.6243996157540825,0.0,199,-4.0,0.0,-2.540891246948595,0.7608955571084999,0.6243996157540825,0.9596541786743515,134414.91249999998,0.13441491249999998,6,8.942304142371452,0.42990654205607476,8.06150642938115,0.11214953271028037,9.94501864816599,0.7102803738317757,62.9094329702788,0.5887850467289719
INM-CM4-8_ssp370_scen02_no_drought_pert,,Tie,SPI12,SPI,0.8856868395773295,0.8856868395773295,0.0,199,-4.0,0.0,-2.540891246948595,0.7608955571084999,0.8856868395773295,1.0,134414.91249999998,0.13441491249999998,6,9.17837256506455,0.5420560747663551,8.66478815036564,0.18691588785046728,14.643656739243353,0.8504672897196262,77.00174810438722,0.7476635514018691
INM-CM4-8_ssp370_scen03_no_drought_pert,,Tie,SRI12,SRI,0.7310278578290106,0.7310278578290106,0.0,1047,-1.653665366036274,0.0,-2.481179660763866,0.9228229295748339,0.7310278578290106,0.9903938520653218,134414.91249999998,0.13441491249999998,6,8.981031132806189,0.4766355140186916,9.152249165686568,0.2897196261682243,11.452775709871093,0.7383177570093458,69.60261744135542,0.6635514018691588
INM-CM4-8_ssp585_scen01_no_drought_pert,,Tie,SPI12,SPI,0.4668587896253602,0.4668587896253602,0.0,199,-4.0,0.0,-2.540891246948595,0.7608955571084999,0.4668587896253602,0.670509125840538,134414.91249999998,0.13441491249999998,6,9.530637047969458,0.6728971962616822,9.3823527434557,0.3364485981308411,3.3560187013451896,0.3364485981308411,50.70075964562565,0.2803738317757009
INM-CM4-8_ssp585_scen02_no_drought_pert,,Tie,SPI12,SPI,0.5725264169068204,0.5725264169068204,0.0,199,-4.0,0.0,-2.540891246948595,0.7608955571084999,0.5725264169068204,0.8443804034582132,134414.91249999998,0.13441491249999998,6,9.467274406170029,0.6542056074766355,10.339273211823457,0.5514018691588785,5.736733392805984,0.5700934579439252,60.4630120587168,0.5607476635514018
INM-CM4-8_ssp585_scen03_no_drought_pert,,Tie,SPI3,SPI,0.48318924111431316,0.48318924111431316,0.0,20,-1.8883380976359474,0.0,-2.257636607218915,0.8507104804035741,0.48318924111431316,0.681075888568684,7521909.861264657,7.521909861264657,6,9.524586377473522,0.6635514018691588,10.711231611188433,0.5981308411214953,3.5070924041375364,0.34579439252336447,56.10068539287101,0.40186915887850466
INM-CM5-0_ssp126_scen01_no_drought_pert,,Tie,SPI12,SPI,0.9615754082612872,0.9615754082612872,0.0,199,-4.0,0.0,-2.540891246948595,0.7608955571084999,0.9615754082612872,1.0,134414.91249999998,0.13441491249999998,6,7.094843298786187,0.009345794392523364,12.610776639846494,0.9158878504672897,19.709697804669894,0.9439252336448598,101.62758955063248,0.9719626168224299
INM-CM5-0_ssp126_scen02_no_drought_pert,,Tie,SPI12,SPI,1.0,1.0,0.0,199,-4.0,0.0,-2.540891246948595,0.7608955571084999,1.0,1.0,134414.91249999998,0.13441491249999998,6,7.120031726977159,0.018691588785046728,9.911710930109043,0.4766355140186916,19.37848475759706,0.9345794392523364,92.01129795892001,0.8878504672897196
INM-CM5-0_ssp126_scen03_no_drought_pert,,Tie,SRI12,SRI,1.0,1.0,0.0,214,-4.0,0.0,-2.0615443051935975,0.705196159703668,1.0,1.0,134414.91249999998,0.13441491249999998,6,7.02688169373159,0.0,9.778792965949718,0.4485981308411215,21.41646387886946,0.9719626168224299,96.75698637216438,0.9345794392523364
INM-CM5-0_ssp245_scen01_no_drought_pert,,Tie,SPI12,SPI,0.9538904899135446,0.9538904899135446,0.0,199,-4.0,0.0,-2.540891246948595,0.7608955571084999,0.9538904899135446,1.0,134414.91249999998,0.13441491249999998,6,7.8981925689643315,0.19626168224299065,12.796197195135997,0.9626168224299065,14.56206951474551,0.8411214953271028,92.95424919381051,0.897196261682243
INM-CM5-0_ssp245_scen02_no_drought_pert,,Tie,SRI12,SRI,0.8876080691642652,0.8876080691642652,0.0,214,-4.0,0.0,-2.0615443051935975,0.705196159703668,0.8876080691642652,1.0,134414.91249999998,0.13441491249999998,6,8.139098009696442,0.2336448598130841,10.934263737044137,0.6355140186915887,12.793117499233627,0.7757009345794392,82.38150130272363,0.794392523364486
INM-CM5-0_ssp245_scen03_no_drought_pert,,Tie,SRI12,SRI,0.9394812680115274,0.9394812680115274,0.0,214,-4.0,0.0,-2.0615443051935975,0.705196159703668,0.9394812680115274,1.0,134414.91249999998,0.13441491249999998,6,7.998972734523776,0.21495327102803738,11.935746440322538,0.822429906542056,14.560083639245033,0.8317757009345794,88.8594604003672,0.8504672897196262
INM-CM5-0_ssp370_scen01_no_drought_pert,,Tie,SRI12,SRI,0.6829971181556196,0.6829971181556196,0.0,1557,-3.288123452870204,0.0,-2.397812278568235,0.9408781692015189,0.6829971181556196,0.8952929875120077,134414.91249999998,0.13441491249999998,6,8.932643469126146,0.4205607476635514,11.113615973233314,0.7102803738317757,7.774884612975105,0.6355140186915887,71.01923047502537,0.6915887850467289
INM-CM5-0_ssp370_scen02_no_drought_pert,,Tie,SPI12,SPI,0.5984630163304515,0.5984630163304515,0.0,199,-4.0,0.0,-2.540891246948595,0.7608955571084999,0.5984630163304515,0.9077809798270894,134414.91249999998,0.13441491249999998,6,8.950609688609152,0.4485981308411215,8.77110096760991,0.19626168224299065,8.814158034755112,0.6635514018691588,61.968533788318496,0.5794392523364486
INM-CM5-0_ssp370_scen03_no_drought_pert,,Tie,SPI12,SPI,0.6330451488952931,0.6330451488952931,0.0,199,-4.0,0.0,-2.540891246948595,0.7608955571084999,0.6330451488952931,0.8520653218059558,134414.91249999998,0.13441491249999998,6,8.848020718964635,0.40186915887850466,11.079721861809654,0.7009345794392523,6.072542882132063,0.5794392523364486,64.95959218759663,0.6261682242990654
INM-CM5-0_ssp585_scen01_no_drought_pert,,Tie,SRI12,SRI,0.5408261287223823,0.5408261287223823,0.0,691,-0.1619525161444965,0.0,-2.709174830506867,0.7523385770365985,0.5408261287223823,0.7704130643611912,134414.91249999998,0.13441491249999998,6,9.142373627498074,0.5233644859813084,10.321561165397156,0.5420560747663551,5.411296596858867,0.5420560747663551,60.15547193459637,0.5420560747663551
INM-CM5-0_ssp585_scen02_no_drought_pert,,Tie,SPI12,SPI,0.5523535062439962,0.5523535062439962,0.0,199,-4.0,0.0,-2.540891246948595,0.7608955571084999,0.5523535062439962,0.7877041306436119,134414.91249999998,0.13441491249999998,6,9.075335409605623,0.4953271028037383,10.069621792897886,0.48598130841121495,4.819235871548375,0.4953271028037383,59.72422326001037,0.5233644859813084
INM-CM5-0_ssp585_scen03_no_drought_pert,,Tie,SPI12,SPI,0.5533141210374639,0.5533141210374639,0.0,199,-4.0,0.0,-2.540891246948595,0.7608955571084999,0.5533141210374639,0.7761767531219981,134414.91249999998,0.13441491249999998,6,8.96740860287591,0.4672897196261682,9.67414726082563,0.40186915887850466,4.810807681653853,0.48598130841121495,57.75685323143659,0.4672897196261682
MIROC-ES2L_ssp126_scen01_no_drought_pert,,Tie,SRI12,SRI,0.9558117195004803,0.9558117195004803,0.0,214,-4.0,0.0,-2.0615443051935975,0.705196159703668,0.9558117195004803,1.0,134414.91249999998,0.13441491249999998,6,7.271900469807009,0.028037383177570093,10.608711975076464,0.5794392523364486,16.10971781917163,0.8691588785046729,84.5497160855364,0.8130841121495327
MIROC-ES2L_ssp126_scen02_no_drought_pert,,Tie,SPI12,SPI,0.9298751200768491,0.9298751200768491,0.0,199,-4.0,0.0,-2.540891246948595,0.7608955571084999,0.9298751200768491,1.0,134414.91249999998,0.13441491249999998,6,7.4107638701562575,0.11214953271028037,12.050023454749743,0.8317757009345794,15.453391696873263,0.8598130841121495,89.71934318072577,0.8691588785046729
MIROC-ES2L_ssp126_scen03_no_drought_pert,,Tie,SPI12,SPI,0.9721421709894332,0.9721421709894332,0.0,199,-4.0,0.0,-2.540891246948595,0.7608955571084999,0.9721421709894332,1.0,134414.91249999998,0.13441491249999998,6,7.3763703466264285,0.07476635514018691,12.236016940008158,0.8598130841121495,16.712977282705193,0.8785046728971962,93.03773874790043,0.9065420560747663
MIROC-ES2L_ssp245_scen01_no_drought_pert,,Tie,SPI12,SPI,0.7358309317963496,0.7358309317963496,0.0,199,-4.0,0.0,-2.540891246948595,0.7608955571084999,0.7358309317963496,1.0,134414.91249999998,0.13441491249999998,6,8.283247927606745,0.308411214953271,9.823362445289625,0.45794392523364486,11.070219643712024,0.7289719626168224,73.69646867925826,0.719626168224299
MIROC-ES2L_ssp245_scen02_no_drought_pert,,Tie,SPI12,SPI,0.8338136407300673,0.8338136407300673,0.0,199,-4.0,0.0,-2.540891246948595,0.7608955571084999,0.8338136407300673,1.0,134414.91249999998,0.13441491249999998,6,8.176185797485017,0.2523364485981308,9.589005548195697,0.37383177570093457,13.594427405847526,0.8037383177570093,77.24079872361864,0.7570093457943925
MIROC-ES2L_ssp245_scen03_no_drought_pert,,Tie,SRI12,SRI,0.7396733909702209,0.7396733909702209,0.0,1291,-3.950815840743571,0.0,-2.1993455383625986,0.7089952984060895,0.7396733909702209,1.0,134414.91249999998,0.13441491249999998,6,8.175693882615162,0.24299065420560748,9.743124003695609,0.42990654205607476,11.88410817950479,0.7476635514018691,74.29796435926838,0.7289719626168224
MIROC-ES2L_ssp370_scen01_no_drought_pert,,Tie,SPI12,SPI,0.6157540826128722,0.6157540826128722,0.0,199,-4.0,0.0,-2.540891246948595,0.7608955571084999,0.6157540826128722,0.9173871277617676,134414.91249999998,0.13441491249999998,6,9.2130840861356,0.5607476635514018,9.728095431879554,0.4205607476635514,8.350267095485686,0.6542056074766355,64.38769590795356,0.6074766355140186
MIROC-ES2L_ssp370_scen02_no_drought_pert,,Tie,SPI6,SPI,0.5283381364073007,0.5283381364073007,0.0,117,-0.03405903097646795,0.0,-0.06494452999186881,0.9954690149974704,0.5283381364073007,0.8049951969260327,15943354.219637513,15.943354219637513,6,9.217176427183496,0.5700934579439252,8.867273815982607,0.2336448598130841,6.408552433607669,0.5981308411214953,59.1972070452073,0.5046728971962616
MIROC-ES2L_ssp370_scen03_no_drought_pert,,Tie,SPI12,SPI,0.531219980787704,0.531219980787704,0.0,199,-4.0,0.0,-2.540891246948595,0.7608955571084999,0.531219980787704,0.7886647454370798,134414.91249999998,0.13441491249999998,6,9.318827111428988,0.6074766355140186,8.860765984310733,0.21495327102803738,6.375912833123232,0.5887850467289719,60.17258123321102,0.5514018691588785
MIROC-ES2L_ssp585_scen01_no_drought_pert,,Tie,SPI6,SPI,0.4918347742555236,0.4918347742555236,0.0,1,-2.8567570169328063,0.0,-2.488320080986748,0.7485551166159767,0.4918347742555236,0.6926032660902978,6323826.563890485,6.323826563890485,6,9.996720699911661,0.7570093457943925,9.666576220650132,0.3925233644859813,2.2632514283107406,0.27102803738317754,52.86795127446045,0.3177570093457944
MIROC-ES2L_ssp585_scen02_no_drought_pert,,Tie,SPI12,SPI,0.47742555235350626,0.47742555235350626,0.0,199,-4.0,0.0,-2.540891246948595,0.7608955571084999,0.47742555235350626,0.6733909702209414,134414.91249999998,0.13441491249999998,6,9.997834470352448,0.7663551401869159,9.321046923083273,0.308411214953271,2.2362268285743565,0.2523364485981308,51.99449603015054,0.29906542056074764
MIROC-ES2L_ssp585_scen03_no_drought_pert,,Tie,SPI12,SPI,0.48414985590778103,0.48414985590778103,0.0,199,-4.0,0.0,-2.540891246948595,0.7608955571084999,0.48414985590778103,0.712776176753122,134414.91249999998,0.13441491249999998,6,10.022787678523665,0.7757009345794392,8.225438678382691,0.1308411214953271,3.716771443251865,0.3644859813084112,52.17201926287789,0.308411214953271
MIROC6_ssp126_scen01_no_drought_pert,,Tie,SPI12,SPI,0.7252641690682036,0.7252641690682036,0.0,199,-4.0,0.0,-2.540891246948595,0.7608955571084999,0.7252641690682036,0.9221902017291066,134414.91249999998,0.13441491249999998,6,7.595789537990567,0.14018691588785046,11.179522724203562,0.7476635514018691,9.88233901288422,0.7009345794392523,75.5192296676531,0.7383177570093458
MIROC6_ssp126_scen02_no_drought_pert,,Tie,SPI12,SPI,0.6954851104707013,0.6954851104707013,0.0,199,-4.0,0.0,-2.540891246948595,0.7608955571084999,0.6954851104707013,0.9875120076849183,134414.91249999998,0.13441491249999998,6,7.651144070603995,0.1588785046728972,8.931590581409818,0.2523364485981308,11.010729961122443,0.719626168224299,71.17640955165949,0.7009345794392523
MIROC6_ssp126_scen03_no_drought_pert,,Tie,SRI12,SRI,0.6560999039385207,0.6560999039385207,0.0,1557,-3.288123452870204,0.0,-2.397812278568235,0.9408781692015189,0.6560999039385207,0.9087415946205571,134414.91249999998,0.13441491249999998,6,7.61494912207381,0.14953271028037382,9.626287630200338,0.38317757009345793,9.779406409078112,0.6728971962616822,69.65619883171505,0.6728971962616822
MIROC6_ssp245_scen01_no_drought_pert,,Tie,SPI12,SPI,0.39961575408261285,0.39961575408261285,0.0,199,-4.0,0.0,-2.540891246948595,0.7608955571084999,0.39961575408261285,0.5523535062439962,134414.91249999998,0.13441491249999998,6,8.846326159362482,0.3925233644859813,8.31639265414745,0.14018691588785046,3.6696587432982195,0.35514018691588783,48.577955717005324,0.2523364485981308
MIROC6_ssp245_scen02_no_drought_pert,,Tie,SPI12,SPI,0.3707973102785783,0.3707973102785783,0.0,199,-4.0,0.0,-2.540891246948595,0.7608955571084999,0.3707973102785783,0.5062439961575409,134414.91249999998,0.13441491249999998,6,8.92611054493492,0.411214953271028,6.79823062313845,0.028037383177570093,3.9389847428545455,0.411214953271028,45.6403227710596,0.19626168224299065
MIROC6_ssp245_scen03_no_drought_pert,,Tie,SPI12,SPI,0.3871277617675313,0.3871277617675313,0.0,199,-4.0,0.0,-2.540891246948595,0.7608955571084999,0.3871277617675313,0.5369836695485111,134414.91249999998,0.13441491249999998,6,8.960176596382091,0.45794392523364486,7.598896232092706,0.09345794392523364,3.867674641073866,0.3925233644859813,47.199437109668516,0.2336448598130841
MIROC6_ssp370_scen01_no_drought_pert,,Tie,SPI6,SPI,0.3410182516810759,0.3410182516810759,0.0,556,-3.4256252837431314,0.0,-2.389653281865095,0.7883563842597315,0.3410182516810759,0.42074927953890495,134414.91249999998,0.13441491249999998,6,9.57436811139304,0.6822429906542056,7.078478365102942,0.06542056074766354,2.1501495081760593,0.2336448598130841,41.923687401885545,0.1308411214953271
MIROC6_ssp370_scen02_no_drought_pert,,Tie,SPI12,SPI,0.34870317002881845,0.34870317002881845,0.0,199,-4.0,0.0,-2.540891246948595,0.7608955571084999,0.34870317002881845,0.457252641690682,134414.91249999998,0.13441491249999998,6,9.450368157158808,0.6448598130841121,7.2741911806985025,0.07476635514018691,2.251797211000895,0.2616822429906542,41.87098529562512,0.12149532710280374
MIROC6_ssp370_scen03_no_drought_pert,,Tie,SRI3,SRI,0.40922190201729103,0.40922190201729103,0.0,1408,-1.8411085835155845,0.0,0.0,0.9965920198111775,0.40922190201729103,0.5533141210374639,18113022.738062836,18.113022738062835,6,9.613643163576043,0.6915887850467289,7.33844147077288,0.08411214953271028,3.919664233584811,0.40186915887850466,47.08072693666674,0.22429906542056074
MIROC6_ssp585_scen01_no_drought_pert,,Tie,SPI12,SPI,0.2728146013448607,0.2728146013448607,0.0,199,-4.0,0.0,-2.540891246948595,0.7608955571084999,0.2728146013448607,0.28626320845341013,134414.91249999998,0.13441491249999998,6,10.605422795104834,0.8785046728971962,5.978350841169854,0.0,0.013781842972184495,0.11214953271028037,32.46715306233495,0.0
MIROC6_ssp585_scen02_no_drought_pert,,Tie,SPI12,SPI,0.2843419788664745,0.2843419788664745,0.0,199,-4.0,0.0,-2.540891246948595,0.7608955571084999,0.2843419788664745,0.29490874159462055,134414.91249999998,0.13441491249999998,6,10.597980936927058,0.8691588785046729,6.357580224028724,0.009345794392523364,0.0,0.04672897196261682,33.09135224773918,0.009345794392523364
MIROC6_ssp585_scen03_no_drought_pert,,Tie,SPI12,SPI,0.2968299711815562,0.2968299711815562,0.0,66,-3.1257738582008368,0.0,-2.4980003903132175,0.7667711082707326,0.2968299711815562,0.32756964457252646,13771477.568369765,13.771477568369765,6,10.749831252893898,0.897196261682243,6.631057613851125,0.018691588785046728,0.0,0.04672897196261682,35.11322037737339,0.028037383177570093
MPI-ESM1-2-LR_ssp126_scen01_no_drought_pert,,Tie,SPI12,SPI,0.7243035542747358,0.7243035542747358,0.0,199,-4.0,0.0,-2.540891246948595,0.7608955571084999,0.7243035542747358,0.9759846301633045,134414.91249999998,0.13441491249999998,6,7.365005562010756,0.06542056074766354,14.043704065299218,1.0,9.827753559002794,0.6915887850467289,79.43625470854221,0.7663551401869159
MPI-ESM1-2-LR_ssp126_scen02_no_drought_pert,,Tie,SPI12,SPI,0.878001921229587,0.878001921229587,0.0,199,-4.0,0.0,-2.540891246948595,0.7608955571084999,0.878001921229587,1.0,134414.91249999998,0.13441491249999998,6,7.496910296417559,0.1308411214953271,12.073272068997817,0.8411214953271028,13.155298172091298,0.794392523364486,82.75333680030717,0.8037383177570093
MPI-ESM1-2-LR_ssp126_scen03_no_drought_pert,,Tie,SPI12,SPI,0.8933717579250721,0.8933717579250721,0.0,199,-4.0,0.0,-2.540891246948595,0.7608955571084999,0.8933717579250721,1.0,134414.91249999998,0.13441491249999998,6,7.480357081206646,0.12149532710280374,13.645613404800581,0.9906542056074766,12.052270180857642,0.7663551401869159,88.88420957355287,0.8598130841121495
MPI-ESM1-2-LR_ssp245_scen01_no_drought_pert,,Tie,SPI12,SPI,0.505283381364073,0.505283381364073,0.0,199,-4.0,0.0,-2.540891246948595,0.7608955571084999,0.505283381364073,0.6628242074927955,134414.91249999998,0.13441491249999998,6,8.253252544881025,0.29906542056074764,11.784371907659068,0.8037383177570093,2.9880219581440444,0.308411214953271,56.99033913842967,0.4205607476635514
MPI-ESM1-2-LR_ssp245_scen02_no_drought_pert,,Tie,SRI12,SRI,0.5062439961575409,0.5062439961575409,0.0,691,-0.1619525161444965,0.0,-2.709174830506867,0.7523385770365985,0.5062439961575409,0.6666666666666667,134414.91249999998,0.13441491249999998,6,8.341497511067002,0.35514018691588783,9.751710634179805,0.4392523364485981,4.27585772866683,0.42990654205607476,54.2792870441342,0.37383177570093457
MPI-ESM1-2-LR_ssp245_scen03_no_drought_pert,,Tie,SPI12,SPI,0.4553314121037464,0.4553314121037464,0.0,199,-4.0,0.0,-2.540891246948595,0.7608955571084999,0.4553314121037464,0.6147934678194045,134414.91249999998,0.13441491249999998,6,8.246724114335812,0.2803738317757009,11.120744859939801,0.719626168224299,3.0757503310157674,0.3177570093457944,53.26650225122788,0.3364485981308411
MPI-ESM1-2-LR_ssp370_scen01_no_drought_pert,,Tie,SPI3,SPI,0.46013448607108554,0.46013448607108554,0.0,20,-1.8883380976359474,0.0,-2.257636607218915,0.8507104804035741,0.46013448607108554,0.6186359269932757,9439686.752855783,9.439686752855783,6,9.339906248788054,0.616822429906542,9.384948407752903,0.34579439252336447,2.3650431509591714,0.2897196261682243,49.187301355411684,0.2616822429906542
MPI-ESM1-2-LR_ssp370_scen02_no_drought_pert,,Tie,SPI6,SPI,0.40249759846301636,0.40249759846301636,0.0,556,-3.4256252837431314,0.0,-2.389653281865095,0.7883563842597315,0.40249759846301636,0.5533141210374639,134414.91249999998,0.13441491249999998,6,9.38224157447371,0.6355140186915887,8.655536786789378,0.17757009345794392,2.2335945467781775,0.24299065420560748,46.50281550860182,0.205607476635514
MPI-ESM1-2-LR_ssp370_scen03_no_drought_pert,,Tie,SPI12,SPI,0.3323727185398655,0.3323727185398655,0.0,212,-0.16391900407997448,0.0,-2.299127013008144,0.8566027794269906,0.3323727185398655,0.4140249759846302,9920949.133792447,9.920949133792448,6,9.303175171474596,0.5981308411214953,7.726520858686819,0.102803738317757,1.290265611506138,0.21495327102803738,40.928869837255064,0.08411214953271028
MPI-ESM1-2-LR_ssp585_scen01_no_drought_pert,,Tie,SPI12,SPI,0.31604226705091254,0.31604226705091254,0.0,199,-4.0,0.0,-2.540891246948595,0.7608955571084999,0.31604226705091254,0.3592699327569645,134414.91249999998,0.13441491249999998,6,10.143387101580055,0.794392523364486,8.503358818138803,0.1588785046728972,0.4316319876774903,0.1588785046728972,37.6362354250285,0.056074766355140186
MPI-ESM1-2-LR_ssp585_scen02_no_drought_pert,,Tie,SPI12,SPI,0.3285302593659942,0.3285302593659942,0.0,212,-0.16391900407997448,0.0,-2.299127013008144,0.8566027794269906,0.3285302593659942,0.3746397694524496,16449938.67489703,16.44993867489703,6,10.238459983749987,0.8130841121495327,8.13600218928824,0.12149532710280374,0.14807431799462262,0.1308411214953271,38.526946010053805,0.06542056074766354
MPI-ESM1-2-LR_ssp585_scen03_no_drought_pert,,Tie,SPI12,SPI,0.377521613832853,0.377521613832853,0.0,359,-1.3027745153062917,0.0,-1.552951172355784,0.9698427134821757,0.377521613832853,0.47454370797310275,15566478.965588108,15.566478965588107,6,10.267978939701932,0.8317757009345794,8.861825164596267,0.22429906542056074,0.5183700808483893,0.17757009345794392,42.166543714327,0.14018691588785046
MRI-ESM2-0_ssp126_scen01_no_drought_pert,,Tie,SPI12,SPI,0.9010566762728146,0.9010566762728146,0.0,199,-4.0,0.0,-2.540891246948595,0.7608955571084999,0.9010566762728146,1.0,134414.91249999998,0.13441491249999998,6,7.847264367807904,0.17757009345794392,12.653725984607076,0.9345794392523364,13.843196690844637,0.8130841121495327,87.3714070940926,0.8411214953271028
MRI-ESM2-0_ssp126_scen02_no_drought_pert,,Tie,SPI12,SPI,0.9884726224783862,0.9884726224783862,0.0,199,-4.0,0.0,-2.540891246948595,0.7608955571084999,0.9884726224783862,1.0,134414.91249999998,0.13441491249999998,6,7.856792561192155,0.18691588785046728,13.402227648901551,0.9719626168224299,17.217825485097265,0.897196261682243,98.40940323719934,0.9439252336448598
MRI-ESM2-0_ssp126_scen03_no_drought_pert,,Tie,SPI12,SPI,0.9106628242074928,0.9106628242074928,0.0,199,-4.0,0.0,-2.540891246948595,0.7608955571084999,0.9106628242074928,1.0,134414.91249999998,0.13441491249999998,6,7.8041337626635645,0.16822429906542055,13.631053581887446,0.9813084112149533,14.303784833494928,0.822429906542056,90.14990318292331,0.8785046728971962
MRI-ESM2-0_ssp245_scen01_no_drought_pert,,Tie,SPI12,SPI,0.5110470701248799,0.5110470701248799,0.0,199,-4.0,0.0,-2.540891246948595,0.7608955571084999,0.5110470701248799,0.7146974063400576,134414.91249999998,0.13441491249999998,6,9.023955015013314,0.48598130841121495,10.997398904913851,0.6635514018691588,4.584644496240721,0.4672897196261682,57.84187057004477,0.4766355140186916
MRI-ESM2-0_ssp245_scen02_no_drought_pert,,Tie,SPI12,SPI,0.5072046109510087,0.5072046109510087,0.0,199,-4.0,0.0,-2.540891246948595,0.7608955571084999,0.5072046109510087,0.7118155619596542,134414.91249999998,0.13441491249999998,6,8.94840328916806,0.4392523364485981,10.366872524955152,0.5607476635514018,4.501246689386484,0.45794392523364486,55.21459896932102,0.38317757009345793
MRI-ESM2-0_ssp245_scen03_no_drought_pert,,Tie,SPI12,SPI,0.5139289145052834,0.5139289145052834,0.0,199,-4.0,0.0,-2.540891246948595,0.7608955571084999,0.5139289145052834,0.712776176753122,134414.91249999998,0.13441491249999998,6,9.077453271413107,0.5046728971962616,11.281754817217632,0.7570093457943925,4.046548528199851,0.4205607476635514,58.65485730534393,0.4953271028037383
MRI-ESM2-0_ssp370_scen01_no_drought_pert,,Tie,SPI12,SPI,0.473583093179635,0.473583093179635,0.0,199,-4.0,0.0,-2.540891246948595,0.7608955571084999,0.473583093179635,0.6340057636887608,134414.91249999998,0.13441491249999998,6,10.149374994439892,0.8037383177570093,10.083631221673134,0.4953271028037383,3.198408475621321,0.32710280373831774,50.76593009739553,0.2897196261682243
MRI-ESM2-0_ssp370_scen02_no_drought_pert,,Tie,SPI12,SPI,0.5437079731027858,0.5437079731027858,0.0,199,-4.0,0.0,-2.540891246948595,0.7608955571084999,0.5437079731027858,0.7185398655139289,134414.91249999998,0.13441491249999998,6,10.251260493235852,0.822429906542056,12.151264354342533,0.8504672897196262,2.339066779022258,0.2803738317757009,57.90706807825777,0.48598130841121495
MRI-ESM2-0_ssp370_scen03_no_drought_pert,,Tie,SPI12,SPI,0.5609990393852065,0.5609990393852065,0.0,199,-4.0,0.0,-2.540891246948595,0.7608955571084999,0.5609990393852065,0.7339097022094141,134414.91249999998,0.13441491249999998,6,10.085718789561492,0.7850467289719626,11.024263315638015,0.6822429906542056,2.8496335598900537,0.29906542056074764,56.61572799520419,0.411214953271028
MRI-ESM2-0_ssp585_scen01_no_drought_pert,,Tie,SPI12,SPI,0.41498559077809793,0.41498559077809793,0.0,199,-4.0,0.0,-2.540891246948595,0.7608955571084999,0.41498559077809793,0.5244956772334294,134414.91249999998,0.13441491249999998,6,11.036616638373527,0.9252336448598131,9.582853385916174,0.3644859813084112,0.0,0.04672897196261682,44.08607519767427,0.16822429906542055
MRI-ESM2-0_ssp585_scen02_no_drought_pert,,Tie,SPI12,SPI,0.43611911623439004,0.43611911623439004,0.0,199,-4.0,0.0,-2.540891246948595,0.7608955571084999,0.43611911623439004,0.5254562920268973,134414.91249999998,0.13441491249999998,6,11.183914133886757,0.9439252336448598,9.159668327657625,0.29906542056074764,0.0,0.04672897196261682,44.55336787607449,0.18691588785046728
MRI-ESM2-0_ssp585_scen03_no_drought_pert,,Tie,SRI12,SRI,0.38136407300672426,0.38136407300672426,0.0,1408,-0.04259199628487642,0.0,-0.8078131162736746,0.9949352074334148,0.38136407300672426,0.44476464937560034,13612946.140155233,13.612946140155234,6,11.123080925228416,0.9345794392523364,9.147853512076422,0.2803738317757009,0.0,0.04672897196261682,41.182109192578125,0.11214953271028037
NorESM2-MM_ssp126_scen01_no_drought_pert,,Tie,SPI12,SPI,0.9913544668587896,0.9913544668587896,0.0,199,-4.0,0.0,-2.540891246948595,0.7608955571084999,0.9913544668587896,1.0,134414.91249999998,0.13441491249999998,6,7.279487183209604,0.037383177570093455,12.492594070910016,0.9065420560747663,17.905456802039495,0.9158878504672897,95.41923749940588,0.9252336448598131
NorESM2-MM_ssp126_scen02_no_drought_pert,,Tie,SPI12,SPI,0.9855907780979827,0.9855907780979827,0.0,199,-4.0,0.0,-2.540891246948595,0.7608955571084999,0.9855907780979827,1.0,134414.91249999998,0.13441491249999998,6,7.385164338702115,0.09345794392523364,9.579020950140134,0.35514018691588783,17.72698086380846,0.9065420560747663,86.85964363464173,0.822429906542056
NorESM2-MM_ssp126_scen03_no_drought_pert,,Tie,SPI12,SPI,0.9241114313160422,0.9241114313160422,0.0,199,-4.0,0.0,-2.540891246948595,0.7608955571084999,0.9241114313160422,1.0,134414.91249999998,0.13441491249999998,6,7.385274926911055,0.102803738317757,10.104296906958652,0.5046728971962616,17.114742950920395,0.8878504672897196,86.94085365262285,0.8317757009345794
NorESM2-MM_ssp245_scen01_no_drought_pert,,Tie,SPI12,SPI,0.6388088376560999,0.6388088376560999,0.0,199,-4.0,0.0,-2.540891246948595,0.7608955571084999,0.6388088376560999,0.8799231508165226,134414.91249999998,0.13441491249999998,6,8.184941583320006,0.2616822429906542,10.792142996033864,0.616822429906542,7.883214292816991,0.6448598130841121,67.71826922247266,0.6542056074766355
NorESM2-MM_ssp245_scen02_no_drought_pert,,Tie,SRI12,SRI,0.5994236311239194,0.5994236311239194,0.0,1557,-3.288123452870204,0.0,-2.397812278568235,0.9408781692015189,0.5994236311239194,0.8578290105667628,134414.91249999998,0.13441491249999998,6,8.302811032344506,0.32710280373831774,11.149496794483444,0.7289719626168224,6.636069292115391,0.6074766355140186,65.71788617761737,0.6355140186915887
NorESM2-MM_ssp245_scen03_no_drought_pert,,Tie,SPI12,SPI,0.5523535062439962,0.5523535062439962,0.0,199,-4.0,0.0,-2.540891246948595,0.7608955571084999,0.5523535062439962,0.8501440922190202,134414.91249999998,0.13441491249999998,6,8.325747637206739,0.3364485981308411,11.072511096833667,0.6915887850467289,5.570138909807239,0.5514018691588785,61.54339681598807,0.5700934579439252
NorESM2-MM_ssp370_scen01_no_drought_pert,,Tie,SPI3,SPI,0.4726224783861671,0.4726224783861671,0.0,579,-3.18463545600127,0.0,-2.1821079747406094,0.8743149606085947,0.4726224783861671,0.6320845341018252,8617984.771713879,8.617984771713878,6,9.173022814499879,0.5327102803738317,9.326128075817632,0.3177570093457944,4.358356922902163,0.4392523364485981,53.41991703455794,0.34579439252336447
NorESM2-MM_ssp370_scen02_no_drought_pert,,Tie,SPI6,SPI,0.5177713736791547,0.5177713736791547,0.0,556,-3.4256252837431314,0.0,-2.389653281865095,0.7883563842597315,0.5177713736791547,0.707973102785783,134414.91249999998,0.13441491249999998,6,9.19222883387119,0.5514018691588785,9.849547189341617,0.4672897196261682,4.88839866974065,0.514018691588785,57.653066364465346,0.45794392523364486
NorESM2-MM_ssp370_scen03_no_drought_pert,,Tie,SPI12,SPI,0.531219980787704,0.531219980787704,0.0,199,-4.0,0.0,-2.540891246948595,0.7608955571084999,0.531219980787704,0.7319884726224783,134414.91249999998,0.13441491249999998,6,9.13071651169154,0.514018691588785,11.808905708929661,0.8130841121495327,3.7638557398606776,0.38317757009345793,57.312738112607754,0.42990654205607476
NorESM2-MM_ssp585_scen01_no_drought_pert,,Tie,SRI12,SRI,0.6243996157540825,0.6243996157540825,0.0,691,-0.1619525161444965,0.0,-2.709174830506867,0.7523385770365985,0.6243996157540825,0.8097982708933718,134414.91249999998,0.13441491249999998,6,9.848179211133006,0.7476635514018691,12.476342194059765,0.897196261682243,5.687978668406489,0.5607476635514018,67.39669410413134,0.6448598130841121
NorESM2-MM_ssp585_scen02_no_drought_pert,,Tie,SPI6,SPI,0.5494716618635926,0.5494716618635926,0.0,556,-3.4256252837431314,0.0,-2.389653281865095,0.7883563842597315,0.5494716618635926,0.8097982708933718,134414.91249999998,0.13441491249999998,6,9.825645502055892,0.7383177570093458,10.12634904244707,0.514018691588785,4.708617024593917,0.4766355140186916,57.342230131821275,0.4485981308411215
NorESM2-MM_ssp585_scen03_no_drought_pert,,Tie,SPI12,SPI,0.5379442843419788,0.5379442843419788,0.0,199,-4.0,0.0,-2.540891246948595,0.7608955571084999,0.5379442843419788,0.7752161383285303,134414.91249999998,0.13441491249999998,6,9.673530949331909,0.7102803738317757,10.989970857281232,0.6542056074766355,3.732303595682091,0.37383177570093457,57.32775849427239,0.4392523364485981
