scenario_name,winner_indicator,winner_family,deterministic_tiebreak_indicator,deterministic_tiebreak_family,mean_cost_cap_million,best_spi_urban_reliability,best_sri_urban_reliability,spi_minus_sri_urban_reliability,source_policy_index,source_policy_mean_total_cost,source_policy_mean_total_cost_million,contract_threshold,contract_action,demand_threshold,demand_action,urban_reliability,scenario_total_cost,scenario_total_cost_million,agricultural_reliability,indicators_tied_at_max_urban,temperature_metric,temperature_percentile,precipitation_metric,precipitation_percentile,glacier_metric,glacier_percentile,streamflow_metric,streamflow_percentile
ACCESS-CM2_ssp126_scen01_no_drought_pert,,Tie,SRI12,SRI,5000.0,1.0,1.0,0.0,1266,247412990.47691575,247.41299047691575,-0.7609746695677635,0.0,-1.2776313555356107,0.8460995815205353,1.0,142766145.894668,142.766145894668,0.8434197886647454,6,8.246758693119077,0.2897196261682243,12.358682322930193,0.8691588785046729,11.970713822259402,0.7570093457943925,82.0719846896954,0.7850467289719626
ACCESS-CM2_ssp126_scen02_no_drought_pert,,Tie,SRI12,SRI,5000.0,1.0,1.0,0.0,214,160992663.6066663,160.9926636066663,-4.0,0.0,-2.0615443051935975,0.705196159703668,1.0,134414.91249999998,0.13441491249999998,0.9020172910662825,6,8.332528674681495,0.34579439252336447,10.965986592429935,0.6448598130841121,12.934968554865998,0.7850467289719626,80.83942289988211,0.7757009345794392
ACCESS-CM2_ssp126_scen03_no_drought_pert,,Tie,SPI6,SPI,5000.0,1.0,1.0,0.0,552,39596612.34043194,39.596612340431946,-4.0,0.0,-1.9816364091778258,0.7592021726675336,1.0,17724983.14188385,17.72498314188385,0.7002881844380404,6,8.297780384257742,0.3177570093457944,11.32652929422824,0.7663551401869159,9.809554277269152,0.6822429906542056,72.6548113357868,0.7102803738317757
ACCESS-CM2_ssp245_scen01_no_drought_pert,SRI3,SRI,SRI3,SRI,5000.0,0.9884726224783862,0.9942363112391931,-0.0057636887608069065,422,4812648384.913741,4812.648384913741,-0.004045227126631072,81.66445710596345,0.0,0.7,0.9942363112391931,4931665961.049251,4931.665961049251,0.6147934678194045,1,9.254886974669269,0.5794392523364486,10.710124358229361,0.5887850467289719,5.397470828209733,0.5327102803738317,63.10612924735439,0.5981308411214953
ACCESS-CM2_ssp245_scen02_no_drought_pert,,Tie,SPI6,SPI,5000.0,1.0,1.0,0.0,127,688849683.9411552,688.8496839411551,-0.001136414474851289,0.0,-0.401702366492099,0.7158780609091141,1.0,588430926.5421629,588.4309265421629,0.7098943323727185,5,9.356907745148249,0.6261682242990654,11.391082840364742,0.7757009345794392,7.7431377452354795,0.6261682242990654,70.3582153792634,0.6822429906542056
ACCESS-CM2_ssp245_scen03_no_drought_pert,,Tie,SPI12,SPI,5000.0,0.9980787704130644,0.9980787704130644,0.0,241,884194697.3374215,884.1946973374215,-3.7566258597796343,0.0,-0.12464523324103642,0.7065299309637116,0.9980787704130644,1038961975.209548,1038.961975209548,0.5878962536023055,2,9.262255738535675,0.5887850467289719,11.02360635633899,0.6728971962616822,6.951010556413485,0.616822429906542,64.49297130789174,0.616822429906542
ACCESS-CM2_ssp370_scen01_no_drought_pert,SRI3,SRI,SRI3,SRI,5000.0,0.8117195004803074,0.8799231508165226,-0.06820365033621523,780,4983833941.074873,4983.833941074873,0.0,98.7926855913045,0.0,0.7000083114403135,0.8799231508165226,4173208551.3118105,4173.208551311811,0.4707012487992315,1,10.298836347595163,0.8411214953271028,12.420216575897523,0.8878504672897196,0.6771364513580496,0.19626168224299065,53.061923932895944,0.32710280373831774
ACCESS-CM2_ssp370_scen02_no_drought_pert,SRI3,SRI,SRI3,SRI,5000.0,0.8501440922190202,0.8770413064361191,-0.026897214217098897,422,4812648384.913741,4812.648384913741,-0.004045227126631072,81.66445710596345,0.0,0.7,0.8770413064361191,4366322558.674803,4366.322558674803,0.5446685878962536,1,10.549646671198808,0.8598130841121495,12.403759837415452,0.8785046728971962,1.494890760763309,0.22429906542056074,59.97302899834677,0.5327102803738317
ACCESS-CM2_ssp370_scen03_no_drought_pert,SRI3,SRI,SRI3,SRI,5000.0,0.8222862632084534,0.8799231508165226,-0.057636887608069176,1145,4964352818.944255,4964.352818944255,0.0,96.71359945619145,0.0,0.7,0.8799231508165226,4188185688.6009483,4188.185688600948,0.48991354466858794,1,10.47256204779418,0.8504672897196262,12.640756460733522,0.9252336448598131,0.5447709680434089,0.18691588785046728,55.829337136426574,0.3925233644859813
ACCESS-CM2_ssp585_scen01_no_drought_pert,SRI12,SRI,SRI12,SRI,5000.0,0.7829010566762729,0.8059558117195005,-0.023054755043227626,1758,4969204437.819796,4969.204437819795,-0.00013259392507069048,96.53305601529519,-0.0014637359101769285,0.7000490385464493,0.8059558117195005,4338822538.227448,4338.822538227449,0.44764649375600385,1,11.466518964204113,0.9626168224299065,10.461902618271044,0.5700934579439252,0.17839457080452947,0.14018691588785046,49.233932629678904,0.27102803738317754
ACCESS-CM2_ssp585_scen02_no_drought_pert,SRI3,SRI,SRI3,SRI,5000.0,0.7886647454370798,0.8213256484149856,-0.032660902977905804,1145,4964352818.944255,4964.352818944255,0.0,96.71359945619145,0.0,0.7,0.8213256484149856,3616758658.154524,3616.758658154524,0.4438040345821326,1,11.39175758901366,0.9532710280373832,11.411448539584336,0.7850467289719626,8.345941191388671e-06,0.102803738317757,47.946040612785,0.24299065420560748
ACCESS-CM2_ssp585_scen03_no_drought_pert,SRI3,SRI,SRI3,SRI,5000.0,0.7348703170028819,0.8097982708933718,-0.0749279538904899,1145,4964352818.944255,4964.352818944255,0.0,96.71359945619145,0.0,0.7,0.8097982708933718,3835575472.9401236,3835.5754729401237,0.43227665706051877,1,11.478519648245916,0.9719626168224299,10.283660932365674,0.5327102803738317,0.17943747468257015,0.14953271028037382,46.79058886678721,0.21495327102803738
CNRM-CM6-1_ssp126_scen01_no_drought_pert,SPI6,SPI,SPI6,SPI,5000.0,0.9298751200768491,0.903938520653218,0.025936599423631135,39,4898960410.846699,4898.960410846698,-4.985005845098867e-07,98.59781919615519,0.0,0.7000108420948267,0.9298751200768491,4098614344.36144,4098.61434436144,0.46205571565802117,1,8.71311434784831,0.37383177570093457,9.032486455125284,0.27102803738317754,4.896177026094735,0.5233644859813084,54.08449282126896,0.3644859813084112
CNRM-CM6-1_ssp126_scen02_no_drought_pert,SPI3,SPI,SPI3,SPI,5000.0,0.9673390970220941,0.9087415946205571,0.05859750240153694,354,4990187645.6574545,4990.187645657455,0.0,109.89250955851708,0.0,0.7,0.9673390970220941,4284208588.166068,4284.208588166068,0.5196926032660902,1,8.780253874714392,0.38317757009345793,10.825320035649787,0.6261682242990654,4.466606987506163,0.4485981308411215,59.232185619069234,0.514018691588785
CNRM-CM6-1_ssp126_scen03_no_drought_pert,SRI3,SRI,SRI3,SRI,5000.0,0.9490874159462056,0.968299711815562,-0.019212295869356355,1145,4964352818.944255,4964.352818944255,0.0,96.71359945619145,0.0,0.7,0.968299711815562,4517592967.927305,4517.592967927305,0.45917387127761766,3,8.646819747180851,0.3644859813084112,9.367849281436037,0.32710280373831774,4.871880125340332,0.5046728971962616,53.81224740243157,0.35514018691588783
CNRM-CM6-1_ssp245_scen01_no_drought_pert,SRI12,SRI,SRI12,SRI,5000.0,0.6484149855907781,0.6935638808837656,-0.04514889529298749,592,4989697116.256036,4989.697116256036,-0.0018524762389914573,98.6408479772816,0.0,0.7,0.6935638808837656,3644472968.7435904,3644.47296874359,0.36695485110470705,1,9.67399776220986,0.719626168224299,8.79184967420288,0.205607476635514,0.5094178810758313,0.16822429906542055,40.93014084508016,0.09345794392523364
CNRM-CM6-1_ssp245_scen02_no_drought_pert,SRI12,SRI,SRI12,SRI,5000.0,0.6887608069164265,0.7271853986551393,-0.03842459173871282,1080,4949187037.109542,4949.187037109542,0.0,94.3681413527504,0.0,0.7,0.7271853986551393,3794146824.3918476,3794.1468243918475,0.37848222862632086,1,9.808832208919025,0.7289719626168224,8.879541521405319,0.24299065420560748,0.8992352261126023,0.205607476635514,43.0564199818998,0.14953271028037382
CNRM-CM6-1_ssp245_scen03_no_drought_pert,SRI3,SRI,SRI3,SRI,5000.0,0.6772334293948127,0.7012487992315082,-0.0240153698366955,780,4983833941.074873,4983.833941074873,0.0,98.7926855913045,0.0,0.7000083114403135,0.7012487992315082,3540732457.937278,3540.732457937278,0.4005763688760807,1,9.639740813266084,0.7009345794392523,9.707310090462107,0.411214953271028,0.10246078999560877,0.12149532710280374,44.4775539133566,0.17757009345794392
CNRM-CM6-1_ssp370_scen01_no_drought_pert,SRI3,SRI,SRI3,SRI,5000.0,0.6243996157540825,0.6253602305475504,-0.0009606147934678733,660,4999613531.893363,4999.613531893363,0.0,100.49572896720998,0.0,0.7,0.6253602305475504,3175930109.396056,3175.930109396056,0.38520653218059553,1,10.804658200286681,0.9158878504672897,8.519468709566967,0.16822429906542055,0.0,0.04672897196261682,41.089059636429084,0.102803738317757
CNRM-CM6-1_ssp370_scen02_no_drought_pert,SRI12,SRI,SRI12,SRI,5000.0,0.5898174831892411,0.6320845341018252,-0.04226705091258409,592,4989697116.256036,4989.697116256036,-0.0018524762389914573,98.6408479772816,0.0,0.7,0.6320845341018252,3344823634.4714537,3344.8236344714537,0.356388088376561,1,10.670036555716425,0.8878504672897196,8.364142099973082,0.14953271028037382,0.0,0.04672897196261682,38.82758683716181,0.07476635514018691
CNRM-CM6-1_ssp370_scen03_no_drought_pert,SRI3,SRI,SRI3,SRI,5000.0,0.6609029779058597,0.6916426512968299,-0.030739673390970168,660,4999613531.893363,4999.613531893363,0.0,100.49572896720998,0.0,0.7,0.6916426512968299,3159037433.795559,3159.037433795559,0.4217098943323727,1,10.755172151944569,0.9065420560747663,8.973262241449602,0.2616822429906542,0.0,0.04672897196261682,44.00962961737135,0.1588785046728972
CNRM-CM6-1_ssp585_scen01_no_drought_pert,SRI12,SRI,SRI12,SRI,5000.0,0.4851104707012488,0.5321805955811719,-0.047070124879923125,1080,4949187037.109542,4949.187037109542,0.0,94.3681413527504,0.0,0.7,0.5321805955811719,3184615702.8516355,3184.6157028516354,0.30835734870317,1,11.89991484400997,1.0,6.798267195056925,0.037383177570093455,0.0,0.04672897196261682,34.08829421925719,0.018691588785046728
CNRM-CM6-1_ssp585_scen02_no_drought_pert,SRI12,SRI,SRI12,SRI,5000.0,0.5360230547550433,0.5830931796349663,-0.047070124879923014,923,4982277660.7687,4982.277660768699,0.0,97.84675814648553,0.0,0.7,0.5830931796349663,3216206089.7622976,3216.206089762298,0.3170028818443804,1,11.807276078296882,0.9813084112149533,6.905286538393545,0.04672897196261682,0.0,0.04672897196261682,35.628995277706714,0.037383177570093455
CNRM-CM6-1_ssp585_scen03_no_drought_pert,SRI12,SRI,SRI12,SRI,5000.0,0.5619596541786743,0.5677233429394812,-0.0057636887608069065,1401,4964180423.785926,4964.180423785926,-0.0013863744559503548,95.93334124691035,0.0,0.7000021082050284,0.5677233429394812,3112189859.139924,3112.189859139924,0.35542747358309323,1,11.817241263114113,0.9906542056074766,6.952268490572161,0.056074766355140186,0.0,0.04672897196261682,35.80930654430048,0.04672897196261682
INM-CM4-8_ssp126_scen01_no_drought_pert,,Tie,SPI12,SPI,5000.0,1.0,1.0,0.0,199,9500943.160263997,9.500943160263997,-4.0,0.0,-2.540891246948595,0.7608955571084999,1.0,134414.91249999998,0.13441491249999998,1.0,6,7.310025290732029,0.04672897196261682,12.665336121634583,0.9439252336448598,25.359949330674414,1.0,116.56620185460997,1.0
INM-CM4-8_ssp126_scen02_no_drought_pert,,Tie,SPI12,SPI,5000.0,1.0,1.0,0.0,199,9500943.160263997,9.500943160263997,-4.0,0.0,-2.540891246948595,0.7608955571084999,1.0,134414.91249999998,0.13441491249999998,0.9884726224783862,6,7.361103830354421,0.056074766355140186,12.791606897721504,0.9532710280373832,19.7197460335644,0.9532710280373832,100.86727913705175,0.9626168224299065
INM-CM4-8_ssp126_scen03_no_drought_pert,,Tie,SPI12,SPI,5000.0,1.0,1.0,0.0,199,9500943.160263997,9.500943160263997,-4.0,0.0,-2.540891246948595,0.7608955571084999,1.0,134414.91249999998,0.13441491249999998,1.0,6,7.380448391148506,0.08411214953271028,11.48128929131136,0.794392523364486,25.229893172751904,0.9906542056074766,111.6658746491533,0.9906542056074766
INM-CM4-8_ssp245_scen01_no_drought_pert,,Tie,SRI12,SRI,5000.0,1.0,1.0,0.0,214,160992663.6066663,160.9926636066663,-4.0,0.0,-2.0615443051935975,0.705196159703668,1.0,134414.91249999998,0.13441491249999998,0.9980787704130644,6,8.072565181077598,0.22429906542056074,10.282837983500702,0.5233644859813084,19.18331668145145,0.9252336448598131,94.90137873392696,0.9158878504672897
INM-CM4-8_ssp245_scen02_no_drought_pert,,Tie,SRI12,SRI,5000.0,1.0,1.0,0.0,214,160992663.6066663,160.9926636066663,-4.0,0.0,-2.0615443051935975,0.705196159703668,1.0,134414.91249999998,0.13441491249999998,0.9971181556195965,6,8.237719815713508,0.27102803738317754,10.780790966173678,0.6074766355140186,20.078289600168656,0.9626168224299065,98.60198629008549,0.9532710280373832
INM-CM4-8_ssp245_scen03_no_drought_pert,,Tie,SPI12,SPI,5000.0,1.0,1.0,0.0,199,9500943.160263997,9.500943160263997,-4.0,0.0,-2.540891246948595,0.7608955571084999,1.0,134414.91249999998,0.13441491249999998,1.0,6,7.961834268180253,0.205607476635514,11.174642044127479,0.7383177570093458,23.792577862447157,0.9813084112149533,104.50984718782584,0.9813084112149533
INM-CM4-8_ssp370_scen01_no_drought_pert,,Tie,SRI12,SRI,5000.0,1.0,1.0,0.0,1701,297067913.4371914,297.0679134371914,-0.005094172383531381,0.0,-1.0785785922990594,0.846110865954059,1.0,442285659.9264244,442.2856599264244,0.6243996157540825,6,8.942304142371452,0.42990654205607476,8.06150642938115,0.11214953271028037,9.94501864816599,0.7102803738317757,62.9094329702788,0.5887850467289719
INM-CM4-8_ssp370_scen02_no_drought_pert,,Tie,SPI12,SPI,5000.0,1.0,1.0,0.0,199,9500943.160263997,9.500943160263997,-4.0,0.0,-2.540891246948595,0.7608955571084999,1.0,134414.91249999998,0.13441491249999998,0.8856868395773295,6,9.17837256506455,0.5420560747663551,8.66478815036564,0.18691588785046728,14.643656739243353,0.8504672897196262,77.00174810438722,0.7476635514018691
INM-CM4-8_ssp370_scen03_no_drought_pert,,Tie,SRI3,SRI,5000.0,1.0,1.0,0.0,506,52841623.54001707,52.84162354001707,-3.3678890052196984,0.0,-1.9589432790625714,0.9050492590881688,1.0,37726226.0143824,37.7262260143824,0.7310278578290106,6,8.981031132806189,0.4766355140186916,9.152249165686568,0.2897196261682243,11.452775709871093,0.7383177570093458,69.60261744135542,0.6635514018691588
INM-CM4-8_ssp585_scen01_no_drought_pert,SRI3,SRI,SRI3,SRI,5000.0,0.8261287223823247,0.8645533141210375,-0.03842459173871282,136,4977915582.22264,4977.91558222264,-0.011299001018400978,98.16025512268118,0.0,0.7000118935851832,0.8645533141210375,4240508300.880759,4240.508300880759,0.45052833813640725,1,9.530637047969458,0.6728971962616822,9.3823527434557,0.3364485981308411,3.3560187013451896,0.3364485981308411,50.70075964562565,0.2803738317757009
INM-CM4-8_ssp585_scen02_no_drought_pert,SPI3,SPI,SPI3,SPI,5000.0,0.9759846301633045,0.9711815561959655,0.004803073967339033,534,4886820087.4891405,4886.820087489141,0.0,98.56621530859735,-0.0035009999695048144,0.7000000000257848,0.9759846301633045,4402808293.629501,4402.808293629501,0.5600384245917387,1,9.467274406170029,0.6542056074766355,10.339273211823457,0.5514018691588785,5.736733392805984,0.5700934579439252,60.4630120587168,0.5607476635514018
INM-CM4-8_ssp585_scen03_no_drought_pert,SPI3,SPI,SPI3,SPI,5000.0,0.8799231508165226,0.8674351585014409,0.012487992315081686,354,4990187645.6574545,4990.187645657455,0.0,109.89250955851708,0.0,0.7,0.8799231508165226,3957238256.341311,3957.238256341311,0.4707012487992315,1,9.524586377473522,0.6635514018691588,10.711231611188433,0.5981308411214953,3.5070924041375364,0.34579439252336447,56.10068539287101,0.40186915887850466
INM-CM5-0_ssp126_scen01_no_drought_pert,,Tie,SPI12,SPI,5000.0,1.0,1.0,0.0,199,9500943.160263997,9.500943160263997,-4.0,0.0,-2.540891246948595,0.7608955571084999,1.0,134414.91249999998,0.13441491249999998,0.9615754082612872,6,7.094843298786187,0.009345794392523364,12.610776639846494,0.9158878504672897,19.709697804669894,0.9439252336448598,101.62758955063248,0.9719626168224299
INM-CM5-0_ssp126_scen02_no_drought_pert,,Tie,SPI12,SPI,5000.0,1.0,1.0,0.0,199,9500943.160263997,9.500943160263997,-4.0,0.0,-2.540891246948595,0.7608955571084999,1.0,134414.91249999998,0.13441491249999998,1.0,6,7.120031726977159,0.018691588785046728,9.911710930109043,0.4766355140186916,19.37848475759706,0.9345794392523364,92.01129795892001,0.8878504672897196
INM-CM5-0_ssp126_scen03_no_drought_pert,,Tie,SRI12,SRI,5000.0,1.0,1.0,0.0,214,160992663.6066663,160.9926636066663,-4.0,0.0,-2.0615443051935975,0.705196159703668,1.0,134414.91249999998,0.13441491249999998,1.0,6,7.02688169373159,0.0,9.778792965949718,0.4485981308411215,21.41646387886946,0.9719626168224299,96.75698637216438,0.9345794392523364
INM-CM5-0_ssp245_scen01_no_drought_pert,,Tie,SPI12,SPI,5000.0,1.0,1.0,0.0,199,9500943.160263997,9.500943160263997,-4.0,0.0,-2.540891246948595,0.7608955571084999,1.0,134414.91249999998,0.13441491249999998,0.9538904899135446,6,7.8981925689643315,0.19626168224299065,12.796197195135997,0.9626168224299065,14.56206951474551,0.8411214953271028,92.95424919381051,0.897196261682243
INM-CM5-0_ssp245_scen02_no_drought_pert,,Tie,SRI12,SRI,5000.0,1.0,1.0,0.0,214,160992663.6066663,160.9926636066663,-4.0,0.0,-2.0615443051935975,0.705196159703668,1.0,134414.91249999998,0.13441491249999998,0.8876080691642652,6,8.139098009696442,0.2336448598130841,10.934263737044137,0.6355140186915887,12.793117499233627,0.7757009345794392,82.38150130272363,0.794392523364486
INM-CM5-0_ssp245_scen03_no_drought_pert,,Tie,SRI12,SRI,5000.0,1.0,1.0,0.0,214,160992663.6066663,160.9926636066663,-4.0,0.0,-2.0615443051935975,0.705196159703668,1.0,134414.91249999998,0.13441491249999998,0.9394812680115274,6,7.998972734523776,0.21495327102803738,11.935746440322538,0.822429906542056,14.560083639245033,0.8317757009345794,88.8594604003672,0.8504672897196262
INM-CM5-0_ssp370_scen01_no_drought_pert,SRI12,SRI,SRI12,SRI,5000.0,0.9855907780979827,0.9923150816522575,-0.00672430355427478,1308,4715183660.3973,4715.1836603973,-0.001470624630732032,72.39253957239887,0.0,0.7000641048083274,0.9923150816522575,4545919263.168665,4545.919263168665,0.6791546589817483,1,8.932643469126146,0.4205607476635514,11.113615973233314,0.7102803738317757,7.774884612975105,0.6355140186915887,71.01923047502537,0.6915887850467289
INM-CM5-0_ssp370_scen02_no_drought_pert,,Tie,SPI3,SPI,5000.0,1.0,1.0,0.0,134,757918182.8399276,757.9181828399276,-2.2156455278847265,0.0,-0.1976520459638627,0.7369955424647874,1.0,756228552.0569862,756.2285520569862,0.5984630163304515,5,8.950609688609152,0.4485981308411215,8.77110096760991,0.19626168224299065,8.814158034755112,0.6635514018691588,61.968533788318496,0.5794392523364486
INM-CM5-0_ssp370_scen03_no_drought_pert,SPI3,SPI,SPI3,SPI,5000.0,0.9740634005763689,0.9529298751200769,0.02113352545629199,245,4884847668.398897,4884.847668398897,0.0,98.12771772405928,0.0,0.7,0.9740634005763689,4412400361.653351,4412.400361653351,0.622478386167147,1,8.848020718964635,0.40186915887850466,11.079721861809654,0.7009345794392523,6.072542882132063,0.5794392523364486,64.95959218759663,0.6261682242990654
INM-CM5-0_ssp585_scen01_no_drought_pert,SPI6,SPI,SPI6,SPI,5000.0,0.94716618635927,0.9365994236311239,0.01056676272814605,531,4920872361.616316,4920.872361616316,-7.312240651307381e-06,101.01577417363035,0.0,0.7001371785034344,0.94716618635927,4222037708.4284487,4222.037708428448,0.5331412103746398,1,9.142373627498074,0.5233644859813084,10.321561165397156,0.5420560747663551,5.411296596858867,0.5420560747663551,60.15547193459637,0.5420560747663551
INM-CM5-0_ssp585_scen02_no_drought_pert,SPI12,SPI,SPI12,SPI,5000.0,0.9807877041306436,0.968299711815562,0.012487992315081686,574,4554655358.309037,4554.655358309037,0.0,68.26022036278115,-0.00034583641064247746,0.700010240608743,0.9807877041306436,4002681262.3276176,4002.681262327618,0.5456292026897214,1,9.075335409605623,0.4953271028037383,10.069621792897886,0.48598130841121495,4.819235871548375,0.4953271028037383,59.72422326001037,0.5233644859813084
INM-CM5-0_ssp585_scen03_no_drought_pert,SRI3,SRI,SRI3,SRI,5000.0,0.9855907780979827,0.9923150816522575,-0.00672430355427478,1578,4766401847.636462,4766.401847636463,0.0,77.45390418113391,0.0,0.7,0.9923150816522575,4563029856.58396,4563.029856583959,0.5485110470701249,1,8.96740860287591,0.4672897196261682,9.67414726082563,0.40186915887850466,4.810807681653853,0.48598130841121495,57.75685323143659,0.4672897196261682
MIROC-ES2L_ssp126_scen01_no_drought_pert,,Tie,SRI12,SRI,5000.0,1.0,1.0,0.0,214,160992663.6066663,160.9926636066663,-4.0,0.0,-2.0615443051935975,0.705196159703668,1.0,134414.91249999998,0.13441491249999998,0.9558117195004803,6,7.271900469807009,0.028037383177570093,10.608711975076464,0.5794392523364486,16.10971781917163,0.8691588785046729,84.5497160855364,0.8130841121495327
MIROC-ES2L_ssp126_scen02_no_drought_pert,,Tie,SPI12,SPI,5000.0,1.0,1.0,0.0,199,9500943.160263997,9.500943160263997,-4.0,0.0,-2.540891246948595,0.7608955571084999,1.0,134414.91249999998,0.13441491249999998,0.9298751200768491,6,7.4107638701562575,0.11214953271028037,12.050023454749743,0.8317757009345794,15.453391696873263,0.8598130841121495,89.71934318072577,0.8691588785046729
MIROC-ES2L_ssp126_scen03_no_drought_pert,,Tie,SPI12,SPI,5000.0,1.0,1.0,0.0,199,9500943.160263997,9.500943160263997,-4.0,0.0,-2.540891246948595,0.7608955571084999,1.0,134414.91249999998,0.13441491249999998,0.9721421709894332,6,7.3763703466264285,0.07476635514018691,12.236016940008158,0.8598130841121495,16.712977282705193,0.8785046728971962,93.03773874790043,0.9065420560747663
MIROC-ES2L_ssp245_scen01_no_drought_pert,,Tie,SPI12,SPI,5000.0,1.0,1.0,0.0,199,9500943.160263997,9.500943160263997,-4.0,0.0,-2.540891246948595,0.7608955571084999,1.0,134414.91249999998,0.13441491249999998,0.7358309317963496,6,8.283247927606745,0.308411214953271,9.823362445289625,0.45794392523364486,11.070219643712024,0.7289719626168224,73.69646867925826,0.719626168224299
MIROC-ES2L_ssp245_scen02_no_drought_pert,,Tie,SPI12,SPI,5000.0,1.0,1.0,0.0,199,9500943.160263997,9.500943160263997,-4.0,0.0,-2.540891246948595,0.7608955571084999,1.0,134414.91249999998,0.13441491249999998,0.8338136407300673,6,8.176185797485017,0.2523364485981308,9.589005548195697,0.37383177570093457,13.594427405847526,0.8037383177570093,77.24079872361864,0.7570093457943925
MIROC-ES2L_ssp245_scen03_no_drought_pert,,Tie,SRI12,SRI,5000.0,1.0,1.0,0.0,1291,124987983.69660273,124.98798369660273,-3.950815840743571,0.0,-2.1993455383625986,0.7089952984060895,1.0,134414.91249999998,0.13441491249999998,0.7396733909702209,6,8.175693882615162,0.24299065420560748,9.743124003695609,0.42990654205607476,11.88410817950479,0.7476635514018691,74.29796435926838,0.7289719626168224
MIROC-ES2L_ssp370_scen01_no_drought_pert,SRI12,SRI,SRI12,SRI,5000.0,0.9980787704130644,1.0,-0.0019212295869356355,26,643206997.086923,643.206997086923,-3.751718791143903,0.0,-0.16231264364028197,0.8110306883722149,1.0,896919911.9351889,896.9199119351889,0.6157540826128722,1,9.2130840861356,0.5607476635514018,9.728095431879554,0.4205607476635514,8.350267095485686,0.6542056074766355,64.38769590795356,0.6074766355140186
MIROC-ES2L_ssp370_scen02_no_drought_pert,SRI3,SRI,SRI3,SRI,5000.0,0.9721421709894332,0.9750240153698367,-0.0028818443804035088,465,4278533322.381671,4278.533322381671,0.0,42.37898714265509,0.0,0.7,0.9750240153698367,4368952498.136407,4368.952498136407,0.5235350624399615,1,9.217176427183496,0.5700934579439252,8.867273815982607,0.2336448598130841,6.408552433607669,0.5981308411214953,59.1972070452073,0.5046728971962616
MIROC-ES2L_ssp370_scen03_no_drought_pert,SRI3,SRI,SRI3,SRI,5000.0,0.9548511047070125,0.9577329490874159,-0.0028818443804033977,1379,4971268149.108059,4971.268149108059,-0.009932353495490043,97.481287827192,-2.4047487775144313e-05,0.7000888118475111,0.9577329490874159,4987290199.965384,4987.290199965383,0.5273775216138328,1,9.318827111428988,0.6074766355140186,8.860765984310733,0.21495327102803738,6.375912833123232,0.5887850467289719,60.17258123321102,0.5514018691588785
MIROC-ES2L_ssp585_scen01_no_drought_pert,SPI6,SPI,SPI6,SPI,5000.0,0.8443804034582132,0.8386167146974064,0.0057636887608067955,246,4756594286.5785,4756.5942865785,0.0,84.19901480656569,0.0,0.7,0.8443804034582132,3656952123.391943,3656.952123391943,0.48607108549471667,1,9.996720699911661,0.7570093457943925,9.666576220650132,0.3925233644859813,2.2632514283107406,0.27102803738317754,52.86795127446045,0.3177570093457944
MIROC-ES2L_ssp585_scen02_no_drought_pert,SPI6,SPI,SPI6,SPI,5000.0,0.8808837656099904,0.8674351585014409,0.013448607108549449,589,4893123965.383055,4893.123965383054,0.0,97.96884538079975,0.0,0.7,0.8808837656099904,3922062211.5057716,3922.0622115057718,0.4668587896253602,1,9.997834470352448,0.7663551401869159,9.321046923083273,0.308411214953271,2.2362268285743565,0.2523364485981308,51.99449603015054,0.29906542056074764
MIROC-ES2L_ssp585_scen03_no_drought_pert,SRI3,SRI,SRI3,SRI,5000.0,0.9317963496637849,0.9615754082612872,-0.029779058597502295,422,4812648384.913741,4812.648384913741,-0.004045227126631072,81.66445710596345,0.0,0.7,0.9615754082612872,4259529375.3844967,4259.529375384497,0.47166186359269935,2,10.022787678523665,0.7757009345794392,8.225438678382691,0.1308411214953271,3.716771443251865,0.3644859813084112,52.17201926287789,0.308411214953271
MIROC6_ssp126_scen01_no_drought_pert,SRI6,SRI,SRI6,SRI,5000.0,0.9884726224783862,1.0,-0.011527377521613813,1223,4568439063.890664,4568.439063890664,0.0,60.9166591030075,0.0,0.7,1.0,4427466980.519872,4427.466980519872,0.7195004803073968,1,7.595789537990567,0.14018691588785046,11.179522724203562,0.7476635514018691,9.88233901288422,0.7009345794392523,75.5192296676531,0.7383177570093458
MIROC6_ssp126_scen02_no_drought_pert,,Tie,SRI12,SRI,5000.0,1.0,1.0,0.0,8,113042479.29161377,113.04247929161377,-1.5634357481222008,0.0,-0.5102386242966723,0.9603774646204843,1.0,69415498.18553327,69.41549818553327,0.6954851104707013,6,7.651144070603995,0.1588785046728972,8.931590581409818,0.2523364485981308,11.010729961122443,0.719626168224299,71.17640955165949,0.7009345794392523
MIROC6_ssp126_scen03_no_drought_pert,SPI3,SPI,SPI3,SPI,5000.0,1.0,0.983669548511047,0.016330451488952957,160,4838334084.016953,4838.334084016953,0.0,93.254908854865,-4.9323061016318505e-05,0.700000000961833,1.0,4729984036.308784,4729.984036308783,0.6464937560038424,2,7.61494912207381,0.14953271028037382,9.626287630200338,0.38317757009345793,9.779406409078112,0.6728971962616822,69.65619883171505,0.6728971962616822
MIROC6_ssp245_scen01_no_drought_pert,SRI12,SRI,SRI12,SRI,5000.0,0.7425552353506244,0.8165225744476465,-0.07396733909702213,592,4989697116.256036,4989.697116256036,-0.0018524762389914573,98.6408479772816,0.0,0.7,0.8165225744476465,3853397768.363531,3853.397768363531,0.38520653218059553,1,8.846326159362482,0.3925233644859813,8.31639265414745,0.14018691588785046,3.6696587432982195,0.35514018691588783,48.577955717005324,0.2523364485981308
MIROC6_ssp245_scen02_no_drought_pert,SRI3,SRI,SRI3,SRI,5000.0,0.7377521613832854,0.8097982708933718,-0.07204610951008639,136,4977915582.22264,4977.91558222264,-0.011299001018400978,98.16025512268118,0.0,0.7000118935851832,0.8097982708933718,4003999220.27279,4003.99922027279,0.35734870317002887,1,8.92611054493492,0.411214953271028,6.79823062313845,0.028037383177570093,3.9389847428545455,0.411214953271028,45.6403227710596,0.19626168224299065
MIROC6_ssp245_scen03_no_drought_pert,SRI12,SRI,SRI12,SRI,5000.0,0.8049951969260327,0.8376560999039385,-0.032660902977905804,592,4989697116.256036,4989.697116256036,-0.0018524762389914573,98.6408479772816,0.0,0.7,0.8376560999039385,4113471113.3911505,4113.4711133911505,0.3765609990393852,1,8.960176596382091,0.45794392523364486,7.598896232092706,0.09345794392523364,3.867674641073866,0.3925233644859813,47.199437109668516,0.2336448598130841
MIROC6_ssp370_scen01_no_drought_pert,SRI12,SRI,SRI12,SRI,5000.0,0.6186359269932757,0.7002881844380404,-0.08165225744476468,1401,4964180423.785926,4964.180423785926,-0.0013863744559503548,95.93334124691035,0.0,0.7000021082050284,0.7002881844380404,3731462230.9396114,3731.4622309396113,0.335254562920269,1,9.57436811139304,0.6822429906542056,7.078478365102942,0.06542056074766354,2.1501495081760593,0.2336448598130841,41.923687401885545,0.1308411214953271
MIROC6_ssp370_scen02_no_drought_pert,SRI12,SRI,SRI12,SRI,5000.0,0.6541786743515849,0.74447646493756,-0.09029779058597509,592,4989697116.256036,4989.697116256036,-0.0018524762389914573,98.6408479772816,0.0,0.7,0.74447646493756,3882352633.904851,3882.352633904851,0.3390970220941403,1,9.450368157158808,0.6448598130841121,7.2741911806985025,0.07476635514018691,2.251797211000895,0.2616822429906542,41.87098529562512,0.12149532710280374
MIROC6_ssp370_scen03_no_drought_pert,SRI12,SRI,SRI12,SRI,5000.0,0.8242074927953891,0.829971181556196,-0.0057636887608069065,42,4993269268.52264,4993.26926852264,-0.052073142504182934,99.0259864419316,0.0,0.7,0.829971181556196,4209697784.4879007,4209.697784487901,0.39385206532180594,1,9.613643163576043,0.6915887850467289,7.33844147077288,0.08411214953271028,3.919664233584811,0.40186915887850466,47.08072693666674,0.22429906542056074
MIROC6_ssp585_scen01_no_drought_pert,SRI6,SRI,SRI6,SRI,5000.0,0.42363112391930835,0.46205571565802117,-0.03842459173871282,1612,4982857610.666949,4982.857610666949,0.0,98.17281524707674,0.0,0.7,0.46205571565802117,3070339103.5972137,3070.3391035972136,0.2632084534101825,2,10.605422795104834,0.8785046728971962,5.978350841169854,0.0,0.013781842972184495,0.11214953271028037,32.46715306233495,0.0
MIROC6_ssp585_scen02_no_drought_pert,SRI12,SRI,SRI12,SRI,5000.0,0.3890489913544669,0.4793467819404419,-0.09029779058597498,592,4989697116.256036,4989.697116256036,-0.0018524762389914573,98.6408479772816,0.0,0.7,0.4793467819404419,2935461517.8959794,2935.4615178959793,0.2756964457252642,2,10.597980936927058,0.8691588785046729,6.357580224028724,0.009345794392523364,0.0,0.04672897196261682,33.09135224773918,0.009345794392523364
MIROC6_ssp585_scen03_no_drought_pert,SRI3,SRI,SRI3,SRI,5000.0,0.43611911623439004,0.4822286263208453,-0.04610951008645525,780,4983833941.074873,4983.833941074873,0.0,98.7926855913045,0.0,0.7000083114403135,0.4822286263208453,2962568809.0922713,2962.5688090922713,0.2910662824207493,1,10.749831252893898,0.897196261682243,6.631057613851125,0.018691588785046728,0.0,0.04672897196261682,35.11322037737339,0.028037383177570093
MPI-ESM1-2-LR_ssp126_scen01_no_drought_pert,SPI6,SPI,SPI6,SPI,5000.0,1.0,0.9913544668587896,0.008645533141210415,592,174413151.56421664,174.41315156421663,-0.09810797987449504,0.0,-1.009452113925168,0.850374825660078,1.0,83013831.61157364,83.01383161157364,0.7243035542747358,3,7.365005562010756,0.06542056074766354,14.043704065299218,1.0,9.827753559002794,0.6915887850467289,79.43625470854221,0.7663551401869159
MPI-ESM1-2-LR_ssp126_scen02_no_drought_pert,,Tie,SPI12,SPI,5000.0,1.0,1.0,0.0,199,9500943.160263997,9.500943160263997,-4.0,0.0,-2.540891246948595,0.7608955571084999,1.0,134414.91249999998,0.13441491249999998,0.878001921229587,6,7.496910296417559,0.1308411214953271,12.073272068997817,0.8411214953271028,13.155298172091298,0.794392523364486,82.75333680030717,0.8037383177570093
MPI-ESM1-2-LR_ssp126_scen03_no_drought_pert,,Tie,SPI12,SPI,5000.0,1.0,1.0,0.0,199,9500943.160263997,9.500943160263997,-4.0,0.0,-2.540891246948595,0.7608955571084999,1.0,134414.91249999998,0.13441491249999998,0.8933717579250721,6,7.480357081206646,0.12149532710280374,13.645613404800581,0.9906542056074766,12.052270180857642,0.7663551401869159,88.88420957355287,0.8598130841121495
MPI-ESM1-2-LR_ssp245_scen01_no_drought_pert,SPI6,SPI,SPI6,SPI,5000.0,0.8395773294908742,0.8078770413064361,0.03170028818443804,589,4893123965.383055,4893.123965383054,0.0,97.96884538079975,0.0,0.7,0.8395773294908742,4275777366.6881437,4275.777366688144,0.4937560038424592,1,8.253252544881025,0.29906542056074764,11.784371907659068,0.8037383177570093,2.9880219581440444,0.308411214953271,56.99033913842967,0.4205607476635514
MPI-ESM1-2-LR_ssp245_scen02_no_drought_pert,SRI12,SRI,SRI12,SRI,5000.0,0.9020172910662825,0.9164265129682997,-0.01440922190201721,492,4958189659.659422,4958.1896596594215,-0.05524618152128735,95.30846834684024,0.0,0.70000545048007,0.9164265129682997,4442463768.755236,4442.463768755236,0.4966378482228626,1,8.341497511067002,0.35514018691588783,9.751710634179805,0.4392523364485981,4.27585772866683,0.42990654205607476,54.2792870441342,0.37383177570093457
MPI-ESM1-2-LR_ssp245_scen03_no_drought_pert,SRI12,SRI,SRI12,SRI,5000.0,0.8424591738712777,0.8645533141210375,-0.022094140249759864,923,4982277660.7687,4982.277660768699,0.0,97.84675814648553,0.0,0.7,0.8645533141210375,4057493104.448084,4057.493104448084,0.44764649375600385,1,8.246724114335812,0.2803738317757009,11.120744859939801,0.719626168224299,3.0757503310157674,0.3177570093457944,53.26650225122788,0.3364485981308411
MPI-ESM1-2-LR_ssp370_scen01_no_drought_pert,SPI6,SPI,SPI6,SPI,5000.0,0.7867435158501441,0.7704130643611912,0.016330451488952957,589,4893123965.383055,4893.123965383054,0.0,97.96884538079975,0.0,0.7,0.7867435158501441,3843988002.935485,3843.988002935485,0.4495677233429395,1,9.339906248788054,0.616822429906542,9.384948407752903,0.34579439252336447,2.3650431509591714,0.2897196261682243,49.187301355411684,0.2616822429906542
MPI-ESM1-2-LR_ssp370_scen02_no_drought_pert,SRI3,SRI,SRI3,SRI,5000.0,0.771373679154659,0.8059558117195005,-0.03458213256484144,660,4999613531.893363,4999.613531893363,0.0,100.49572896720998,0.0,0.7,0.8059558117195005,4073564527.6583414,4073.5645276583414,0.3890489913544669,1,9.38224157447371,0.6355140186915887,8.655536786789378,0.17757009345794392,2.2335945467781775,0.24299065420560748,46.50281550860182,0.205607476635514
MPI-ESM1-2-LR_ssp370_scen03_no_drought_pert,SRI12,SRI,SRI12,SRI,5000.0,0.659942363112392,0.7579250720461095,-0.09798270893371752,42,4993269268.52264,4993.26926852264,-0.052073142504182934,99.0259864419316,0.0,0.7,0.7579250720461095,3773979176.4065566,3773.9791764065567,0.31604226705091254,1,9.303175171474596,0.5981308411214953,7.726520858686819,0.102803738317757,1.290265611506138,0.21495327102803738,40.928869837255064,0.08411214953271028
MPI-ESM1-2-LR_ssp585_scen01_no_drought_pert,SRI12,SRI,SRI12,SRI,5000.0,0.5100864553314122,0.6205571565802113,-0.1104707012487991,923,4982277660.7687,4982.277660768699,0.0,97.84675814648553,0.0,0.7,0.6205571565802113,3500860116.796938,3500.8601167969377,0.3025936599423631,1,10.143387101580055,0.794392523364486,8.503358818138803,0.1588785046728972,0.4316319876774903,0.1588785046728972,37.6362354250285,0.056074766355140186
MPI-ESM1-2-LR_ssp585_scen02_no_drought_pert,SRI12,SRI,SRI12,SRI,5000.0,0.5446685878962536,0.6349663784822286,-0.09029779058597498,592,4989697116.256036,4989.697116256036,-0.0018524762389914573,98.6408479772816,0.0,0.7,0.6349663784822286,3495754509.5635443,3495.754509563544,0.3112391930835735,1,10.238459983749987,0.8130841121495327,8.13600218928824,0.12149532710280374,0.14807431799462262,0.1308411214953271,38.526946010053805,0.06542056074766354
MPI-ESM1-2-LR_ssp585_scen03_no_drought_pert,SRI12,SRI,SRI12,SRI,5000.0,0.6685878962536023,0.7156580211335255,-0.047070124879923236,923,4982277660.7687,4982.277660768699,0.0,97.84675814648553,0.0,0.7,0.7156580211335255,3726462827.4571896,3726.4628274571896,0.3631123919308358,1,10.267978939701932,0.8317757009345794,8.861825164596267,0.22429906542056074,0.5183700808483893,0.17757009345794392,42.166543714327,0.14018691588785046
MRI-ESM2-0_ssp126_scen01_no_drought_pert,,Tie,SPI12,SPI,5000.0,1.0,1.0,0.0,199,9500943.160263997,9.500943160263997,-4.0,0.0,-2.540891246948595,0.7608955571084999,1.0,134414.91249999998,0.13441491249999998,0.9010566762728146,6,7.847264367807904,0.17757009345794392,12.653725984607076,0.9345794392523364,13.843196690844637,0.8130841121495327,87.3714070940926,0.8411214953271028
MRI-ESM2-0_ssp126_scen02_no_drought_pert,,Tie,SPI12,SPI,5000.0,1.0,1.0,0.0,199,9500943.160263997,9.500943160263997,-4.0,0.0,-2.540891246948595,0.7608955571084999,1.0,134414.91249999998,0.13441491249999998,0.9884726224783862,6,7.856792561192155,0.18691588785046728,13.402227648901551,0.9719626168224299,17.217825485097265,0.897196261682243,98.40940323719934,0.9439252336448598
MRI-ESM2-0_ssp126_scen03_no_drought_pert,,Tie,SPI12,SPI,5000.0,1.0,1.0,0.0,199,9500943.160263997,9.500943160263997,-4.0,0.0,-2.540891246948595,0.7608955571084999,1.0,134414.91249999998,0.13441491249999998,0.9106628242074928,6,7.8041337626635645,0.16822429906542055,13.631053581887446,0.9813084112149533,14.303784833494928,0.822429906542056,90.14990318292331,0.8785046728971962
MRI-ESM2-0_ssp245_scen01_no_drought_pert,SRI12,SRI,SRI12,SRI,5000.0,0.8972142170989433,0.9337175792507204,-0.036503362151777075,42,4993269268.52264,4993.26926852264,-0.052073142504182934,99.0259864419316,0.0,0.7,0.9337175792507204,4410190493.207754,4410.190493207754,0.5004803073967339,1,9.023955015013314,0.48598130841121495,10.997398904913851,0.6635514018691588,4.584644496240721,0.4672897196261682,57.84187057004477,0.4766355140186916
MRI-ESM2-0_ssp245_scen02_no_drought_pert,SRI3,SRI,SRI3,SRI,5000.0,0.9385206532180596,0.9586935638808838,-0.02017291066282423,422,4812648384.913741,4812.648384913741,-0.004045227126631072,81.66445710596345,0.0,0.7,0.9586935638808838,4429001702.272406,4429.001702272406,0.4937560038424592,1,8.94840328916806,0.4392523364485981,10.366872524955152,0.5607476635514018,4.501246689386484,0.45794392523364486,55.21459896932102,0.38317757009345793
MRI-ESM2-0_ssp245_scen03_no_drought_pert,SPI12,SPI,SPI12,SPI,5000.0,0.9154658981748319,0.9135446685878963,0.0019212295869356355,393,4862269370.17115,4862.2693701711505,0.0,96.87334759706783,-4.200120043955938e-05,0.7000151912132162,0.9154658981748319,4057286653.4076567,4057.2866534076566,0.5043227665706052,2,9.077453271413107,0.5046728971962616,11.281754817217632,0.7570093457943925,4.046548528199851,0.4205607476635514,58.65485730534393,0.4953271028037383
MRI-ESM2-0_ssp370_scen01_no_drought_pert,SRI12,SRI,SRI12,SRI,5000.0,0.8482228626320846,0.8837656099903939,-0.03554274735830931,141,4841337062.6283,4841.3370626282995,-0.0016927466215029205,83.7349898641329,-8.365519662985094e-05,0.7001499225430441,0.8837656099903939,4462944084.345528,4462.944084345528,0.4707012487992315,1,10.149374994439892,0.8037383177570093,10.083631221673134,0.4953271028037383,3.198408475621321,0.32710280373831774,50.76593009739553,0.2897196261682243
MRI-ESM2-0_ssp370_scen02_no_drought_pert,SRI3,SRI,SRI3,SRI,5000.0,0.8501440922190202,0.8808837656099904,-0.030739673390970168,831,4630858700.688842,4630.858700688842,0.0,66.06110734526345,0.0,0.7,0.8808837656099904,4055214000.2899685,4055.2140002899687,0.5398655139289146,1,10.251260493235852,0.822429906542056,12.151264354342533,0.8504672897196262,2.339066779022258,0.2803738317757009,57.90706807825777,0.48598130841121495
MRI-ESM2-0_ssp370_scen03_no_drought_pert,SRI12,SRI,SRI12,SRI,5000.0,0.8924111431316042,0.9221902017291066,-0.029779058597502406,1080,4949187037.109542,4949.187037109542,0.0,94.3681413527504,0.0,0.7,0.9221902017291066,4504709469.958701,4504.709469958701,0.5446685878962536,1,10.085718789561492,0.7850467289719626,11.024263315638015,0.6822429906542056,2.8496335598900537,0.29906542056074764,56.61572799520419,0.411214953271028
MRI-ESM2-0_ssp585_scen01_no_drought_pert,SRI3,SRI,SRI3,SRI,5000.0,0.6906820365033621,0.7089337175792507,-0.018251681075888593,1145,4964352818.944255,4964.352818944255,0.0,96.71359945619145,0.0,0.7,0.7089337175792507,3564049025.226016,3564.049025226016,0.4034582132564841,1,11.036616638373527,0.9252336448598131,9.582853385916174,0.3644859813084112,0.0,0.04672897196261682,44.08607519767427,0.16822429906542055
MRI-ESM2-0_ssp585_scen02_no_drought_pert,SRI12,SRI,SRI12,SRI,5000.0,0.6474543707973103,0.6743515850144093,-0.026897214217099008,1080,4949187037.109542,4949.187037109542,0.0,94.3681413527504,0.0,0.7,0.6743515850144093,3331239816.2356834,3331.2398162356835,0.4226705091258406,1,11.183914133886757,0.9439252336448598,9.159668327657625,0.29906542056074764,0.0,0.04672897196261682,44.55336787607449,0.18691588785046728
MRI-ESM2-0_ssp585_scen03_no_drought_pert,SRI3,SRI,SRI3,SRI,5000.0,0.5926993275696446,0.61671469740634,-0.02401536983669539,136,4977915582.22264,4977.91558222264,-0.011299001018400978,98.16025512268118,0.0,0.7000118935851832,0.61671469740634,3396844318.974052,3396.844318974052,0.37560038424591735,1,11.123080925228416,0.9345794392523364,9.147853512076422,0.2803738317757009,0.0,0.04672897196261682,41.182109192578125,0.11214953271028037
NorESM2-MM_ssp126_scen01_no_drought_pert,,Tie,SPI12,SPI,5000.0,1.0,1.0,0.0,199,9500943.160263997,9.500943160263997,-4.0,0.0,-2.540891246948595,0.7608955571084999,1.0,134414.91249999998,0.13441491249999998,0.9913544668587896,6,7.279487183209604,0.037383177570093455,12.492594070910016,0.9065420560747663,17.905456802039495,0.9158878504672897,95.41923749940588,0.9252336448598131
NorESM2-MM_ssp126_scen02_no_drought_pert,,Tie,SPI12,SPI,5000.0,1.0,1.0,0.0,199,9500943.160263997,9.500943160263997,-4.0,0.0,-2.540891246948595,0.7608955571084999,1.0,134414.91249999998,0.13441491249999998,0.9855907780979827,6,7.385164338702115,0.09345794392523364,9.579020950140134,0.35514018691588783,17.72698086380846,0.9065420560747663,86.85964363464173,0.822429906542056
NorESM2-MM_ssp126_scen03_no_drought_pert,,Tie,SPI12,SPI,5000.0,1.0,1.0,0.0,199,9500943.160263997,9.500943160263997,-4.0,0.0,-2.540891246948595,0.7608955571084999,1.0,134414.91249999998,0.13441491249999998,0.9241114313160422,6,7.385274926911055,0.102803738317757,10.104296906958652,0.5046728971962616,17.114742950920395,0.8878504672897196,86.94085365262285,0.8317757009345794
NorESM2-MM_ssp245_scen01_no_drought_pert,,Tie,SRI3,SRI,5000.0,1.0,1.0,0.0,242,472571255.0525176,472.5712550525176,-0.05328156290120998,0.0,-0.15742498177783162,0.8606703190421168,1.0,536582112.1465907,536.5821121465907,0.6388088376560999,4,8.184941583320006,0.2616822429906542,10.792142996033864,0.616822429906542,7.883214292816991,0.6448598130841121,67.71826922247266,0.6542056074766355
NorESM2-MM_ssp245_scen02_no_drought_pert,SPI3,SPI,SPI3,SPI,5000.0,1.0,0.9855907780979827,0.014409221902017322,390,879622542.7319125,879.6225427319125,-0.48325111589290826,0.0,-0.1408969104703659,0.7075415086464973,1.0,876463021.8395712,876.4630218395712,0.5994236311239194,1,8.302811032344506,0.32710280373831774,11.149496794483444,0.7289719626168224,6.636069292115391,0.6074766355140186,65.71788617761737,0.6355140186915887
NorESM2-MM_ssp245_scen03_no_drought_pert,SPI6,SPI,SPI6,SPI,5000.0,0.9942363112391931,0.9711815561959655,0.023054755043227626,710,800548056.9865983,800.5480569865982,-0.049554923302221665,0.0,-0.08426864251816257,0.74719851881977,0.9942363112391931,744173664.5839188,744.1736645839188,0.5523535062439962,1,8.325747637206739,0.3364485981308411,11.072511096833667,0.6915887850467289,5.570138909807239,0.5514018691588785,61.54339681598807,0.5700934579439252
NorESM2-MM_ssp370_scen01_no_drought_pert,SPI6,SPI,SPI6,SPI,5000.0,0.8895292987512008,0.8366954851104706,0.05283381364073014,531,4920872361.616316,4920.872361616316,-7.312240651307381e-06,101.01577417363035,0.0,0.7001371785034344,0.8895292987512008,4329239752.332547,4329.239752332547,0.45917387127761766,1,9.173022814499879,0.5327102803738317,9.326128075817632,0.3177570093457944,4.358356922902163,0.4392523364485981,53.41991703455794,0.34579439252336447
NorESM2-MM_ssp370_scen02_no_drought_pert,SRI3,SRI,SRI3,SRI,5000.0,0.9433237271853987,0.9442843419788665,-0.0009606147934677622,621,4856380557.949812,4856.380557949812,0.0,85.80437197690787,0.0,0.7,0.9442843419788665,4506802751.73284,4506.802751732839,0.5062439961575409,1,9.19222883387119,0.5514018691588785,9.849547189341617,0.4672897196261682,4.88839866974065,0.514018691588785,57.653066364465346,0.45794392523364486
NorESM2-MM_ssp370_scen03_no_drought_pert,SRI12,SRI,SRI12,SRI,5000.0,0.8760806916426513,0.9058597502401537,-0.029779058597502406,923,4982277660.7687,4982.277660768699,0.0,97.84675814648553,0.0,0.7,0.9058597502401537,4355750058.03174,4355.75005803174,0.5283381364073007,1,9.13071651169154,0.514018691588785,11.808905708929661,0.8130841121495327,3.7638557398606776,0.38317757009345793,57.312738112607754,0.42990654205607476
NorESM2-MM_ssp585_scen01_no_drought_pert,SRI12,SRI,SRI12,SRI,5000.0,0.978866474543708,0.9971181556195965,-0.018251681075888482,923,4982277660.7687,4982.277660768699,0.0,97.84675814648553,0.0,0.7,0.9971181556195965,5340386239.490122,5340.386239490122,0.6147934678194045,1,9.848179211133006,0.7476635514018691,12.476342194059765,0.897196261682243,5.687978668406489,0.5607476635514018,67.39669410413134,0.6448598130841121
NorESM2-MM_ssp585_scen02_no_drought_pert,SRI6,SRI,SRI6,SRI,5000.0,0.9404418828049952,0.9711815561959655,-0.03073967339097028,1155,4976063994.834155,4976.063994834155,-0.35701898783634145,97.68959415760632,-0.004705450822979903,0.7,0.9711815561959655,4856446573.42391,4856.44657342391,0.5254562920268973,1,9.825645502055892,0.7383177570093458,10.12634904244707,0.514018691588785,4.708617024593917,0.4766355140186916,57.342230131821275,0.4485981308411215
NorESM2-MM_ssp585_scen03_no_drought_pert,SRI12,SRI,SRI12,SRI,5000.0,0.9212295869356388,0.9567723342939481,-0.03554274735830931,1080,4949187037.109542,4949.187037109542,0.0,94.3681413527504,0.0,0.7,0.9567723342939481,4492981966.302321,4492.981966302322,0.5254562920268973,1,9.673530949331909,0.7102803738317757,10.989970857281232,0.6542056074766355,3.732303595682091,0.37383177570093457,57.32775849427239,0.4392523364485981
