scenario_name,winner_indicator,winner_family,deterministic_tiebreak_indicator,deterministic_tiebreak_family,best_spi_urban_reliability,best_sri_urban_reliability,spi_minus_sri_urban_reliability,source_policy_index,contract_threshold,contract_action,demand_threshold,demand_action,urban_reliability,total_cost,total_cost_million,agricultural_reliability,indicators_tied_at_max_urban,temperature_metric,temperature_percentile,precipitation_metric,precipitation_percentile,glacier_metric,glacier_percentile,streamflow_metric,streamflow_percentile
ACCESS-CM2_ssp126_scen01_no_drought_pert,,Tie,SRI12,SRI,1.0,1.0,0.0,1266,-0.7609746695677635,0.0,-1.2776313555356107,0.8460995815205353,1.0,142766145.894668,142.766145894668,0.8434197886647454,6,8.246758693119077,0.2897196261682243,12.358682322930193,0.8691588785046729,11.970713822259402,0.7570093457943925,82.0719846896954,0.7850467289719626
ACCESS-CM2_ssp126_scen02_no_drought_pert,,Tie,SRI12,SRI,1.0,1.0,0.0,214,-4.0,0.0,-2.0615443051935975,0.705196159703668,1.0,134414.91249999998,0.13441491249999998,0.9020172910662825,6,8.332528674681495,0.34579439252336447,10.965986592429935,0.6448598130841121,12.934968554865998,0.7850467289719626,80.83942289988211,0.7757009345794392
ACCESS-CM2_ssp126_scen03_no_drought_pert,,Tie,SPI6,SPI,1.0,1.0,0.0,552,-4.0,0.0,-1.9816364091778258,0.7592021726675336,1.0,17724983.14188385,17.72498314188385,0.7002881844380404,6,8.297780384257742,0.3177570093457944,11.32652929422824,0.7663551401869159,9.809554277269152,0.6822429906542056,72.6548113357868,0.7102803738317757
ACCESS-CM2_ssp245_scen01_no_drought_pert,SRI3,SRI,SRI3,SRI,0.9942363112391931,1.0,-0.0057636887608069065,864,-0.4569002113354943,178.08666540734907,-1.2162727435165652e-06,0.7,1.0,5688932241.98339,5688.93224198339,0.6071085494716619,1,9.254886974669269,0.5794392523364486,10.710124358229361,0.5887850467289719,5.397470828209733,0.5327102803738317,63.10612924735439,0.5981308411214953
ACCESS-CM2_ssp245_scen02_no_drought_pert,,Tie,SPI6,SPI,1.0,1.0,0.0,127,-0.001136414474851289,0.0,-0.401702366492099,0.7158780609091141,1.0,588430926.5421629,588.4309265421629,0.7098943323727185,5,9.356907745148249,0.6261682242990654,11.391082840364742,0.7757009345794392,7.7431377452354795,0.6261682242990654,70.3582153792634,0.6822429906542056
ACCESS-CM2_ssp245_scen03_no_drought_pert,SPI6,SPI,SPI6,SPI,1.0,0.9980787704130644,0.0019212295869356355,664,0.0,355.3532277120797,-0.0009799940812626959,0.7,1.0,6550637988.527266,6550.637988527265,0.5513928914505284,1,9.262255738535675,0.5887850467289719,11.02360635633899,0.6728971962616822,6.951010556413485,0.616822429906542,64.49297130789174,0.616822429906542
ACCESS-CM2_ssp370_scen01_no_drought_pert,SRI3,SRI,SRI3,SRI,0.8876080691642652,0.9615754082612872,-0.07396733909702202,1079,0.0,1105.9772988141547,0.0,0.7,0.9615754082612872,6380237310.794023,6380.237310794023,0.34005763688760804,1,10.298836347595163,0.8411214953271028,12.420216575897523,0.8878504672897196,0.6771364513580496,0.19626168224299065,53.061923932895944,0.32710280373831774
ACCESS-CM2_ssp370_scen02_no_drought_pert,SRI6,SRI,SRI6,SRI,0.920268972142171,0.9414024975984631,-0.0211335254562921,876,0.0,2075.7162044737333,0.0,0.7,0.9414024975984631,8128076465.654074,8128.076465654074,0.23727185398655137,1,10.549646671198808,0.8598130841121495,12.403759837415452,0.8785046728971962,1.494890760763309,0.22429906542056074,59.97302899834677,0.5327102803738317
ACCESS-CM2_ssp370_scen03_no_drought_pert,SRI6,SRI,SRI6,SRI,0.8751200768491835,0.930835734870317,-0.05571565802113354,1575,0.0,2030.48915186343,-0.0027512519628505195,0.7017057158219191,0.930835734870317,7335529914.282503,7335.529914282503,0.25552353506243997,1,10.47256204779418,0.8504672897196262,12.640756460733522,0.9252336448598131,0.5447709680434089,0.18691588785046728,55.829337136426574,0.3925233644859813
ACCESS-CM2_ssp585_scen01_no_drought_pert,SRI12,SRI,SRI12,SRI,0.9548511047070125,0.9634966378482228,-0.008645533141210304,1285,0.0,2060.0976747576688,0.0,0.7000080784898689,0.9634966378482228,7260270475.024059,7260.270475024059,0.09606147934678189,1,11.466518964204113,0.9626168224299065,10.461902618271044,0.5700934579439252,0.17839457080452947,0.14018691588785046,49.233932629678904,0.27102803738317754
ACCESS-CM2_ssp585_scen02_no_drought_pert,SRI3,SRI,SRI3,SRI,0.8952929875120077,0.94716618635927,-0.05187319884726227,1422,0.0,2006.9429372849638,0.0,0.7002538897812025,0.94716618635927,5961953641.901569,5961.953641901569,0.08357348703170031,1,11.39175758901366,0.9532710280373832,11.411448539584336,0.7850467289719626,8.345941191388671e-06,0.102803738317757,47.946040612785,0.24299065420560748
ACCESS-CM2_ssp585_scen03_no_drought_pert,SRI3,SRI,SRI3,SRI,0.8386167146974064,0.9452449567723343,-0.10662824207492794,1081,0.0,2079.2823328597224,-0.0015343796934995358,0.7,0.9452449567723343,6467675428.203683,6467.675428203683,0.11047070124879921,1,11.478519648245916,0.9719626168224299,10.283660932365674,0.5327102803738317,0.17943747468257015,0.14953271028037382,46.79058886678721,0.21495327102803738
CNRM-CM6-1_ssp126_scen01_no_drought_pert,SPI6,SPI,SPI6,SPI,0.9692603266090298,0.9615754082612872,0.007684918347742653,270,0.0,1230.502694325712,0.0,0.7000024756129417,0.9692603266090298,6515814101.034945,6515.8141010349445,0.33429394812680113,1,8.71311434784831,0.37383177570093457,9.032486455125284,0.27102803738317754,4.896177026094735,0.5233644859813084,54.08449282126896,0.3644859813084112
CNRM-CM6-1_ssp126_scen02_no_drought_pert,SPI3,SPI,SPI3,SPI,0.9865513928914506,0.9221902017291066,0.06436119116234396,428,0.0,585.7160444402974,-0.000340330844929391,0.7000025639336531,0.9865513928914506,5912152254.342227,5912.152254342227,0.4707012487992315,1,8.780253874714392,0.38317757009345793,10.825320035649787,0.6261682242990654,4.466606987506163,0.4485981308411215,59.232185619069234,0.514018691588785
CNRM-CM6-1_ssp126_scen03_no_drought_pert,SRI3,SRI,SRI3,SRI,0.9827089337175793,0.989433237271854,-0.006724303554274669,1214,0.0,1900.606896934297,-1.2971252921927183,0.9609366494605636,0.989433237271854,6011708560.30545,6011.70856030545,0.1287223823246878,3,8.646819747180851,0.3644859813084112,9.367849281436037,0.32710280373831774,4.871880125340332,0.5046728971962616,53.81224740243157,0.35514018691588783
CNRM-CM6-1_ssp245_scen01_no_drought_pert,SRI12,SRI,SRI12,SRI,0.8607108549471661,0.9452449567723343,-0.08453410182516818,1644,-0.0013897761567904987,2063.5787298352407,-0.000570549399292096,0.7,0.9452449567723343,5676405550.638157,5676.4055506381565,0.05571565802113354,1,9.67399776220986,0.719626168224299,8.79184967420288,0.205607476635514,0.5094178810758313,0.16822429906542055,40.93014084508016,0.09345794392523364
CNRM-CM6-1_ssp245_scen02_no_drought_pert,SRI3,SRI,SRI3,SRI,0.9000960614793467,0.930835734870317,-0.03073967339097028,1507,-0.009124284639460524,2100.0,0.0,0.7024697773734612,0.930835734870317,5973556399.119835,5973.556399119835,0.04226705091258409,1,9.808832208919025,0.7289719626168224,8.879541521405319,0.24299065420560748,0.8992352261126023,0.205607476635514,43.0564199818998,0.14953271028037382
CNRM-CM6-1_ssp245_scen03_no_drought_pert,SPI6,SPI,SPI6,SPI,0.8962536023054755,0.8933717579250721,0.0028818443804033977,748,-1.8895268034383372e-06,2090.7630554326656,-0.000366342555702953,0.7000552008362733,0.8962536023054755,5351994572.196297,5351.994572196297,0.1796349663784822,1,9.639740813266084,0.7009345794392523,9.707310090462107,0.411214953271028,0.10246078999560877,0.12149532710280374,44.4775539133566,0.17757009345794392
CNRM-CM6-1_ssp370_scen01_no_drought_pert,SPI6,SPI,SPI6,SPI,0.8895292987512008,0.803073967339097,0.08645533141210382,748,-1.8895268034383372e-06,2090.7630554326656,-0.000366342555702953,0.7000552008362733,0.8895292987512008,4811417876.791611,4811.417876791611,0.18059558117195007,1,10.804658200286681,0.9158878504672897,8.519468709566967,0.16822429906542055,0.0,0.04672897196261682,41.089059636429084,0.102803738317757
CNRM-CM6-1_ssp370_scen02_no_drought_pert,SRI12,SRI,SRI12,SRI,0.7905859750240154,0.8578290105667628,-0.06724303554274735,1721,-0.04432134500976491,2090.1051584167426,0.0,0.7003703607494425,0.8578290105667628,5090989456.608498,5090.989456608498,0.03746397694524495,1,10.670036555716425,0.8878504672897196,8.364142099973082,0.14953271028037382,0.0,0.04672897196261682,38.82758683716181,0.07476635514018691
CNRM-CM6-1_ssp370_scen03_no_drought_pert,SPI6,SPI,SPI6,SPI,0.9116234390009607,0.7905859750240154,0.12103746397694526,282,0.0,2077.8620125914485,0.0,0.7000027551579491,0.9116234390009607,5041314328.024972,5041.314328024972,0.30739673390970224,1,10.755172151944569,0.9065420560747663,8.973262241449602,0.2616822429906542,0.0,0.04672897196261682,44.00962961737135,0.1588785046728972
CNRM-CM6-1_ssp585_scen01_no_drought_pert,SRI12,SRI,SRI12,SRI,0.7454370797310279,0.8270893371757925,-0.08165225744476456,1721,-0.04432134500976491,2090.1051584167426,0.0,0.7003703607494425,0.8270893371757925,4688441014.351791,4688.441014351792,0.011527377521613813,1,11.89991484400997,1.0,6.798267195056925,0.037383177570093455,0.0,0.04672897196261682,34.08829421925719,0.018691588785046728
CNRM-CM6-1_ssp585_scen02_no_drought_pert,SRI3,SRI,SRI3,SRI,0.7636887608069164,0.792507204610951,-0.028818443804034644,1330,-4.967834018908095e-05,2076.796930392341,-0.0019213015131258212,0.7,0.792507204610951,4815487823.840222,4815.4878238402225,0.018251681075888593,1,11.807276078296882,0.9813084112149533,6.905286538393545,0.04672897196261682,0.0,0.04672897196261682,35.628995277706714,0.037383177570093455
CNRM-CM6-1_ssp585_scen03_no_drought_pert,SRI12,SRI,SRI12,SRI,0.729106628242075,0.7598463016330451,-0.030739673390970168,477,-0.0033627942256115873,2072.8518081624015,0.0,0.7000888237888778,0.7598463016330451,4770838073.317821,4770.838073317821,0.07300672430355426,1,11.817241263114113,0.9906542056074766,6.952268490572161,0.056074766355140186,0.0,0.04672897196261682,35.80930654430048,0.04672897196261682
INM-CM4-8_ssp126_scen01_no_drought_pert,,Tie,SPI12,SPI,1.0,1.0,0.0,199,-4.0,0.0,-2.540891246948595,0.7608955571084999,1.0,134414.91249999998,0.13441491249999998,1.0,6,7.310025290732029,0.04672897196261682,12.665336121634583,0.9439252336448598,25.359949330674414,1.0,116.56620185460997,1.0
INM-CM4-8_ssp126_scen02_no_drought_pert,,Tie,SPI12,SPI,1.0,1.0,0.0,199,-4.0,0.0,-2.540891246948595,0.7608955571084999,1.0,134414.91249999998,0.13441491249999998,0.9884726224783862,6,7.361103830354421,0.056074766355140186,12.791606897721504,0.9532710280373832,19.7197460335644,0.9532710280373832,100.86727913705175,0.9626168224299065
INM-CM4-8_ssp126_scen03_no_drought_pert,,Tie,SPI12,SPI,1.0,1.0,0.0,199,-4.0,0.0,-2.540891246948595,0.7608955571084999,1.0,134414.91249999998,0.13441491249999998,1.0,6,7.380448391148506,0.08411214953271028,11.48128929131136,0.794392523364486,25.229893172751904,0.9906542056074766,111.6658746491533,0.9906542056074766
INM-CM4-8_ssp245_scen01_no_drought_pert,,Tie,SRI12,SRI,1.0,1.0,0.0,214,-4.0,0.0,-2.0615443051935975,0.705196159703668,1.0,134414.91249999998,0.13441491249999998,0.9980787704130644,6,8.072565181077598,0.22429906542056074,10.282837983500702,0.5233644859813084,19.18331668145145,0.9252336448598131,94.90137873392696,0.9158878504672897
INM-CM4-8_ssp245_scen02_no_drought_pert,,Tie,SRI12,SRI,1.0,1.0,0.0,214,-4.0,0.0,-2.0615443051935975,0.705196159703668,1.0,134414.91249999998,0.13441491249999998,0.9971181556195965,6,8.237719815713508,0.27102803738317754,10.780790966173678,0.6074766355140186,20.078289600168656,0.9626168224299065,98.60198629008549,0.9532710280373832
INM-CM4-8_ssp245_scen03_no_drought_pert,,Tie,SPI12,SPI,1.0,1.0,0.0,199,-4.0,0.0,-2.540891246948595,0.7608955571084999,1.0,134414.91249999998,0.13441491249999998,1.0,6,7.961834268180253,0.205607476635514,11.174642044127479,0.7383177570093458,23.792577862447157,0.9813084112149533,104.50984718782584,0.9813084112149533
INM-CM4-8_ssp370_scen01_no_drought_pert,,Tie,SRI12,SRI,1.0,1.0,0.0,1701,-0.005094172383531381,0.0,-1.0785785922990594,0.846110865954059,1.0,442285659.9264244,442.2856599264244,0.6243996157540825,6,8.942304142371452,0.42990654205607476,8.06150642938115,0.11214953271028037,9.94501864816599,0.7102803738317757,62.9094329702788,0.5887850467289719
INM-CM4-8_ssp370_scen02_no_drought_pert,,Tie,SPI12,SPI,1.0,1.0,0.0,199,-4.0,0.0,-2.540891246948595,0.7608955571084999,1.0,134414.91249999998,0.13441491249999998,0.8856868395773295,6,9.17837256506455,0.5420560747663551,8.66478815036564,0.18691588785046728,14.643656739243353,0.8504672897196262,77.00174810438722,0.7476635514018691
INM-CM4-8_ssp370_scen03_no_drought_pert,,Tie,SRI3,SRI,1.0,1.0,0.0,506,-3.3678890052196984,0.0,-1.9589432790625714,0.9050492590881688,1.0,37726226.0143824,37.7262260143824,0.7310278578290106,6,8.981031132806189,0.4766355140186916,9.152249165686568,0.2897196261682243,11.452775709871093,0.7383177570093458,69.60261744135542,0.6635514018691588
INM-CM4-8_ssp585_scen01_no_drought_pert,SRI12,SRI,SRI12,SRI,0.9212295869356388,0.9673390970220941,-0.04610951008645525,1644,-0.0013897761567904987,2063.5787298352407,-0.000570549399292096,0.7,0.9673390970220941,7353835602.568449,7353.835602568449,0.17771373679154656,1,9.530637047969458,0.6728971962616822,9.3823527434557,0.3364485981308411,3.3560187013451896,0.3364485981308411,50.70075964562565,0.2803738317757009
INM-CM4-8_ssp585_scen02_no_drought_pert,SPI3,SPI,SPI3,SPI,0.9913544668587896,0.9750240153698367,0.016330451488952846,91,0.0,541.8197895836076,-5.003209665240807e-05,0.7000131146975921,0.9913544668587896,6203787673.022596,6203.787673022596,0.5120076849183477,1,9.467274406170029,0.6542056074766355,10.339273211823457,0.5514018691588785,5.736733392805984,0.5700934579439252,60.4630120587168,0.5607476635514018
INM-CM4-8_ssp585_scen03_no_drought_pert,SPI3,SPI,SPI3,SPI,0.9337175792507204,0.9077809798270894,0.025936599423631024,547,-0.0004085960820661774,1266.4486264266186,-3.067207188636697e-06,0.7000367649237728,0.9337175792507204,6395380852.467368,6395.380852467368,0.36023054755043227,1,9.524586377473522,0.6635514018691588,10.711231611188433,0.5981308411214953,3.5070924041375364,0.34579439252336447,56.10068539287101,0.40186915887850466
INM-CM5-0_ssp126_scen01_no_drought_pert,,Tie,SPI12,SPI,1.0,1.0,0.0,199,-4.0,0.0,-2.540891246948595,0.7608955571084999,1.0,134414.91249999998,0.13441491249999998,0.9615754082612872,6,7.094843298786187,0.009345794392523364,12.610776639846494,0.9158878504672897,19.709697804669894,0.9439252336448598,101.62758955063248,0.9719626168224299
INM-CM5-0_ssp126_scen02_no_drought_pert,,Tie,SPI12,SPI,1.0,1.0,0.0,199,-4.0,0.0,-2.540891246948595,0.7608955571084999,1.0,134414.91249999998,0.13441491249999998,1.0,6,7.120031726977159,0.018691588785046728,9.911710930109043,0.4766355140186916,19.37848475759706,0.9345794392523364,92.01129795892001,0.8878504672897196
INM-CM5-0_ssp126_scen03_no_drought_pert,,Tie,SRI12,SRI,1.0,1.0,0.0,214,-4.0,0.0,-2.0615443051935975,0.705196159703668,1.0,134414.91249999998,0.13441491249999998,1.0,6,7.02688169373159,0.0,9.778792965949718,0.4485981308411215,21.41646387886946,0.9719626168224299,96.75698637216438,0.9345794392523364
INM-CM5-0_ssp245_scen01_no_drought_pert,,Tie,SPI12,SPI,1.0,1.0,0.0,199,-4.0,0.0,-2.540891246948595,0.7608955571084999,1.0,134414.91249999998,0.13441491249999998,0.9538904899135446,6,7.8981925689643315,0.19626168224299065,12.796197195135997,0.9626168224299065,14.56206951474551,0.8411214953271028,92.95424919381051,0.897196261682243
INM-CM5-0_ssp245_scen02_no_drought_pert,,Tie,SRI12,SRI,1.0,1.0,0.0,214,-4.0,0.0,-2.0615443051935975,0.705196159703668,1.0,134414.91249999998,0.13441491249999998,0.8876080691642652,6,8.139098009696442,0.2336448598130841,10.934263737044137,0.6355140186915887,12.793117499233627,0.7757009345794392,82.38150130272363,0.794392523364486
INM-CM5-0_ssp245_scen03_no_drought_pert,,Tie,SRI12,SRI,1.0,1.0,0.0,214,-4.0,0.0,-2.0615443051935975,0.705196159703668,1.0,134414.91249999998,0.13441491249999998,0.9394812680115274,6,7.998972734523776,0.21495327102803738,11.935746440322538,0.822429906542056,14.560083639245033,0.8317757009345794,88.8594604003672,0.8504672897196262
INM-CM5-0_ssp370_scen01_no_drought_pert,SRI12,SRI,SRI12,SRI,0.9865513928914506,0.9923150816522575,-0.0057636887608069065,1308,-0.001470624630732032,72.39253957239887,0.0,0.7000641048083274,0.9923150816522575,4545919263.168665,4545.919263168665,0.6791546589817483,1,8.932643469126146,0.4205607476635514,11.113615973233314,0.7102803738317757,7.774884612975105,0.6355140186915887,71.01923047502537,0.6915887850467289
INM-CM5-0_ssp370_scen02_no_drought_pert,,Tie,SPI3,SPI,1.0,1.0,0.0,134,-2.2156455278847265,0.0,-0.1976520459638627,0.7369955424647874,1.0,756228552.0569862,756.2285520569862,0.5984630163304515,6,8.950609688609152,0.4485981308411215,8.77110096760991,0.19626168224299065,8.814158034755112,0.6635514018691588,61.968533788318496,0.5794392523364486
INM-CM5-0_ssp370_scen03_no_drought_pert,SPI3,SPI,SPI3,SPI,0.9817483189241114,0.9577329490874159,0.0240153698366955,568,0.0,226.70261839876434,0.0,0.7,0.9817483189241114,5227879966.459706,5227.879966459706,0.6090297790585975,1,8.848020718964635,0.40186915887850466,11.079721861809654,0.7009345794392523,6.072542882132063,0.5794392523364486,64.95959218759663,0.6261682242990654
INM-CM5-0_ssp585_scen01_no_drought_pert,SPI6,SPI,SPI6,SPI,0.9769452449567724,0.9644572526416907,0.012487992315081686,723,-2.2389714644658802e-08,989.3408563614902,-8.473594990809351e-08,0.7000523940643592,0.9769452449567724,6649448248.004768,6649.448248004768,0.425552353506244,1,9.142373627498074,0.5233644859813084,10.321561165397156,0.5420560747663551,5.411296596858867,0.5420560747663551,60.15547193459637,0.5420560747663551
INM-CM5-0_ssp585_scen02_no_drought_pert,SPI12,SPI,SPI12,SPI,0.9855907780979827,0.9731027857829011,0.012487992315081575,31,0.0,231.64418494010124,-1.7209622932311948e-09,0.7000015486634695,0.9855907780979827,5059099141.2242775,5059.099141224277,0.5292987512007685,1,9.075335409605623,0.4953271028037383,10.069621792897886,0.48598130841121495,4.819235871548375,0.4953271028037383,59.72422326001037,0.5233644859813084
INM-CM5-0_ssp585_scen03_no_drought_pert,SRI3,SRI,SRI3,SRI,0.9865513928914506,0.9961575408261287,-0.009606147934678178,135,0.0,402.40711120186563,0.0,0.7000720421928522,0.9961575408261287,6225930841.031067,6225.930841031067,0.5091258405379443,1,8.96740860287591,0.4672897196261682,9.67414726082563,0.40186915887850466,4.810807681653853,0.48598130841121495,57.75685323143659,0.4672897196261682
MIROC-ES2L_ssp126_scen01_no_drought_pert,,Tie,SRI12,SRI,1.0,1.0,0.0,214,-4.0,0.0,-2.0615443051935975,0.705196159703668,1.0,134414.91249999998,0.13441491249999998,0.9558117195004803,6,7.271900469807009,0.028037383177570093,10.608711975076464,0.5794392523364486,16.10971781917163,0.8691588785046729,84.5497160855364,0.8130841121495327
MIROC-ES2L_ssp126_scen02_no_drought_pert,,Tie,SPI12,SPI,1.0,1.0,0.0,199,-4.0,0.0,-2.540891246948595,0.7608955571084999,1.0,134414.91249999998,0.13441491249999998,0.9298751200768491,6,7.4107638701562575,0.11214953271028037,12.050023454749743,0.8317757009345794,15.453391696873263,0.8598130841121495,89.71934318072577,0.8691588785046729
MIROC-ES2L_ssp126_scen03_no_drought_pert,,Tie,SPI12,SPI,1.0,1.0,0.0,199,-4.0,0.0,-2.540891246948595,0.7608955571084999,1.0,134414.91249999998,0.13441491249999998,0.9721421709894332,6,7.3763703466264285,0.07476635514018691,12.236016940008158,0.8598130841121495,16.712977282705193,0.8785046728971962,93.03773874790043,0.9065420560747663
MIROC-ES2L_ssp245_scen01_no_drought_pert,,Tie,SPI12,SPI,1.0,1.0,0.0,199,-4.0,0.0,-2.540891246948595,0.7608955571084999,1.0,134414.91249999998,0.13441491249999998,0.7358309317963496,6,8.283247927606745,0.308411214953271,9.823362445289625,0.45794392523364486,11.070219643712024,0.7289719626168224,73.69646867925826,0.719626168224299
MIROC-ES2L_ssp245_scen02_no_drought_pert,,Tie,SPI12,SPI,1.0,1.0,0.0,199,-4.0,0.0,-2.540891246948595,0.7608955571084999,1.0,134414.91249999998,0.13441491249999998,0.8338136407300673,6,8.176185797485017,0.2523364485981308,9.589005548195697,0.37383177570093457,13.594427405847526,0.8037383177570093,77.24079872361864,0.7570093457943925
MIROC-ES2L_ssp245_scen03_no_drought_pert,,Tie,SRI12,SRI,1.0,1.0,0.0,1291,-3.950815840743571,0.0,-2.1993455383625986,0.7089952984060895,1.0,134414.91249999998,0.13441491249999998,0.7396733909702209,6,8.175693882615162,0.24299065420560748,9.743124003695609,0.42990654205607476,11.88410817950479,0.7476635514018691,74.29796435926838,0.7289719626168224
MIROC-ES2L_ssp370_scen01_no_drought_pert,SRI12,SRI,SRI12,SRI,0.9980787704130644,1.0,-0.0019212295869356355,26,-3.751718791143903,0.0,-0.16231264364028197,0.8110306883722149,1.0,896919911.9351889,896.9199119351889,0.6157540826128722,1,9.2130840861356,0.5607476635514018,9.728095431879554,0.4205607476635514,8.350267095485686,0.6542056074766355,64.38769590795356,0.6074766355140186
MIROC-ES2L_ssp370_scen02_no_drought_pert,SRI3,SRI,SRI3,SRI,0.9884726224783862,0.989433237271854,-0.0009606147934677622,1092,-0.0034687016070751517,384.93560493537154,0.0,0.7,0.989433237271854,6387143263.136741,6387.143263136741,0.4678194044188281,1,9.217176427183496,0.5700934579439252,8.867273815982607,0.2336448598130841,6.408552433607669,0.5981308411214953,59.1972070452073,0.5046728971962616
MIROC-ES2L_ssp370_scen03_no_drought_pert,SRI3,SRI,SRI3,SRI,0.9923150816522575,0.9951969260326609,-0.0028818443804033977,328,0.0,365.72829573361,-0.009395377312526366,0.7000415709351143,0.9951969260326609,6302397125.744407,6302.397125744406,0.505283381364073,1,9.318827111428988,0.6074766355140186,8.860765984310733,0.21495327102803738,6.375912833123232,0.5887850467289719,60.17258123321102,0.5514018691588785
MIROC-ES2L_ssp585_scen01_no_drought_pert,SRI6,SRI,SRI6,SRI,0.9116234390009607,0.9462055715658021,-0.03458213256484144,274,-0.0011275873317772613,1326.3724667382296,-0.0034461717901194955,0.7005831649467219,0.9462055715658021,6595169323.731738,6595.169323731738,0.2785782901056676,1,9.996720699911661,0.7570093457943925,9.666576220650132,0.3925233644859813,2.2632514283107406,0.27102803738317754,52.86795127446045,0.3177570093457944
MIROC-ES2L_ssp585_scen02_no_drought_pert,SPI6,SPI,SPI6,SPI,0.9510086455331412,0.9490874159462056,0.0019212295869356355,781,-0.0004273481005543976,1518.4337070542724,-0.0012611220079617722,0.7000001213142408,0.9510086455331412,6458831952.806297,6458.8319528062975,0.2603266090297791,1,9.997834470352448,0.7663551401869159,9.321046923083273,0.308411214953271,2.2362268285743565,0.2523364485981308,51.99449603015054,0.29906542056074764
MIROC-ES2L_ssp585_scen03_no_drought_pert,SRI3,SRI,SRI3,SRI,0.9779058597502401,1.0,-0.022094140249759864,754,-4.7696288722404775e-06,1938.5618509660462,-1.52683450521919,0.8724672685546025,1.0,5883304626.22396,5883.3046262239595,0.049951969260326634,3,10.022787678523665,0.7757009345794392,8.225438678382691,0.1308411214953271,3.716771443251865,0.3644859813084112,52.17201926287789,0.308411214953271
MIROC6_ssp126_scen01_no_drought_pert,SRI6,SRI,SRI6,SRI,0.989433237271854,1.0,-0.01056676272814605,1223,0.0,60.9166591030075,0.0,0.7,1.0,4427466980.519872,4427.466980519872,0.7195004803073968,1,7.595789537990567,0.14018691588785046,11.179522724203562,0.7476635514018691,9.88233901288422,0.7009345794392523,75.5192296676531,0.7383177570093458
MIROC6_ssp126_scen02_no_drought_pert,,Tie,SRI12,SRI,1.0,1.0,0.0,8,-1.5634357481222008,0.0,-0.5102386242966723,0.9603774646204843,1.0,69415498.18553327,69.41549818553327,0.6954851104707013,6,7.651144070603995,0.1588785046728972,8.931590581409818,0.2523364485981308,11.010729961122443,0.719626168224299,71.17640955165949,0.7009345794392523
MIROC6_ssp126_scen03_no_drought_pert,SPI3,SPI,SPI3,SPI,1.0,0.9875120076849183,0.012487992315081686,160,0.0,93.254908854865,-4.9323061016318505e-05,0.700000000961833,1.0,4729984036.308784,4729.984036308783,0.6464937560038424,3,7.61494912207381,0.14953271028037382,9.626287630200338,0.38317757009345793,9.779406409078112,0.6728971962616822,69.65619883171505,0.6728971962616822
MIROC6_ssp245_scen01_no_drought_pert,SRI12,SRI,SRI12,SRI,0.9135446685878963,0.9337175792507204,-0.020172910662824117,1000,-4.783660998387471e-05,1850.75287705685,0.0,0.7000746031863622,0.9337175792507204,6340570424.105774,6340.570424105774,0.14217098943323725,1,8.846326159362482,0.3925233644859813,8.31639265414745,0.14018691588785046,3.6696587432982195,0.35514018691588783,48.577955717005324,0.2523364485981308
MIROC6_ssp245_scen02_no_drought_pert,SRI12,SRI,SRI12,SRI,0.9356388088376562,0.968299711815562,-0.032660902977905804,1782,0.0,1778.2991545086734,-0.8447435942514747,0.7,0.968299711815562,6070752287.609777,6070.752287609777,0.11239193083573484,1,8.92611054493492,0.411214953271028,6.79823062313845,0.028037383177570093,3.9389847428545455,0.411214953271028,45.6403227710596,0.19626168224299065
MIROC6_ssp245_scen03_no_drought_pert,SRI12,SRI,SRI12,SRI,0.9212295869356388,0.9586935638808838,-0.03746397694524495,1077,0.0,1373.9510520533545,-0.8610627858110385,0.7,0.9586935638808838,5939081875.832455,5939.081875832455,0.22574447646493756,1,8.960176596382091,0.45794392523364486,7.598896232092706,0.09345794392523364,3.867674641073866,0.3925233644859813,47.199437109668516,0.2336448598130841
MIROC6_ssp370_scen01_no_drought_pert,SRI12,SRI,SRI12,SRI,0.8751200768491835,0.9702209414024976,-0.09510086455331412,1546,-0.0007430199374257075,1990.5842818297876,0.0,0.7,0.9702209414024976,5929508775.53116,5929.508775531161,0.06340057636887608,1,9.57436811139304,0.6822429906542056,7.078478365102942,0.06542056074766354,2.1501495081760593,0.2336448598130841,41.923687401885545,0.1308411214953271
MIROC6_ssp370_scen02_no_drought_pert,SRI12,SRI,SRI12,SRI,0.8626320845341018,0.978866474543708,-0.11623439000960623,1668,-5.98616351676828e-05,2088.6770007613154,-0.8860079707843836,0.7014142410063551,0.978866474543708,5540628162.293923,5540.628162293923,0.022094140249759864,1,9.450368157158808,0.6448598130841121,7.2741911806985025,0.07476635514018691,2.251797211000895,0.2616822429906542,41.87098529562512,0.12149532710280374
MIROC6_ssp370_scen03_no_drought_pert,SRI12,SRI,SRI12,SRI,0.9529298751200769,0.962536023054755,-0.009606147934678178,550,0.0,2061.566899113549,-9.078012256985554e-07,0.7,0.962536023054755,6902148317.505242,6902.148317505243,0.053794428434197905,1,9.613643163576043,0.6915887850467289,7.33844147077288,0.08411214953271028,3.919664233584811,0.40186915887850466,47.08072693666674,0.22429906542056074
MIROC6_ssp585_scen01_no_drought_pert,SRI12,SRI,SRI12,SRI,0.7732949087415946,0.8213256484149856,-0.048030739673391,1721,-0.04432134500976491,2090.1051584167426,0.0,0.7003703607494425,0.8213256484149856,4619665546.734041,4619.6655467340415,0.018251681075888593,1,10.605422795104834,0.8785046728971962,5.978350841169854,0.0,0.013781842972184495,0.11214953271028037,32.46715306233495,0.0
MIROC6_ssp585_scen02_no_drought_pert,SRI12,SRI,SRI12,SRI,0.5811719500480308,0.8011527377521614,-0.21998078770413065,1721,-0.04432134500976491,2090.1051584167426,0.0,0.7003703607494425,0.8011527377521614,4308913488.854349,4308.913488854349,0.028818443804034533,1,10.597980936927058,0.8691588785046729,6.357580224028724,0.009345794392523364,0.0,0.04672897196261682,33.09135224773918,0.009345794392523364
MIROC6_ssp585_scen03_no_drought_pert,SRI3,SRI,SRI3,SRI,0.6657060518731989,0.7588856868395774,-0.09317963496637849,842,-0.002777502935369696,2074.060781205313,-0.0006307100801122324,0.7000137691415538,0.7588856868395774,4464126459.583658,4464.126459583658,0.04226705091258409,1,10.749831252893898,0.897196261682243,6.631057613851125,0.018691588785046728,0.0,0.04672897196261682,35.11322037737339,0.028037383177570093
MPI-ESM1-2-LR_ssp126_scen01_no_drought_pert,SPI6,SPI,SPI6,SPI,1.0,0.9913544668587896,0.008645533141210415,592,-0.09810797987449504,0.0,-1.009452113925168,0.850374825660078,1.0,83013831.61157364,83.01383161157364,0.7243035542747358,3,7.365005562010756,0.06542056074766354,14.043704065299218,1.0,9.827753559002794,0.6915887850467289,79.43625470854221,0.7663551401869159
MPI-ESM1-2-LR_ssp126_scen02_no_drought_pert,,Tie,SPI12,SPI,1.0,1.0,0.0,199,-4.0,0.0,-2.540891246948595,0.7608955571084999,1.0,134414.91249999998,0.13441491249999998,0.878001921229587,6,7.496910296417559,0.1308411214953271,12.073272068997817,0.8411214953271028,13.155298172091298,0.794392523364486,82.75333680030717,0.8037383177570093
MPI-ESM1-2-LR_ssp126_scen03_no_drought_pert,,Tie,SPI12,SPI,1.0,1.0,0.0,199,-4.0,0.0,-2.540891246948595,0.7608955571084999,1.0,134414.91249999998,0.13441491249999998,0.8933717579250721,6,7.480357081206646,0.12149532710280374,13.645613404800581,0.9906542056074766,12.052270180857642,0.7663551401869159,88.88420957355287,0.8598130841121495
MPI-ESM1-2-LR_ssp245_scen01_no_drought_pert,SPI12,SPI,SPI12,SPI,0.9442843419788665,0.9048991354466859,0.03938520653218058,512,0.0,713.2127487961475,0.0,0.700019336106744,0.9442843419788665,6321175600.911776,6321.175600911775,0.45437079731027863,1,8.253252544881025,0.29906542056074764,11.784371907659068,0.8037383177570093,2.9880219581440444,0.308411214953271,56.99033913842967,0.4205607476635514
MPI-ESM1-2-LR_ssp245_scen02_no_drought_pert,SRI12,SRI,SRI12,SRI,0.951969260326609,0.9779058597502401,-0.025936599423631135,1375,-0.0005968331696310633,749.8348244427651,0.0,0.7,0.9779058597502401,6422845422.613485,6422.845422613485,0.4245917387127762,1,8.341497511067002,0.35514018691588783,9.751710634179805,0.4392523364485981,4.27585772866683,0.42990654205607476,54.2792870441342,0.37383177570093457
MPI-ESM1-2-LR_ssp245_scen03_no_drought_pert,SRI12,SRI,SRI12,SRI,0.9538904899135446,0.9702209414024976,-0.016330451488952957,1012,0.0,883.4946794921295,0.0,0.7001019054181314,0.9702209414024976,5870322454.605438,5870.322454605438,0.3688760806916427,1,8.246724114335812,0.2803738317757009,11.120744859939801,0.719626168224299,3.0757503310157674,0.3177570093457944,53.26650225122788,0.3364485981308411
MPI-ESM1-2-LR_ssp370_scen01_no_drought_pert,SRI3,SRI,SRI3,SRI,0.9414024975984631,0.9558117195004803,-0.01440922190201721,33,-0.09047042766829749,2100.0,0.0,0.7,0.9558117195004803,7044114979.068649,7044.1149790686495,0.09510086455331412,1,9.339906248788054,0.616822429906542,9.384948407752903,0.34579439252336447,2.3650431509591714,0.2897196261682243,49.187301355411684,0.2616822429906542
MPI-ESM1-2-LR_ssp370_scen02_no_drought_pert,SRI3,SRI,SRI3,SRI,0.9250720461095101,0.9721421709894332,-0.047070124879923125,1422,0.0,2006.9429372849638,0.0,0.7002538897812025,0.9721421709894332,6714661424.248698,6714.6614242486985,0.0778097982708934,1,9.38224157447371,0.6355140186915887,8.655536786789378,0.17757009345794392,2.2335945467781775,0.24299065420560748,46.50281550860182,0.205607476635514
MPI-ESM1-2-LR_ssp370_scen03_no_drought_pert,SRI12,SRI,SRI12,SRI,0.8924111431316042,0.9817483189241114,-0.08933717579250722,1091,-0.05135412174180139,2044.5322357505895,-0.9711308070507317,0.700295468339217,0.9817483189241114,5676621958.927297,5676.621958927297,0.003842459173871271,2,9.303175171474596,0.5981308411214953,7.726520858686819,0.102803738317757,1.290265611506138,0.21495327102803738,40.928869837255064,0.08411214953271028
MPI-ESM1-2-LR_ssp585_scen01_no_drought_pert,SRI12,SRI,SRI12,SRI,0.813640730067243,0.9221902017291066,-0.10854947166186357,654,-0.004978278027969818,2088.2521672647795,-0.5388116476464014,0.713113133540727,0.9221902017291066,5123255610.717886,5123.255610717886,0.0028818443804035088,1,10.143387101580055,0.794392523364486,8.503358818138803,0.1588785046728972,0.4316319876774903,0.1588785046728972,37.6362354250285,0.056074766355140186
MPI-ESM1-2-LR_ssp585_scen02_no_drought_pert,SRI12,SRI,SRI12,SRI,0.8463016330451489,0.8981748318924111,-0.05187319884726216,1140,-0.007398611011919354,2068.4259370570794,0.0,0.700006402502704,0.8981748318924111,5358968169.808215,5358.968169808215,0.030739673390970168,1,10.238459983749987,0.8130841121495327,8.13600218928824,0.12149532710280374,0.14807431799462262,0.1308411214953271,38.526946010053805,0.06542056074766354
MPI-ESM1-2-LR_ssp585_scen03_no_drought_pert,SPI6,SPI,SPI6,SPI,0.9346781940441883,0.9327569644572526,0.0019212295869356355,748,-1.8895268034383372e-06,2090.7630554326656,-0.000366342555702953,0.7000552008362733,0.9346781940441883,5430304917.380661,5430.304917380661,0.1853986551392891,1,10.267978939701932,0.8317757009345794,8.861825164596267,0.22429906542056074,0.5183700808483893,0.17757009345794392,42.166543714327,0.14018691588785046
MRI-ESM2-0_ssp126_scen01_no_drought_pert,,Tie,SPI12,SPI,1.0,1.0,0.0,199,-4.0,0.0,-2.540891246948595,0.7608955571084999,1.0,134414.91249999998,0.13441491249999998,0.9010566762728146,6,7.847264367807904,0.17757009345794392,12.653725984607076,0.9345794392523364,13.843196690844637,0.8130841121495327,87.3714070940926,0.8411214953271028
MRI-ESM2-0_ssp126_scen02_no_drought_pert,,Tie,SPI12,SPI,1.0,1.0,0.0,199,-4.0,0.0,-2.540891246948595,0.7608955571084999,1.0,134414.91249999998,0.13441491249999998,0.9884726224783862,6,7.856792561192155,0.18691588785046728,13.402227648901551,0.9719626168224299,17.217825485097265,0.897196261682243,98.40940323719934,0.9439252336448598
MRI-ESM2-0_ssp126_scen03_no_drought_pert,,Tie,SPI12,SPI,1.0,1.0,0.0,199,-4.0,0.0,-2.540891246948595,0.7608955571084999,1.0,134414.91249999998,0.13441491249999998,0.9106628242074928,6,7.8041337626635645,0.16822429906542055,13.631053581887446,0.9813084112149533,14.303784833494928,0.822429906542056,90.14990318292331,0.8785046728971962
MRI-ESM2-0_ssp245_scen01_no_drought_pert,SRI12,SRI,SRI12,SRI,0.9317963496637849,0.9798270893371758,-0.04803073967339089,1276,0.0,728.5447607571297,-0.0026435280879347645,0.700044393625728,0.9798270893371758,6292456025.871591,6292.456025871591,0.4313160422670509,1,9.023955015013314,0.48598130841121495,10.997398904913851,0.6635514018691588,4.584644496240721,0.4672897196261682,57.84187057004477,0.4766355140186916
MRI-ESM2-0_ssp245_scen02_no_drought_pert,SRI3,SRI,SRI3,SRI,0.9644572526416907,0.9817483189241114,-0.01729106628242072,795,-0.002690499542248509,297.39024466761055,0.0,0.7,0.9817483189241114,5519937538.333243,5519.9375383332435,0.4678194044188281,1,8.94840328916806,0.4392523364485981,10.366872524955152,0.5607476635514018,4.501246689386484,0.45794392523364486,55.21459896932102,0.38317757009345793
MRI-ESM2-0_ssp245_scen03_no_drought_pert,SPI3,SPI,SPI3,SPI,0.9481268011527377,0.9442843419788665,0.003842459173871271,15,0.0,657.0730181385888,0.0,0.7,0.9481268011527377,5944930997.128094,5944.930997128094,0.45629202689721426,1,9.077453271413107,0.5046728971962616,11.281754817217632,0.7570093457943925,4.046548528199851,0.4205607476635514,58.65485730534393,0.4953271028037383
MRI-ESM2-0_ssp370_scen01_no_drought_pert,SRI12,SRI,SRI12,SRI,0.9442843419788665,0.9807877041306436,-0.036503362151777186,1285,0.0,2060.0976747576688,0.0,0.7000080784898689,0.9807877041306436,7740114256.6267395,7740.11425662674,0.12487992315081653,1,10.149374994439892,0.8037383177570093,10.083631221673134,0.4953271028037383,3.198408475621321,0.32710280373831774,50.76593009739553,0.2897196261682243
MRI-ESM2-0_ssp370_scen02_no_drought_pert,SRI3,SRI,SRI3,SRI,0.899135446685879,0.9500480307396734,-0.050912584053794396,1617,0.0,1580.2071427521055,0.0,0.7,0.9500480307396734,7336339827.26726,7336.339827267259,0.3141210374639769,1,10.251260493235852,0.822429906542056,12.151264354342533,0.8504672897196262,2.339066779022258,0.2803738317757009,57.90706807825777,0.48598130841121495
MRI-ESM2-0_ssp370_scen03_no_drought_pert,SRI3,SRI,SRI3,SRI,0.9346781940441883,0.9663784822286263,-0.03170028818443804,1160,0.0,905.8911308876443,0.0,0.7,0.9663784822286263,6673227163.418514,6673.2271634185145,0.40249759846301636,1,10.085718789561492,0.7850467289719626,11.024263315638015,0.6822429906542056,2.8496335598900537,0.29906542056074764,56.61572799520419,0.411214953271028
MRI-ESM2-0_ssp585_scen01_no_drought_pert,SRI3,SRI,SRI3,SRI,0.8309317963496639,0.8876080691642652,-0.0566762728146013,275,0.0,2079.6311919377913,0.0,0.7,0.8876080691642652,5903641614.503884,5903.641614503885,0.07396733909702213,1,11.036616638373527,0.9252336448598131,9.582853385916174,0.3644859813084112,0.0,0.04672897196261682,44.08607519767427,0.16822429906542055
MRI-ESM2-0_ssp585_scen02_no_drought_pert,SRI12,SRI,SRI12,SRI,0.7867435158501441,0.8155619596541787,-0.028818443804034533,1140,-0.007398611011919354,2068.4259370570794,0.0,0.700006402502704,0.8155619596541787,5567600528.860069,5567.600528860069,0.1258405379442843,1,11.183914133886757,0.9439252336448598,9.159668327657625,0.29906542056074764,0.0,0.04672897196261682,44.55336787607449,0.18691588785046728
MRI-ESM2-0_ssp585_scen03_no_drought_pert,SRI3,SRI,SRI3,SRI,0.7646493756003843,0.8069164265129682,-0.04226705091258398,1507,-0.009124284639460524,2100.0,0.0,0.7024697773734612,0.8069164265129682,5585282303.27217,5585.28230327217,0.050912584053794396,1,11.123080925228416,0.9345794392523364,9.147853512076422,0.2803738317757009,0.0,0.04672897196261682,41.182109192578125,0.11214953271028037
NorESM2-MM_ssp126_scen01_no_drought_pert,,Tie,SPI12,SPI,1.0,1.0,0.0,199,-4.0,0.0,-2.540891246948595,0.7608955571084999,1.0,134414.91249999998,0.13441491249999998,0.9913544668587896,6,7.279487183209604,0.037383177570093455,12.492594070910016,0.9065420560747663,17.905456802039495,0.9158878504672897,95.41923749940588,0.9252336448598131
NorESM2-MM_ssp126_scen02_no_drought_pert,,Tie,SPI12,SPI,1.0,1.0,0.0,199,-4.0,0.0,-2.540891246948595,0.7608955571084999,1.0,134414.91249999998,0.13441491249999998,0.9855907780979827,6,7.385164338702115,0.09345794392523364,9.579020950140134,0.35514018691588783,17.72698086380846,0.9065420560747663,86.85964363464173,0.822429906542056
NorESM2-MM_ssp126_scen03_no_drought_pert,,Tie,SPI12,SPI,1.0,1.0,0.0,199,-4.0,0.0,-2.540891246948595,0.7608955571084999,1.0,134414.91249999998,0.13441491249999998,0.9241114313160422,6,7.385274926911055,0.102803738317757,10.104296906958652,0.5046728971962616,17.114742950920395,0.8878504672897196,86.94085365262285,0.8317757009345794
NorESM2-MM_ssp245_scen01_no_drought_pert,,Tie,SRI3,SRI,1.0,1.0,0.0,242,-0.05328156290120998,0.0,-0.15742498177783162,0.8606703190421168,1.0,536582112.1465907,536.5821121465907,0.6388088376560999,4,8.184941583320006,0.2616822429906542,10.792142996033864,0.616822429906542,7.883214292816991,0.6448598130841121,67.71826922247266,0.6542056074766355
NorESM2-MM_ssp245_scen02_no_drought_pert,SPI3,SPI,SPI3,SPI,1.0,0.9855907780979827,0.014409221902017322,390,-0.48325111589290826,0.0,-0.1408969104703659,0.7075415086464973,1.0,876463021.8395712,876.4630218395712,0.5994236311239194,1,8.302811032344506,0.32710280373831774,11.149496794483444,0.7289719626168224,6.636069292115391,0.6074766355140186,65.71788617761737,0.6355140186915887
NorESM2-MM_ssp245_scen03_no_drought_pert,SPI6,SPI,SPI6,SPI,0.9951969260326609,0.9750240153698367,0.020172910662824117,796,0.0,277.9785648762527,0.0,0.7,0.9951969260326609,5240784838.578227,5240.784838578227,0.4995196926032661,1,8.325747637206739,0.3364485981308411,11.072511096833667,0.6915887850467289,5.570138909807239,0.5514018691588785,61.54339681598807,0.5700934579439252
NorESM2-MM_ssp370_scen01_no_drought_pert,SPI6,SPI,SPI6,SPI,0.9663784822286263,0.9327569644572526,0.03362151777137368,245,0.0,1195.1338538595369,0.0,0.7,0.9663784822286263,6799139911.306389,6799.139911306389,0.3323727185398655,1,9.173022814499879,0.5327102803738317,9.326128075817632,0.3177570093457944,4.358356922902163,0.4392523364485981,53.41991703455794,0.34579439252336447
NorESM2-MM_ssp370_scen02_no_drought_pert,SRI3,SRI,SRI3,SRI,0.9711815561959655,0.9731027857829011,-0.0019212295869356355,959,-0.007253656604141162,528.527502705986,0.0,0.7000678236471019,0.9731027857829011,6208774489.229559,6208.774489229559,0.4553314121037464,1,9.19222883387119,0.5514018691588785,9.849547189341617,0.4672897196261682,4.88839866974065,0.514018691588785,57.653066364465346,0.45794392523364486
NorESM2-MM_ssp370_scen03_no_drought_pert,SRI12,SRI,SRI12,SRI,0.9414024975984631,0.9692603266090298,-0.02785782901056677,519,0.0,933.5676330758785,0.0,0.7,0.9692603266090298,6694492056.988487,6694.492056988487,0.45917387127761766,1,9.13071651169154,0.514018691588785,11.808905708929661,0.8130841121495327,3.7638557398606776,0.38317757009345793,57.312738112607754,0.42990654205607476
NorESM2-MM_ssp585_scen01_no_drought_pert,SRI12,SRI,SRI12,SRI,0.9827089337175793,1.0,-0.01729106628242072,1278,-0.4281017992217251,126.0929409544591,-0.0005758606622741497,0.7000480985517313,1.0,5600680758.77706,5600.68075877706,0.611911623439001,1,9.848179211133006,0.7476635514018691,12.476342194059765,0.897196261682243,5.687978668406489,0.5607476635514018,67.39669410413134,0.6448598130841121
NorESM2-MM_ssp585_scen02_no_drought_pert,SRI12,SRI,SRI12,SRI,0.9673390970220941,1.0,-0.032660902977905915,1620,-0.00828885521741975,769.7279556284482,-0.01214614566633208,0.7000285231623722,1.0,6931907213.677496,6931.907213677496,0.39097022094140255,1,9.825645502055892,0.7383177570093458,10.12634904244707,0.514018691588785,4.708617024593917,0.4766355140186916,57.342230131821275,0.4485981308411215
NorESM2-MM_ssp585_scen03_no_drought_pert,SRI12,SRI,SRI12,SRI,0.9462055715658021,0.9875120076849183,-0.04130643611911622,84,0.0,417.0344750463712,-0.0013331810970873548,0.7005447980686049,0.9875120076849183,5827725967.7616,5827.725967761599,0.47742555235350626,1,9.673530949331909,0.7102803738317757,10.989970857281232,0.6542056074766355,3.732303595682091,0.37383177570093457,57.32775849427239,0.4392523364485981
