scenario_name,winner_indicator,winner_family,deterministic_tiebreak_indicator,deterministic_tiebreak_family,best_spi_hypervolume,best_sri_hypervolume,spi_minus_sri_hypervolume,winner_hypervolume,runner_up_hypervolume,winner_margin,indicators_tied_at_max_hv,hv_SPI3,hv_SPI6,hv_SPI12,hv_SRI3,hv_SRI6,hv_SRI12,temperature_metric,temperature_percentile,precipitation_metric,precipitation_percentile,glacier_metric,glacier_percentile,streamflow_metric,streamflow_percentile
ACCESS-CM2_ssp126_scen01_no_drought_pert,SRI12,SRI,SRI12,SRI,0.8573020415580569,0.857392867827521,-9.082626946410599e-05,0.857392867827521,0.8573669134647018,2.5954362819158305e-05,1,0.857016987021519,0.8571692387203699,0.8573020415580569,0.8573669134647018,0.8567882661820966,0.857392867827521,8.246758693119077,0.2897196261682243,12.358682322930193,0.8691588785046729,11.970713822259402,0.7570093457943925,82.0719846896954,0.7850467289719626
ACCESS-CM2_ssp126_scen02_no_drought_pert,SRI3,SRI,SRI3,SRI,0.9103153211841586,0.9109248100602568,-0.0006094888760982409,0.9109248100602568,0.9109248100602568,0.0,2,0.9103153211841586,0.9098476536521773,0.9097725537568363,0.9109248100602568,0.9104794225701572,0.9109248100602568,8.332528674681495,0.34579439252336447,10.965986592429935,0.6448598130841121,12.934968554865998,0.7850467289719626,80.83942289988211,0.7757009345794392
ACCESS-CM2_ssp126_scen03_no_drought_pert,SRI12,SRI,SRI12,SRI,0.7270888150641458,0.727488057030012,-0.00039924196586615945,0.727488057030012,0.7274530617917868,3.499523822514394e-05,1,0.7264576859734411,0.7270888150641458,0.7267401623180245,0.7274530617917868,0.7272640300688269,0.727488057030012,8.297780384257742,0.3177570093457944,11.32652929422824,0.7663551401869159,9.809554277269152,0.6822429906542056,72.6548113357868,0.7102803738317757
ACCESS-CM2_ssp245_scen01_no_drought_pert,SRI3,SRI,SRI3,SRI,0.644976471443472,0.6488629690006933,-0.003886497557221258,0.6488629690006933,0.644976471443472,0.003886497557221258,1,0.642071213121656,0.6407799918748448,0.644976471443472,0.6488629690006933,0.644972457078297,0.6430756792322513,9.254886974669269,0.5794392523364486,10.710124358229361,0.5887850467289719,5.397470828209733,0.5327102803738317,63.10612924735439,0.5981308411214953
ACCESS-CM2_ssp245_scen02_no_drought_pert,SPI6,SPI,SPI6,SPI,0.7355456818807874,0.7346019081574615,0.0009437737233258803,0.7355456818807874,0.7346529020630119,0.0008927798177754687,1,0.7346529020630119,0.7355456818807874,0.7324967724170092,0.7346019081574615,0.7342537644307767,0.7344423546247245,9.356907745148249,0.6261682242990654,11.391082840364742,0.7757009345794392,7.7431377452354795,0.6261682242990654,70.3582153792634,0.6822429906542056
ACCESS-CM2_ssp245_scen03_no_drought_pert,SPI12,SPI,SPI12,SPI,0.6197387770631351,0.6177164234241729,0.0020223536389621932,0.6197387770631351,0.6177164234241729,0.0020223536389621932,1,0.6083821186336082,0.6163292346736925,0.6197387770631351,0.6177164234241729,0.6170005234034833,0.6158590913259966,9.262255738535675,0.5887850467289719,11.02360635633899,0.6728971962616822,6.951010556413485,0.616822429906542,64.49297130789174,0.616822429906542
ACCESS-CM2_ssp370_scen01_no_drought_pert,SRI3,SRI,SRI3,SRI,0.42142561150069446,0.46067077596144135,-0.039245164460746884,0.46067077596144135,0.4492517575589044,0.011419018402536951,1,0.4088025943010545,0.4024596307872087,0.42142561150069446,0.46067077596144135,0.4492517575589044,0.44163199076697934,10.298836347595163,0.8411214953271028,12.420216575897523,0.8878504672897196,0.6771364513580496,0.19626168224299065,53.061923932895944,0.32710280373831774
ACCESS-CM2_ssp370_scen02_no_drought_pert,SRI3,SRI,SRI3,SRI,0.4940891153407154,0.5037730437827762,-0.009683928442060785,0.5037730437827762,0.5033427088518183,0.00043033493095789854,1,0.4940891153407154,0.4922953631027559,0.474257432465358,0.5037730437827762,0.5033427088518183,0.48938131761508213,10.549646671198808,0.8598130841121495,12.403759837415452,0.8785046728971962,1.494890760763309,0.22429906542056074,59.97302899834677,0.5327102803738317
ACCESS-CM2_ssp370_scen03_no_drought_pert,SRI3,SRI,SRI3,SRI,0.4312854868157605,0.46266572106428183,-0.03138023424852132,0.46266572106428183,0.45963801349966826,0.0030277075646135687,1,0.412545513011079,0.42291157444976535,0.4312854868157605,0.46266572106428183,0.45963801349966826,0.4531782184843234,10.47256204779418,0.8504672897196262,12.640756460733522,0.9252336448598131,0.5447709680434089,0.18691588785046728,55.829337136426574,0.3925233644859813
ACCESS-CM2_ssp585_scen01_no_drought_pert,SRI12,SRI,SRI12,SRI,0.404698033559162,0.40774195864767315,-0.0030439250885111457,0.40774195864767315,0.404698033559162,0.0030439250885111457,1,0.39598468999394126,0.404698033559162,0.3731129059826746,0.3969089620810069,0.395832466802453,0.40774195864767315,11.466518964204113,0.9626168224299065,10.461902618271044,0.5700934579439252,0.17839457080452947,0.14018691588785046,49.233932629678904,0.27102803738317754
ACCESS-CM2_ssp585_scen02_no_drought_pert,SRI3,SRI,SRI3,SRI,0.3863673915568593,0.40906421162762396,-0.02269682007076468,0.40906421162762396,0.39951460218105017,0.009549609446573792,1,0.38189763421129386,0.3863673915568593,0.3747546745954327,0.40906421162762396,0.3939121788033976,0.39951460218105017,11.39175758901366,0.9532710280373832,11.411448539584336,0.7850467289719626,8.345941191388671e-06,0.102803738317757,47.946040612785,0.24299065420560748
ACCESS-CM2_ssp585_scen03_no_drought_pert,SRI3,SRI,SRI3,SRI,0.34826227456277914,0.3941332830001233,-0.04587100843734415,0.3941332830001233,0.38907668685000063,0.005056596150122661,1,0.34156007871963234,0.34826227456277914,0.33329257286695413,0.3941332830001233,0.38775764662493484,0.38907668685000063,11.478519648245916,0.9719626168224299,10.283660932365674,0.5327102803738317,0.17943747468257015,0.14953271028037382,46.79058886678721,0.21495327102803738
CNRM-CM6-1_ssp126_scen01_no_drought_pert,SPI6,SPI,SPI6,SPI,0.4777072502727215,0.4624752942821194,0.015231955990602064,0.4777072502727215,0.46538132608414107,0.012325924188580417,1,0.46254441613428066,0.4777072502727215,0.46538132608414107,0.4483240517967105,0.4432801835488407,0.4624752942821194,8.71311434784831,0.37383177570093457,9.032486455125284,0.27102803738317754,4.896177026094735,0.5233644859813084,54.08449282126896,0.3644859813084112
CNRM-CM6-1_ssp126_scen02_no_drought_pert,SPI3,SPI,SPI3,SPI,0.5442356371468997,0.5035910438046647,0.040644593342235025,0.5442356371468997,0.534595750297012,0.009639886849887702,1,0.5442356371468997,0.534595750297012,0.5239537218430251,0.5014614426961671,0.4947773003953251,0.5035910438046647,8.780253874714392,0.38317757009345793,10.825320035649787,0.6261682242990654,4.466606987506163,0.4485981308411215,59.232185619069234,0.514018691588785
CNRM-CM6-1_ssp126_scen03_no_drought_pert,SRI6,SRI,SRI6,SRI,0.48569920573765335,0.4908621215617806,-0.005162915824127257,0.4908621215617806,0.4907520744665192,0.00011004709526141188,1,0.4738356373172506,0.4749390556299866,0.48569920573765335,0.49030016257022524,0.4908621215617806,0.4907520744665192,8.646819747180851,0.3644859813084112,9.367849281436037,0.32710280373831774,4.871880125340332,0.5046728971962616,53.81224740243157,0.35514018691588783
CNRM-CM6-1_ssp245_scen01_no_drought_pert,SRI12,SRI,SRI12,SRI,0.2893925443945104,0.3139894712870079,-0.024596926892497484,0.3139894712870079,0.2941923436379331,0.019797127649074764,1,0.2893925443945104,0.2883909651334972,0.28196839346303276,0.2919207798618351,0.2941923436379331,0.3139894712870079,9.67399776220986,0.719626168224299,8.79184967420288,0.205607476635514,0.5094178810758313,0.16822429906542055,40.93014084508016,0.09345794392523364
CNRM-CM6-1_ssp245_scen02_no_drought_pert,SRI3,SRI,SRI3,SRI,0.30749343689656594,0.31857555657593967,-0.011082119679373725,0.31857555657593967,0.31582117014063443,0.002754386435305234,1,0.2793974553551478,0.30749343689656594,0.29897191543102253,0.31857555657593967,0.31560868475665593,0.31582117014063443,9.808832208919025,0.7289719626168224,8.879541521405319,0.24299065420560748,0.8992352261126023,0.205607476635514,43.0564199818998,0.14953271028037382
CNRM-CM6-1_ssp245_scen03_no_drought_pert,SPI6,SPI,SPI6,SPI,0.3274546826168119,0.3264710938106101,0.0009835888062017517,0.3274546826168119,0.3264710938106101,0.0009835888062017517,1,0.3171642973821186,0.3274546826168119,0.31154339951684473,0.32147563876510515,0.3181242554241408,0.3264710938106101,9.639740813266084,0.7009345794392523,9.707310090462107,0.411214953271028,0.10246078999560877,0.12149532710280374,44.4775539133566,0.17757009345794392
CNRM-CM6-1_ssp370_scen01_no_drought_pert,SPI6,SPI,SPI6,SPI,0.3064764565744473,0.27684488548611147,0.029631571088335806,0.3064764565744473,0.27684488548611147,0.029631571088335806,1,0.2614163653311667,0.3064764565744473,0.2572047238182354,0.270462503936893,0.2672025851038145,0.27684488548611147,10.804658200286681,0.9158878504672897,8.519468709566967,0.16822429906542055,0.0,0.04672897196261682,41.089059636429084,0.102803738317757
CNRM-CM6-1_ssp370_scen02_no_drought_pert,SRI12,SRI,SRI12,SRI,0.24488318020998034,0.2646305159692919,-0.019747335759311535,0.2646305159692919,0.25534071054672763,0.009289805422564246,1,0.24304775496939857,0.24488318020998034,0.23788439351866814,0.2530364990666653,0.25534071054672763,0.2646305159692919,10.670036555716425,0.8878504672897196,8.364142099973082,0.14953271028037382,0.0,0.04672897196261682,38.82758683716181,0.07476635514018691
CNRM-CM6-1_ssp370_scen03_no_drought_pert,SPI6,SPI,SPI6,SPI,0.3520998859378568,0.31832124255515326,0.03377864338270353,0.3520998859378568,0.31832124255515326,0.03377864338270353,1,0.2935970367340375,0.3520998859378568,0.2834803220262362,0.31832124255515326,0.3100209914701221,0.31214780207574755,10.755172151944569,0.9065420560747663,8.973262241449602,0.2616822429906542,0.0,0.04672897196261682,44.00962961737135,0.1588785046728972
CNRM-CM6-1_ssp585_scen01_no_drought_pert,SRI12,SRI,SRI12,SRI,0.19135732657179844,0.20510454233084607,-0.013747215759047637,0.20510454233084607,0.20320603197570739,0.0018985103551386884,1,0.16346026591907062,0.1832706885646437,0.19135732657179844,0.20320603197570739,0.19909619059094055,0.20510454233084607,11.89991484400997,1.0,6.798267195056925,0.037383177570093455,0.0,0.04672897196261682,34.08829421925719,0.018691588785046728
CNRM-CM6-1_ssp585_scen02_no_drought_pert,SRI12,SRI,SRI12,SRI,0.2059465007803032,0.2173822184039677,-0.01143571762366452,0.2173822184039677,0.21556224453008832,0.001819973873879388,1,0.1784062413027846,0.1800086186947111,0.2059465007803032,0.21548776325035537,0.21556224453008832,0.2173822184039677,11.807276078296882,0.9813084112149533,6.905286538393545,0.04672897196261682,0.0,0.04672897196261682,35.628995277706714,0.037383177570093455
CNRM-CM6-1_ssp585_scen03_no_drought_pert,SRI3,SRI,SRI3,SRI,0.22660256109783355,0.22886986300025647,-0.0022673019024229135,0.22886986300025647,0.22841989600987744,0.0004499669903790249,1,0.2235839486799896,0.2177232417667117,0.22660256109783355,0.22886986300025647,0.22235257419479718,0.22841989600987744,11.817241263114113,0.9906542056074766,6.952268490572161,0.056074766355140186,0.0,0.04672897196261682,35.80930654430048,0.04672897196261682
INM-CM4-8_ssp126_scen01_no_drought_pert,,Tie,SPI12,SPI,1.0,1.0,0.0,1.0,1.0,0.0,4,0.9995159448238045,0.999659168512385,1.0,1.0,1.0,1.0,7.310025290732029,0.04672897196261682,12.665336121634583,0.9439252336448598,25.359949330674414,1.0,116.56620185460997,1.0
INM-CM4-8_ssp126_scen02_no_drought_pert,,Tie,SPI12,SPI,0.989520565889442,0.989520565889442,0.0,0.989520565889442,0.989520565889442,0.0,4,0.9885229014060029,0.9887251733368512,0.989520565889442,0.989520565889442,0.989520565889442,0.989520565889442,7.361103830354421,0.056074766355140186,12.791606897721504,0.9532710280373832,19.7197460335644,0.9532710280373832,100.86727913705175,0.9626168224299065
INM-CM4-8_ssp126_scen03_no_drought_pert,,Tie,SPI12,SPI,1.0,1.0,0.0,1.0,1.0,0.0,4,0.999424855643053,0.9995171835050813,1.0,1.0,1.0,1.0,7.380448391148506,0.08411214953271028,11.48128929131136,0.794392523364486,25.229893172751904,0.9906542056074766,111.6658746491533,0.9906542056074766
INM-CM4-8_ssp245_scen01_no_drought_pert,,Tie,SPI6,SPI,0.9982534276482403,0.9982534276482403,0.0,0.9982534276482403,0.9982534276482403,0.0,4,0.9976189776404523,0.9982534276482403,0.9976787068370003,0.9982534276482403,0.9982534276482403,0.9982534276482403,8.072565181077598,0.22429906542056074,10.282837983500702,0.5233644859813084,19.18331668145145,0.9252336448598131,94.90137873392696,0.9158878504672897
INM-CM4-8_ssp245_scen02_no_drought_pert,SRI3,SRI,SRI3,SRI,0.9961133518202241,0.9973801414723604,-0.0012667896521363353,0.9973801414723604,0.9973801414723604,0.0,3,0.9951832666164774,0.9958754310721558,0.9961133518202241,0.9973801414723604,0.9973801414723604,0.9973801414723604,8.237719815713508,0.27102803738317754,10.780790966173678,0.6074766355140186,20.078289600168656,0.9626168224299065,98.60198629008549,0.9532710280373832
INM-CM4-8_ssp245_scen03_no_drought_pert,,Tie,SPI12,SPI,1.0,1.0,0.0,1.0,1.0,0.0,4,0.999240910782853,0.9991732727986011,1.0,1.0,1.0,1.0,7.961834268180253,0.205607476635514,11.174642044127479,0.7383177570093458,23.792577862447157,0.9813084112149533,104.50984718782584,0.9813084112149533
INM-CM4-8_ssp370_scen01_no_drought_pert,SRI12,SRI,SRI12,SRI,0.6580374894614093,0.6581412375243699,-0.00010374806296065131,0.6581412375243699,0.6580374894614093,0.00010374806296065131,1,0.6577441629048963,0.657740393296333,0.6580374894614093,0.6578750795365569,0.6567675938111949,0.6581412375243699,8.942304142371452,0.42990654205607476,8.06150642938115,0.11214953271028037,9.94501864816599,0.7102803738317757,62.9094329702788,0.5887850467289719
INM-CM4-8_ssp370_scen02_no_drought_pert,,Tie,SPI12,SPI,0.8960789450702996,0.8960789450702996,0.0,0.8960789450702996,0.8960789450702996,0.0,3,0.8943556854285558,0.8957314316253312,0.8960789450702996,0.8960789450702996,0.8949603567695456,0.8960789450702996,9.17837256506455,0.5420560747663551,8.66478815036564,0.18691588785046728,14.643656739243353,0.8504672897196262,77.00174810438722,0.7476635514018691
INM-CM4-8_ssp370_scen03_no_drought_pert,SRI3,SRI,SRI3,SRI,0.7544190859986991,0.7554568678413077,-0.0010377818426086094,0.7554568678413077,0.7554444880388,1.2379802507678228e-05,1,0.7540628299367316,0.7544190859986991,0.7542617624503446,0.7554568678413077,0.7543371887070213,0.7554444880388,8.981031132806189,0.4766355140186916,9.152249165686568,0.2897196261682243,11.452775709871093,0.7383177570093458,69.60261744135542,0.6635514018691588
INM-CM4-8_ssp585_scen01_no_drought_pert,SRI3,SRI,SRI3,SRI,0.4204239060672187,0.44013410853183305,-0.019710202464614357,0.44013410853183305,0.43930594695058706,0.0008281615812459897,1,0.4166506204781012,0.41057596035235544,0.4204239060672187,0.44013410853183305,0.43516003243911106,0.43930594695058706,9.530637047969458,0.6728971962616822,9.3823527434557,0.3364485981308411,3.3560187013451896,0.3364485981308411,50.70075964562565,0.2803738317757009
INM-CM4-8_ssp585_scen02_no_drought_pert,SPI3,SPI,SPI3,SPI,0.5926510143945036,0.5846168221882269,0.008034192206276769,0.5926510143945036,0.5846168221882269,0.008034192206276769,1,0.5926510143945036,0.5841936113048682,0.5647193318098184,0.583585223593851,0.5818510676723179,0.5846168221882269,9.467274406170029,0.6542056074766355,10.339273211823457,0.5514018691588785,5.736733392805984,0.5700934579439252,60.4630120587168,0.5607476635514018
INM-CM4-8_ssp585_scen03_no_drought_pert,SPI3,SPI,SPI3,SPI,0.4569729006673313,0.4435102470541439,0.013462653613187436,0.4569729006673313,0.44801360844157456,0.008959292225756754,1,0.4569729006673313,0.44801360844157456,0.4475362312156456,0.4435102470541439,0.43805973073077586,0.42618789686214803,9.524586377473522,0.6635514018691588,10.711231611188433,0.5981308411214953,3.5070924041375364,0.34579439252336447,56.10068539287101,0.40186915887850466
INM-CM5-0_ssp126_scen01_no_drought_pert,,Tie,SPI12,SPI,0.9650685529648065,0.9650685529648065,0.0,0.9650685529648065,0.9650685529648065,0.0,4,0.964234467616008,0.9646581073789954,0.9650685529648065,0.9650685529648065,0.9650685529648065,0.9650685529648065,7.094843298786187,0.009345794392523364,12.610776639846494,0.9158878504672897,19.709697804669894,0.9439252336448598,101.62758955063248,0.9719626168224299
INM-CM5-0_ssp126_scen02_no_drought_pert,,Tie,SPI6,SPI,1.0,1.0,0.0,1.0,1.0,0.0,5,0.9994626503787546,1.0,1.0,1.0,1.0,1.0,7.120031726977159,0.018691588785046728,9.911710930109043,0.4766355140186916,19.37848475759706,0.9345794392523364,92.01129795892001,0.8878504672897196
INM-CM5-0_ssp126_scen03_no_drought_pert,SRI3,SRI,SRI3,SRI,0.9989659948375703,1.0,-0.0010340051624296853,1.0,1.0,0.0,3,0.9972407934833049,0.9987157534207735,0.9989659948375703,1.0,1.0,1.0,7.02688169373159,0.0,9.778792965949718,0.4485981308411215,21.41646387886946,0.9719626168224299,96.75698637216438,0.9345794392523364
INM-CM5-0_ssp245_scen01_no_drought_pert,,Tie,SPI6,SPI,0.9580822635577678,0.9580822635577678,0.0,0.9580822635577678,0.9580822635577678,0.0,5,0.9574335018795721,0.9580822635577678,0.9580822635577678,0.9580822635577678,0.9580822635577678,0.9580822635577678,7.8981925689643315,0.19626168224299065,12.796197195135997,0.9626168224299065,14.56206951474551,0.8411214953271028,92.95424919381051,0.897196261682243
INM-CM5-0_ssp245_scen02_no_drought_pert,SRI3,SRI,SRI3,SRI,0.8968869256811429,0.8978255174220593,-0.0009385917409163724,0.8978255174220593,0.8978255174220593,0.0,2,0.8958782314418584,0.8966353569052649,0.8968869256811429,0.8978255174220593,0.8977589857651617,0.8978255174220593,8.139098009696442,0.2336448598130841,10.934263737044137,0.6355140186915887,12.793117499233627,0.7757009345794392,82.38150130272363,0.794392523364486
INM-CM5-0_ssp245_scen03_no_drought_pert,,Tie,SPI6,SPI,0.9449829709195704,0.9449829709195704,0.0,0.9449829709195704,0.9449829709195704,0.0,4,0.9442715715765605,0.9449829709195704,0.944453970135159,0.9449829709195704,0.9449829709195704,0.9449829709195704,7.998972734523776,0.21495327102803738,11.935746440322538,0.822429906542056,14.560083639245033,0.8317757009345794,88.8594604003672,0.8504672897196262
INM-CM5-0_ssp370_scen01_no_drought_pert,SRI12,SRI,SRI12,SRI,0.6964789996217482,0.7012188355620259,-0.004739835940277715,0.7012188355620259,0.696518446524534,0.0047003890374919255,1,0.6904521955150315,0.6964789996217482,0.6889159688826219,0.696518446524534,0.6934922753139413,0.7012188355620259,8.932643469126146,0.4205607476635514,11.113615973233314,0.7102803738317757,7.774884612975105,0.6355140186915887,71.01923047502537,0.6915887850467289
INM-CM5-0_ssp370_scen02_no_drought_pert,SPI12,SPI,SPI12,SPI,0.6326503600268605,0.6318621579479422,0.0007882020789182764,0.6326503600268605,0.6324403792114744,0.00020998081538603497,1,0.6324403792114744,0.6320627533927397,0.6326503600268605,0.6318621579479422,0.6313478444218632,0.6313689209374579,8.950609688609152,0.4485981308411215,8.77110096760991,0.19626168224299065,8.814158034755112,0.6635514018691588,61.968533788318496,0.5794392523364486
INM-CM5-0_ssp370_scen03_no_drought_pert,SPI3,SPI,SPI3,SPI,0.6443768971450423,0.6235885004611355,0.020788396683906862,0.6443768971450423,0.6290269173549086,0.01534997979013375,1,0.6443768971450423,0.6290269173549086,0.6153193857174923,0.6235885004611355,0.6224850939441781,0.6087076073452331,8.848020718964635,0.40186915887850466,11.079721861809654,0.7009345794392523,6.072542882132063,0.5794392523364486,64.95959218759663,0.6261682242990654
INM-CM5-0_ssp585_scen01_no_drought_pert,SPI6,SPI,SPI6,SPI,0.5456921066906352,0.5339706349119462,0.011721471778688985,0.5456921066906352,0.5416595755355047,0.00403253115513047,1,0.5416595755355047,0.5456921066906352,0.5388534262112648,0.531334757187844,0.5339706349119462,0.5197803474281868,9.142373627498074,0.5233644859813084,10.321561165397156,0.5420560747663551,5.411296596858867,0.5420560747663551,60.15547193459637,0.5420560747663551
INM-CM5-0_ssp585_scen02_no_drought_pert,SPI12,SPI,SPI12,SPI,0.5728439822430438,0.5646631127574306,0.00818086948561314,0.5728439822430438,0.5646631127574306,0.00818086948561314,1,0.5628635526369351,0.5557990423171503,0.5728439822430438,0.5646631127574306,0.5560232348339296,0.5347547381211573,9.075335409605623,0.4953271028037383,10.069621792897886,0.48598130841121495,4.819235871548375,0.4953271028037383,59.72422326001037,0.5233644859813084
INM-CM5-0_ssp585_scen03_no_drought_pert,SRI3,SRI,SRI3,SRI,0.5759100910233743,0.5811095058004556,-0.0051994147770813015,0.5811095058004556,0.5759100910233743,0.0051994147770813015,1,0.5332277362217768,0.5502609469053383,0.5759100910233743,0.5811095058004556,0.5734384691845343,0.5518153564350219,8.96740860287591,0.4672897196261682,9.67414726082563,0.40186915887850466,4.810807681653853,0.48598130841121495,57.75685323143659,0.4672897196261682
MIROC-ES2L_ssp126_scen01_no_drought_pert,,Tie,SPI6,SPI,0.9598288359095275,0.9598288359095275,0.0,0.9598288359095275,0.9598288359095275,0.0,4,0.9588249924014586,0.9598288359095275,0.9592782213936667,0.9598288359095275,0.9598288359095275,0.9598288359095275,7.271900469807009,0.028037383177570093,10.608711975076464,0.5794392523364486,16.10971781917163,0.8691588785046729,84.5497160855364,0.8130841121495327
MIROC-ES2L_ssp126_scen02_no_drought_pert,,Tie,SPI6,SPI,0.936250109160772,0.936250109160772,0.0,0.936250109160772,0.936250109160772,0.0,5,0.9360350209339122,0.936250109160772,0.936250109160772,0.936250109160772,0.936250109160772,0.936250109160772,7.4107638701562575,0.11214953271028037,12.050023454749743,0.8317757009345794,15.453391696873263,0.8598130841121495,89.71934318072577,0.8691588785046729
MIROC-ES2L_ssp126_scen03_no_drought_pert,,Tie,SPI12,SPI,0.9746747008994847,0.9746747008994847,0.0,0.9746747008994847,0.9746747008994847,0.0,4,0.9734873115755939,0.9742027244101151,0.9746747008994847,0.9746747008994847,0.9746747008994847,0.9746747008994847,7.3763703466264285,0.07476635514018691,12.236016940008158,0.8598130841121495,16.712977282705193,0.8785046728971962,93.03773874790043,0.9065420560747663
MIROC-ES2L_ssp245_scen01_no_drought_pert,,Tie,SPI3,SPI,0.7598463016330451,0.7598463016330451,0.0,0.7598463016330451,0.7598463016330451,0.0,6,0.7598463016330451,0.7598463016330451,0.7598463016330451,0.7598463016330451,0.7598463016330451,0.7598463016330451,8.283247927606745,0.308411214953271,9.823362445289625,0.45794392523364486,11.070219643712024,0.7289719626168224,73.69646867925826,0.719626168224299
MIROC-ES2L_ssp245_scen02_no_drought_pert,,Tie,SPI6,SPI,0.8489214915727884,0.8489214915727884,0.0,0.8489214915727884,0.8489214915727884,0.0,4,0.8485083354200531,0.8489214915727884,0.8489214915727884,0.8489214915727884,0.8489050371716454,0.8489214915727884,8.176185797485017,0.2523364485981308,9.589005548195697,0.37383177570093457,13.594427405847526,0.8037383177570093,77.24079872361864,0.7570093457943925
MIROC-ES2L_ssp245_scen03_no_drought_pert,SRI3,SRI,SRI3,SRI,0.763007816875791,0.7633394463365645,-0.0003316294607734749,0.7633394463365645,0.7633394463365645,0.0,2,0.7621255991216829,0.76282603435439,0.763007816875791,0.7633394463365645,0.7622929821033826,0.7633394463365645,8.175693882615162,0.24299065420560748,9.743124003695609,0.42990654205607476,11.88410817950479,0.7476635514018691,74.29796435926838,0.7289719626168224
MIROC-ES2L_ssp370_scen01_no_drought_pert,SRI12,SRI,SRI12,SRI,0.6465395437303016,0.6483299158165434,-0.001790372086241776,0.6483299158165434,0.6465395437303016,0.001790372086241776,1,0.6465395437303016,0.641549378605001,0.6430402234503425,0.6445554652960531,0.6441369899690552,0.6483299158165434,9.2130840861356,0.5607476635514018,9.728095431879554,0.4205607476635514,8.350267095485686,0.6542056074766355,64.38769590795356,0.6074766355140186
MIROC-ES2L_ssp370_scen02_no_drought_pert,SPI12,SPI,SPI12,SPI,0.5486971589233556,0.5483129719289652,0.0003841869943903564,0.5486971589233556,0.5483129719289652,0.0003841869943903564,1,0.5375244930383414,0.5429376186837855,0.5486971589233556,0.5483129719289652,0.5412021964104576,0.534048225120619,9.217176427183496,0.5700934579439252,8.867273815982607,0.2336448598130841,6.408552433607669,0.5981308411214953,59.1972070452073,0.5046728971962616
MIROC-ES2L_ssp370_scen03_no_drought_pert,SPI12,SPI,SPI12,SPI,0.5457231444952051,0.5455276253539366,0.00019551914126847425,0.5457231444952051,0.5455276253539366,0.00019551914126847425,1,0.5418000023309566,0.5410251308475208,0.5457231444952051,0.5455276253539366,0.5436857131303996,0.5420307497809845,9.318827111428988,0.6074766355140186,8.860765984310733,0.21495327102803738,6.375912833123232,0.5887850467289719,60.17258123321102,0.5514018691588785
MIROC-ES2L_ssp585_scen01_no_drought_pert,SRI6,SRI,SRI6,SRI,0.44545979595792895,0.4490124933109392,-0.0035526973530102257,0.4490124933109392,0.44545979595792895,0.0035526973530102257,1,0.4164917118562679,0.44545979595792895,0.4279683184237516,0.4391502198966235,0.4490124933109392,0.4441278919147073,9.996720699911661,0.7570093457943925,9.666576220650132,0.3925233644859813,2.2632514283107406,0.27102803738317754,52.86795127446045,0.3177570093457944
MIROC-ES2L_ssp585_scen02_no_drought_pert,SPI6,SPI,SPI6,SPI,0.4579693093604481,0.4477303614026362,0.010238947957811884,0.4579693093604481,0.4477303614026362,0.010238947957811884,1,0.41585853759551794,0.4579693093604481,0.43749520844749806,0.44449669898986677,0.4389929038078311,0.4477303614026362,9.997834470352448,0.7663551401869159,9.321046923083273,0.308411214953271,2.2362268285743565,0.2523364485981308,51.99449603015054,0.29906542056074764
MIROC-ES2L_ssp585_scen03_no_drought_pert,SRI3,SRI,SRI3,SRI,0.48988013191896496,0.5023216861074626,-0.012441554188497683,0.5023216861074626,0.49993582185759033,0.002385864249872305,1,0.4697563612210843,0.48988013191896496,0.48643198245594554,0.5023216861074626,0.49971277296074934,0.49993582185759033,10.022787678523665,0.7757009345794392,8.225438678382691,0.1308411214953271,3.716771443251865,0.3644859813084112,52.17201926287789,0.308411214953271
MIROC6_ssp126_scen01_no_drought_pert,SRI6,SRI,SRI6,SRI,0.7379397616711418,0.7473801330904362,-0.009440371419294324,0.7473801330904362,0.7394363448828979,0.007943788207538272,1,0.7379397616711418,0.7364871633327628,0.7254813582157176,0.7364508308340109,0.7473801330904362,0.7394363448828979,7.595789537990567,0.14018691588785046,11.179522724203562,0.7476635514018691,9.88233901288422,0.7009345794392523,75.5192296676531,0.7383177570093458
MIROC6_ssp126_scen02_no_drought_pert,SRI3,SRI,SRI3,SRI,0.7231217362563932,0.7231332139484504,-1.1477692057226818e-05,0.7231332139484504,0.7231322506054577,9.63342992710281e-07,1,0.7230362085508113,0.722632064698577,0.7231217362563932,0.7231332139484504,0.7230335269473682,0.7231322506054577,7.651144070603995,0.1588785046728972,8.931590581409818,0.2523364485981308,11.010729961122443,0.719626168224299,71.17640955165949,0.7009345794392523
MIROC6_ssp126_scen03_no_drought_pert,SPI6,SPI,SPI6,SPI,0.6836051132791405,0.6716901259374419,0.011914987341698602,0.6836051132791405,0.6831209337158413,0.0004841795632992696,1,0.6831209337158413,0.6836051132791405,0.6829178391639976,0.6716901259374419,0.670373123485316,0.6716383245175589,7.61494912207381,0.14953271028037382,9.626287630200338,0.38317757009345793,9.779406409078112,0.6728971962616822,69.65619883171505,0.6728971962616822
MIROC6_ssp245_scen01_no_drought_pert,SRI12,SRI,SRI12,SRI,0.34568179255565334,0.3658430475831033,-0.020161255027449976,0.3658430475831033,0.36459896112410617,0.0012440864589971512,1,0.3362205756008496,0.34568179255565334,0.3423555373069921,0.36459896112410617,0.3602289034789108,0.3658430475831033,8.846326159362482,0.3925233644859813,8.31639265414745,0.14018691588785046,3.6696587432982195,0.35514018691588783,48.577955717005324,0.2523364485981308
MIROC6_ssp245_scen02_no_drought_pert,SRI3,SRI,SRI3,SRI,0.32592719217381794,0.34260398730246044,-0.016676795128642508,0.34260398730246044,0.3424634435325374,0.00014054376992306272,1,0.32592719217381794,0.3153200283422881,0.30763175864927983,0.34260398730246044,0.3385014197762407,0.3424634435325374,8.92611054493492,0.411214953271028,6.79823062313845,0.028037383177570093,3.9389847428545455,0.411214953271028,45.6403227710596,0.19626168224299065
MIROC6_ssp245_scen03_no_drought_pert,SRI12,SRI,SRI12,SRI,0.3512101674221435,0.36381937289506316,-0.01260920547291966,0.36381937289506316,0.3560494527839139,0.007769920111149242,1,0.3290443135763407,0.3412852166695035,0.3512101674221435,0.35255111678328394,0.3560494527839139,0.36381937289506316,8.960176596382091,0.45794392523364486,7.598896232092706,0.09345794392523364,3.867674641073866,0.3925233644859813,47.199437109668516,0.2336448598130841
MIROC6_ssp370_scen01_no_drought_pert,SRI12,SRI,SRI12,SRI,0.2616174315892239,0.299150800351204,-0.0375333687619801,0.299150800351204,0.2819500361804044,0.01720076417079963,1,0.22121449952402866,0.24388966946121632,0.2616174315892239,0.27092392229186246,0.2819500361804044,0.299150800351204,9.57436811139304,0.6822429906542056,7.078478365102942,0.06542056074766354,2.1501495081760593,0.2336448598130841,41.923687401885545,0.1308411214953271
MIROC6_ssp370_scen02_no_drought_pert,SRI12,SRI,SRI12,SRI,0.2718197073322432,0.3122147887497051,-0.0403950814174619,0.3122147887497051,0.3048080144190231,0.007406774330681987,1,0.2560203138639496,0.2718197073322432,0.2612465917028029,0.2961376362606627,0.3048080144190231,0.3122147887497051,9.450368157158808,0.6448598130841121,7.2741911806985025,0.07476635514018691,2.251797211000895,0.2616822429906542,41.87098529562512,0.12149532710280374
MIROC6_ssp370_scen03_no_drought_pert,SRI12,SRI,SRI12,SRI,0.3793381395750932,0.3803863454199834,-0.001048205844890182,0.3803863454199834,0.3793381395750932,0.001048205844890182,1,0.3372737123923776,0.3528679064829643,0.3793381395750932,0.37746579120465296,0.3769017564073842,0.3803863454199834,9.613643163576043,0.6915887850467289,7.33844147077288,0.08411214953271028,3.919664233584811,0.40186915887850466,47.08072693666674,0.22429906542056074
MIROC6_ssp585_scen01_no_drought_pert,SRI12,SRI,SRI12,SRI,0.14815516534653844,0.16211142571400353,-0.013956260367465084,0.16211142571400353,0.16064670944257667,0.001464716271426858,1,0.11108352392119994,0.12650906212974788,0.14815516534653844,0.15997317927949975,0.16064670944257667,0.16211142571400353,10.605422795104834,0.8785046728971962,5.978350841169854,0.0,0.013781842972184495,0.11214953271028037,32.46715306233495,0.0
MIROC6_ssp585_scen02_no_drought_pert,SRI12,SRI,SRI12,SRI,0.12524151431410238,0.17337235850251537,-0.048130844188412986,0.17337235850251537,0.16797567912601435,0.005396679376501012,1,0.109046877305713,0.12524151431410238,0.1189600257566989,0.16022380118545954,0.16797567912601435,0.17337235850251537,10.597980936927058,0.8691588785046729,6.357580224028724,0.009345794392523364,0.0,0.04672897196261682,33.09135224773918,0.009345794392523364
MIROC6_ssp585_scen03_no_drought_pert,SRI3,SRI,SRI3,SRI,0.1525143917834651,0.17764621139278802,-0.025131819609322925,0.17764621139278802,0.16741151089792025,0.010234700494867771,1,0.1384602510536008,0.1525143917834651,0.15155437437815997,0.17764621139278802,0.16741151089792025,0.16631241389520393,10.749831252893898,0.897196261682243,6.631057613851125,0.018691588785046728,0.0,0.04672897196261682,35.11322037737339,0.028037383177570093
MPI-ESM1-2-LR_ssp126_scen01_no_drought_pert,SPI12,SPI,SPI12,SPI,0.7492478510399359,0.7407700326694251,0.008477818370510759,0.7492478510399359,0.7492431319884933,4.719051442503286e-06,1,0.7491706452389454,0.7492431319884933,0.7492478510399359,0.7392452948769931,0.7374341012801954,0.7407700326694251,7.365005562010756,0.06542056074766354,14.043704065299218,1.0,9.827753559002794,0.6915887850467289,79.43625470854221,0.7663551401869159
MPI-ESM1-2-LR_ssp126_scen02_no_drought_pert,,Tie,SPI3,SPI,0.8890926556632609,0.8890926556632609,0.0,0.8890926556632609,0.8890926556632609,0.0,6,0.8890926556632609,0.8890926556632609,0.8890926556632609,0.8890926556632609,0.8890926556632609,0.8890926556632609,7.496910296417559,0.1308411214953271,12.073272068997817,0.8411214953271028,13.155298172091298,0.794392523364486,82.75333680030717,0.8037383177570093
MPI-ESM1-2-LR_ssp126_scen03_no_drought_pert,,Tie,SPI12,SPI,0.9030652344773382,0.9030652344773382,0.0,0.9030652344773382,0.9030652344773382,0.0,4,0.9026216202524245,0.9025464911841196,0.9030652344773382,0.9030652344773382,0.9030652344773382,0.9030652344773382,7.480357081206646,0.12149532710280374,13.645613404800581,0.9906542056074766,12.052270180857642,0.7663551401869159,88.88420957355287,0.8598130841121495
MPI-ESM1-2-LR_ssp245_scen01_no_drought_pert,SPI12,SPI,SPI12,SPI,0.4582089695201942,0.4413321504603275,0.01687681905986671,0.4582089695201942,0.4540036653032832,0.00420530421691101,1,0.4350329790439279,0.4540036653032832,0.4582089695201942,0.4413321504603275,0.4362606027585336,0.4280014133653752,8.253252544881025,0.29906542056074764,11.784371907659068,0.8037383177570093,2.9880219581440444,0.308411214953271,56.99033913842967,0.4205607476635514
MPI-ESM1-2-LR_ssp245_scen02_no_drought_pert,SRI12,SRI,SRI12,SRI,0.48317199784557663,0.4944771525132321,-0.01130515466765547,0.4944771525132321,0.48317199784557663,0.01130515466765547,1,0.4712812628738348,0.48148768450865875,0.48317199784557663,0.47920440657125396,0.47693307666290397,0.4944771525132321,8.341497511067002,0.35514018691588783,9.751710634179805,0.4392523364485981,4.27585772866683,0.42990654205607476,54.2792870441342,0.37383177570093457
MPI-ESM1-2-LR_ssp245_scen03_no_drought_pert,SRI12,SRI,SRI12,SRI,0.4302945736548804,0.43752838673821115,-0.0072338130833307646,0.43752838673821115,0.4302945736548804,0.0072338130833307646,1,0.3778752691554228,0.4302945736548804,0.4130513394976455,0.42169554147075183,0.4284919340935712,0.43752838673821115,8.246724114335812,0.2803738317757009,11.120744859939801,0.719626168224299,3.0757503310157674,0.3177570093457944,53.26650225122788,0.3364485981308411
MPI-ESM1-2-LR_ssp370_scen01_no_drought_pert,SPI6,SPI,SPI6,SPI,0.40171727419811776,0.4010158290446689,0.000701445153448832,0.40171727419811776,0.4010158290446689,0.000701445153448832,1,0.3884940739964065,0.40171727419811776,0.3991133137724612,0.4010158290446689,0.38283309380503594,0.3929244905435772,9.339906248788054,0.616822429906542,9.384948407752903,0.34579439252336447,2.3650431509591714,0.2897196261682243,49.187301355411684,0.2616822429906542
MPI-ESM1-2-LR_ssp370_scen02_no_drought_pert,SRI3,SRI,SRI3,SRI,0.34806981733359543,0.37374069510974467,-0.025670877776149237,0.37374069510974467,0.37137766713691145,0.0023630279728332204,1,0.3423964601028638,0.3461141532145673,0.34806981733359543,0.37374069510974467,0.37137766713691145,0.3671849546564675,9.38224157447371,0.6355140186915887,8.655536786789378,0.17757009345794392,2.2335945467781775,0.24299065420560748,46.50281550860182,0.205607476635514
MPI-ESM1-2-LR_ssp370_scen03_no_drought_pert,SRI12,SRI,SRI12,SRI,0.2646244186788701,0.3050319566699567,-0.040407537991086595,0.3050319566699567,0.30466661519433313,0.00036534147562355956,1,0.2446207183905197,0.2620608832384179,0.2646244186788701,0.29771216858873883,0.30466661519433313,0.3050319566699567,9.303175171474596,0.5981308411214953,7.726520858686819,0.102803738317757,1.290265611506138,0.21495327102803738,40.928869837255064,0.08411214953271028
MPI-ESM1-2-LR_ssp585_scen01_no_drought_pert,SRI12,SRI,SRI12,SRI,0.2078376544168397,0.2432753793927428,-0.035437724975903084,0.2432753793927428,0.23957889448542785,0.0036964849073149453,1,0.19582181809327945,0.1959622347513747,0.2078376544168397,0.2319633773848314,0.23957889448542785,0.2432753793927428,10.143387101580055,0.794392523364486,8.503358818138803,0.1588785046728972,0.4316319876774903,0.1588785046728972,37.6362354250285,0.056074766355140186
MPI-ESM1-2-LR_ssp585_scen02_no_drought_pert,SRI12,SRI,SRI12,SRI,0.231754328174806,0.2550593796401662,-0.02330505146536016,0.2550593796401662,0.2378197905973427,0.017239589042823467,1,0.22049912579069414,0.231754328174806,0.21827223624250042,0.2378197905973427,0.23535378624847988,0.2550593796401662,10.238459983749987,0.8130841121495327,8.13600218928824,0.12149532710280374,0.14807431799462262,0.1308411214953271,38.526946010053805,0.06542056074766354
MPI-ESM1-2-LR_ssp585_scen03_no_drought_pert,SRI12,SRI,SRI12,SRI,0.3138111197010004,0.31436851447282144,-0.0005573947718210404,0.31436851447282144,0.3138111197010004,0.0005573947718210404,1,0.27760828098103085,0.3138111197010004,0.29301681996140005,0.3009697383625526,0.30119908911218973,0.31436851447282144,10.267978939701932,0.8317757009345794,8.861825164596267,0.22429906542056074,0.5183700808483893,0.17757009345794392,42.166543714327,0.14018691588785046
MRI-ESM2-0_ssp126_scen01_no_drought_pert,,Tie,SPI12,SPI,0.9100515238843769,0.9100515238843769,0.0,0.9100515238843769,0.9100515238843769,0.0,4,0.9095366262870013,0.9096872904551836,0.9100515238843769,0.9100515238843769,0.9100515238843769,0.9100515238843769,7.847264367807904,0.17757009345794392,12.653725984607076,0.9345794392523364,13.843196690844637,0.8130841121495327,87.3714070940926,0.8411214953271028
MRI-ESM2-0_ssp126_scen02_no_drought_pert,,Tie,SPI3,SPI,0.989520565889442,0.989520565889442,0.0,0.989520565889442,0.989520565889442,0.0,6,0.989520565889442,0.989520565889442,0.989520565889442,0.989520565889442,0.989520565889442,0.989520565889442,7.856792561192155,0.18691588785046728,13.402227648901551,0.9719626168224299,17.217825485097265,0.897196261682243,98.40940323719934,0.9439252336448598
MRI-ESM2-0_ssp126_scen03_no_drought_pert,,Tie,SPI6,SPI,0.9187843856431752,0.9187843856431752,0.0,0.9187843856431752,0.9187843856431752,0.0,5,0.9176306814278266,0.9187843856431752,0.9187843856431752,0.9187843856431752,0.9187843856431752,0.9187843856431752,7.8041337626635645,0.16822429906542055,13.631053581887446,0.9813084112149533,14.303784833494928,0.822429906542056,90.14990318292331,0.8785046728971962
MRI-ESM2-0_ssp245_scen01_no_drought_pert,SRI12,SRI,SRI12,SRI,0.486737461144151,0.5106014984010774,-0.023864037256926374,0.5106014984010774,0.5022549987256055,0.008346499675471852,1,0.46586206200043995,0.47430016536702124,0.486737461144151,0.5022549987256055,0.4909255123694881,0.5106014984010774,9.023955015013314,0.48598130841121495,10.997398904913851,0.6635514018691588,4.584644496240721,0.4672897196261682,57.84187057004477,0.4766355140186916
MRI-ESM2-0_ssp245_scen02_no_drought_pert,SRI3,SRI,SRI3,SRI,0.5051866521930762,0.5156389207190195,-0.010452268525943276,0.5156389207190195,0.5145727700795598,0.0010661506394596953,1,0.4630059577799286,0.48734702511886024,0.5051866521930762,0.5156389207190195,0.5136553037695455,0.5145727700795598,8.94840328916806,0.4392523364485981,10.366872524955152,0.5607476635514018,4.501246689386484,0.45794392523364486,55.21459896932102,0.38317757009345793
MRI-ESM2-0_ssp245_scen03_no_drought_pert,SPI6,SPI,SPI6,SPI,0.49986102052721987,0.4942386685073005,0.005622352019919341,0.49986102052721987,0.49810956880101165,0.0017514517262082197,1,0.49810956880101165,0.49986102052721987,0.49466582501830014,0.49172699702735834,0.4942386685073005,0.48812612103604447,9.077453271413107,0.5046728971962616,11.281754817217632,0.7570093457943925,4.046548528199851,0.4205607476635514,58.65485730534393,0.4953271028037383
MRI-ESM2-0_ssp370_scen01_no_drought_pert,SRI12,SRI,SRI12,SRI,0.431574066839541,0.44945303607415255,-0.01787896923461152,0.44945303607415255,0.442404068867086,0.007048967207066548,1,0.3869936819443065,0.3881649255044574,0.431574066839541,0.442404068867086,0.43924896587556905,0.44945303607415255,10.149374994439892,0.8037383177570093,10.083631221673134,0.4953271028037383,3.198408475621321,0.32710280373831774,50.76593009739553,0.2897196261682243
MRI-ESM2-0_ssp370_scen02_no_drought_pert,SRI3,SRI,SRI3,SRI,0.48213085580813275,0.5067654839549209,-0.024634628146788184,0.5067654839549209,0.49432235752768855,0.012443126427232387,1,0.48208165881851134,0.48213085580813275,0.47763594853636326,0.5067654839549209,0.49280927329328084,0.49432235752768855,10.251260493235852,0.822429906542056,12.151264354342533,0.8504672897196262,2.339066779022258,0.2803738317757009,57.90706807825777,0.48598130841121495
MRI-ESM2-0_ssp370_scen03_no_drought_pert,SRI12,SRI,SRI12,SRI,0.523130619909421,0.5404754801463123,-0.017344860236891302,0.5404754801463123,0.5404735880921526,1.8920541596800788e-06,1,0.5078029752073048,0.5049707926235183,0.523130619909421,0.5404735880921526,0.532513424008848,0.5404754801463123,10.085718789561492,0.7850467289719626,11.024263315638015,0.6822429906542056,2.8496335598900537,0.29906542056074764,56.61572799520419,0.411214953271028
MRI-ESM2-0_ssp585_scen01_no_drought_pert,SRI3,SRI,SRI3,SRI,0.31289244452884035,0.3273188076839575,-0.014426363155117139,0.3273188076839575,0.32564464328706283,0.0016741643968946618,1,0.27587253340880746,0.3006574882629704,0.31289244452884035,0.3273188076839575,0.32564464328706283,0.32424761388430023,11.036616638373527,0.9252336448598131,9.582853385916174,0.3644859813084112,0.0,0.04672897196261682,44.08607519767427,0.16822429906542055
MRI-ESM2-0_ssp585_scen02_no_drought_pert,SRI12,SRI,SRI12,SRI,0.3041317887510534,0.31710520069754244,-0.012973411946489044,0.31710520069754244,0.3086818746085176,0.008423326089024852,1,0.280514560884588,0.30080795625290857,0.3041317887510534,0.3086818746085176,0.3009339644712893,0.31710520069754244,11.183914133886757,0.9439252336448598,9.159668327657625,0.29906542056074764,0.0,0.04672897196261682,44.55336787607449,0.18691588785046728
MRI-ESM2-0_ssp585_scen03_no_drought_pert,SRI3,SRI,SRI3,SRI,0.24973894730547186,0.25643570931919235,-0.006696762013720492,0.25643570931919235,0.24973894730547186,0.006696762013720492,1,0.22775991555771072,0.2369217719303256,0.24973894730547186,0.25643570931919235,0.24775962938187973,0.23634191803715054,11.123080925228416,0.9345794392523364,9.147853512076422,0.2803738317757009,0.0,0.04672897196261682,41.182109192578125,0.11214953271028037
NorESM2-MM_ssp126_scen01_no_drought_pert,,Tie,SPI12,SPI,0.9921404244170814,0.9921404244170814,0.0,0.9921404244170814,0.9921404244170814,0.0,4,0.9908196253910342,0.9913137792890877,0.9921404244170814,0.9921404244170814,0.9921404244170814,0.9921404244170814,7.279487183209604,0.037383177570093455,12.492594070910016,0.9065420560747663,17.905456802039495,0.9158878504672897,95.41923749940588,0.9252336448598131
NorESM2-MM_ssp126_scen02_no_drought_pert,,Tie,SPI6,SPI,0.9869007073618025,0.9869007073618025,0.0,0.9869007073618025,0.9869007073618025,0.0,5,0.9863555923824564,0.9869007073618025,0.9869007073618025,0.9869007073618025,0.9869007073618025,0.9869007073618025,7.385164338702115,0.09345794392523364,9.579020950140134,0.35514018691588783,17.72698086380846,0.9065420560747663,86.85964363464173,0.822429906542056
NorESM2-MM_ssp126_scen03_no_drought_pert,,Tie,SPI6,SPI,0.931010392105493,0.931010392105493,0.0,0.931010392105493,0.931010392105493,0.0,4,0.9300658611917668,0.931010392105493,0.931010392105493,0.931010392105493,0.9308100009229034,0.931010392105493,7.385274926911055,0.102803738317757,10.104296906958652,0.5046728971962616,17.114742950920395,0.8878504672897196,86.94085365262285,0.8317757009345794
NorESM2-MM_ssp245_scen01_no_drought_pert,SPI12,SPI,SPI12,SPI,0.6696543463748469,0.6694825392539167,0.0001718071209302341,0.6696543463748469,0.6694825392539167,0.0001718071209302341,1,0.6683057796168357,0.667401795149343,0.6696543463748469,0.6694825392539167,0.6686369882725557,0.6457368406531798,8.184941583320006,0.2616822429906542,10.792142996033864,0.616822429906542,7.883214292816991,0.6448598130841121,67.71826922247266,0.6542056074766355
NorESM2-MM_ssp245_scen02_no_drought_pert,SPI3,SPI,SPI3,SPI,0.6319192403449999,0.6205691650709889,0.011350075274010996,0.6319192403449999,0.6279202535742321,0.003998986770767821,1,0.6319192403449999,0.6279202535742321,0.6266566939884664,0.6205691650709889,0.61316289490819,0.6161895580555085,8.302811032344506,0.32710280373831774,11.149496794483444,0.7289719626168224,6.636069292115391,0.6074766355140186,65.71788617761737,0.6355140186915887
NorESM2-MM_ssp245_scen03_no_drought_pert,SPI6,SPI,SPI6,SPI,0.5853746661137729,0.5684740147351353,0.01690065137863761,0.5853746661137729,0.5772430353120948,0.008131630801678114,1,0.5766941223084346,0.5853746661137729,0.5772430353120948,0.5684740147351353,0.5593824903828377,0.5524601556433066,8.325747637206739,0.3364485981308411,11.072511096833667,0.6915887850467289,5.570138909807239,0.5514018691588785,61.54339681598807,0.5700934579439252
NorESM2-MM_ssp370_scen01_no_drought_pert,SPI6,SPI,SPI6,SPI,0.4563731626333281,0.4257006179976157,0.030672544635712395,0.4563731626333281,0.44014761631049115,0.01622554632283696,1,0.4346063965579914,0.4563731626333281,0.44014761631049115,0.4257006179976157,0.4175201736086337,0.4152906036903422,9.173022814499879,0.5327102803738317,9.326128075817632,0.3177570093457944,4.358356922902163,0.4392523364485981,53.41991703455794,0.34579439252336447
NorESM2-MM_ssp370_scen02_no_drought_pert,SPI3,SPI,SPI3,SPI,0.5183867057456397,0.518184647924282,0.0002020578213577373,0.5183867057456397,0.518184647924282,0.0002020578213577373,1,0.5183867057456397,0.5120097593193484,0.5159957905006247,0.518184647924282,0.5148365365549741,0.5170765596409025,9.19222883387119,0.5514018691588785,9.849547189341617,0.4672897196261682,4.88839866974065,0.514018691588785,57.653066364465346,0.45794392523364486
NorESM2-MM_ssp370_scen03_no_drought_pert,SRI12,SRI,SRI12,SRI,0.49672518296188717,0.5149575530500541,-0.018232370088166916,0.5149575530500541,0.4994006400324377,0.015556913017616358,1,0.4780399735537789,0.4904792025969407,0.49672518296188717,0.4982586459325364,0.4994006400324377,0.5149575530500541,9.13071651169154,0.514018691588785,11.808905708929661,0.8130841121495327,3.7638557398606776,0.38317757009345793,57.312738112607754,0.42990654205607476
NorESM2-MM_ssp585_scen01_no_drought_pert,SRI12,SRI,SRI12,SRI,0.6340329391934344,0.6482625559884816,-0.014229616795047195,0.6482625559884816,0.6382127942242608,0.010049761764220788,1,0.6204701274614832,0.6340329391934344,0.6336443193106915,0.6336263776940614,0.6382127942242608,0.6482625559884816,9.848179211133006,0.7476635514018691,12.476342194059765,0.897196261682243,5.687978668406489,0.5607476635514018,67.39669410413134,0.6448598130841121
NorESM2-MM_ssp585_scen02_no_drought_pert,SRI12,SRI,SRI12,SRI,0.5486310596860088,0.5656288726476342,-0.01699781296162539,0.5656288726476342,0.5621731183449933,0.00345575430264089,1,0.5326127093501796,0.5486310596860088,0.5456939853099183,0.5593599054534923,0.5621731183449933,0.5656288726476342,9.825645502055892,0.7383177570093458,10.12634904244707,0.514018691588785,4.708617024593917,0.4766355140186916,57.342230131821275,0.4485981308411215
NorESM2-MM_ssp585_scen03_no_drought_pert,SRI12,SRI,SRI12,SRI,0.5257306612120001,0.5472941719290743,-0.021563510717074186,0.5472941719290743,0.532881926428929,0.014412245500145304,1,0.5204803159793224,0.5158521706342931,0.5257306612120001,0.5319391008986001,0.532881926428929,0.5472941719290743,9.673530949331909,0.7102803738317757,10.989970857281232,0.6542056074766355,3.732303595682091,0.37383177570093457,57.32775849427239,0.4392523364485981
