classification_method,winner_family,scenario_count,scenario_fraction
highest_urban,SPI,20,0.18518518518518517
highest_urban,SRI,52,0.48148148148148145
highest_urban,Tie,36,0.3333333333333333
highest_agricultural,SPI,0,0.0
highest_agricultural,SRI,0,0.0
highest_agricultural,Tie,108,1.0
lowest_cost,SPI,33,0.3055555555555556
lowest_cost,SRI,17,0.1574074074074074
lowest_cost,Tie,58,0.5370370370370371
indicator_hypervolume,SPI,26,0.24074074074074073
indicator_hypervolume,SRI,59,0.5462962962962963
indicator_hypervolume,Tie,23,0.21296296296296297
