month,precipitation_mm,glacier_melt_mm3,SRI12_water_contracts,SRI12_demand_restriction_mm3,SRI12_unmet_urban_demand_mm3,SPI12_water_contracts,SPI12_demand_restriction_mm3,SPI12_unmet_urban_demand_mm3
2078-12-01,0.12640340574901826,0.0,4145.703616324803,3.487970719300656,0.0,4119.456157845214,3.488994177891519,5.371703082346357e-16
2079-01-01,1.448346395116884,0.0,8291.407232649606,6.725067116913946,5.371703082346357e-16,8238.912315690428,6.7270404212415436,1.0743406164692715e-15
2079-02-01,0.7536520912553291,0.0,8291.407232649606,6.448235803593412,0.0,8238.912315690428,6.45012787863079,0.0
2079-03-01,14.136886662283015,0.0,10364.259040812009,7.795922797160852,0.0,10298.640394613034,7.798210317556681,5.371703082346357e-16
2079-04-01,19.727772892159066,0.0,8291.407232649606,6.1502495424245645,0.0,8238.912315690428,6.152054180776405,0.0
2079-05-01,107.83740119229246,0.0,8291.407232649606,6.211637826843045,5.371703082346357e-16,8238.912315690428,6.213460478066011,1.0743406164692715e-15
2079-06-01,12.402581568116133,0.0,10364.259040812009,8.080411422776848,5.371703082346357e-16,10298.640394613034,8.082782419311474,1.0743406164692715e-15
2079-07-01,214.39397356800868,0.0,8291.407232649606,6.930906058816371,5.371703082346357e-16,8238.912315690428,6.932939761481677,5.371703082346357e-16
2079-08-01,5.611110829837635,0.0,10364.259040812009,9.573197997105783,1.0743406164692715e-15,10298.640394613034,9.5760070148759,5.371703082346357e-16
2079-09-01,13.853136218128547,0.0,8291.407232649606,8.611231898689947,5.371703082346357e-16,8238.912315690428,8.613758651341815,5.371703082346357e-16
2079-10-01,12.740562364945548,0.0,8291.407232649606,7.902735815538101,0.0,8238.912315690428,7.905054677567811,0.0
2079-11-01,11.768756963594928,0.0,10364.259040812009,9.342699914867248,1.0743406164692715e-15,10298.640394613034,9.34544129868587,1.0743406164692715e-15
2079-12-01,10.771093400056362,0.0,8291.407232649606,7.079899189219407,0.0,8238.912315690428,7.081976610227431,0.0
2080-01-01,1.0832788635642376,0.0,8291.407232649606,6.725067116913946,3.7206024179321378,8238.912315690428,6.7270404212415436,3.8366415841961903
2080-02-01,8.274710450470923,0.0,10364.259040812009,8.026161310839825,2.067989435193964,10298.640394613034,8.028516389023185,2.0842590677885124
2080-03-01,0.29023739620336764,0.0,8291.407232649606,6.217997289914439,0.0,8238.912315690428,6.219821807164284,0.0
2080-04-01,9.064932460027114,0.0,8291.407232649606,6.1502495424245645,5.371703082346357e-16,8238.912315690428,6.152054180776405,5.371703082346357e-16
2080-05-01,103.82516160026685,0.0,10364.259040812009,7.791380323516218,0.0,10298.640394613034,7.793666511035696,1.6115109247039072e-15
2080-06-01,44.66485424763737,0.0,8291.407232649606,6.500668926103675,5.371703082346357e-16,8238.912315690428,6.502576386341789,0.0
2080-07-01,80.3721559267302,0.0,8291.407232649606,6.930906058816371,0.0,8238.912315690428,6.932939761481677,0.0
2080-08-01,46.46522104889169,0.0,10364.259040812009,9.573197997105783,5.371703082346357e-16,10298.640394613034,9.5760070148759,5.371703082346357e-16
2080-09-01,17.830512595897297,0.0,8291.407232649606,8.611231898689947,5.371703082346357e-16,8238.912315690428,8.613758651341815,5.371703082346357e-16
2080-10-01,6.750634155625136,0.0,10364.259040812009,9.818621351290243,5.371703082346357e-16,10298.640394613034,9.821502382463125,5.371703082346357e-16
2080-11-01,0.27184857627499126,0.0,8291.407232649606,7.426814379115106,0.0,8238.912315690428,7.4289935937905565,5.371703082346357e-16
2080-12-01,9.062789062684534,0.0,8291.407232649606,7.079899189219407,1.5209601494074314,8238.912315690428,7.081976610227431,1.5435642849450242
2081-01-01,2.4373830441165363,0.0,10364.259040812009,8.360098005178065,6.983563979545543,10298.640394613034,8.362551068810884,7.025009698351945
2081-02-01,8.392541960706952,0.0,8291.407232649606,6.391130422575705,1.3950669342803401,8238.912315690428,6.393005741453846,1.4131837099431397
2081-03-01,2.782668700988487,0.0,8291.407232649606,6.217997289914439,0.0,8238.912315690428,6.219821807164284,0.0
2081-04-01,32.316425746881286,0.0,8291.407232649606,6.1502495424245645,0.0,8238.912315690428,4.6137809895368616,0.0
2081-05-01,26.358323008443527,0.0,10364.259040812009,7.791380323516218,5.371703082346357e-16,10298.640394613034,0.0,0.0
2081-06-01,78.62908934462958,0.0,8291.407232649606,6.500668926103675,5.371703082346357e-16,4119.456157845214,0.0,0.0
2081-07-01,242.86796088192037,0.0,10364.259040812009,8.753216639479088,5.371703082346357e-16,0.0,0.0,0.0
2081-08-01,106.47154153062193,0.0,8291.407232649606,7.7508874164430654,0.0,0.0,0.0,0.0
2081-09-01,35.27635172691392,0.0,8291.407232649606,8.611231898689947,1.0743406164692715e-15,0.0,0.0,0.0
2081-10-01,48.48627951558355,0.0,10364.259040812009,9.818621351290243,0.0,0.0,0.0,0.0
2081-11-01,12.276926534051102,0.0,8291.407232649606,7.426814379115106,5.371703082346357e-16,0.0,0.0,1.0743406164692715e-15
2081-12-01,6.226973693747852,0.0,8291.407232649606,7.079899189219407,0.0,0.0,0.0,1.0743406164692715e-15
2082-01-01,0.6330798421384589,0.0,10364.259040812009,8.360098005178065,5.371703082346357e-16,0.0,0.0,19.513965211572224
2082-02-01,16.363680497041337,0.0,8291.407232649606,6.391130422575705,5.371703082346357e-16,0.0,0.0,14.757545873326858
2082-03-01,24.714915024959343,0.0,8291.407232649606,4.674464796343575,0.0,0.0,0.0,10.580196497525435
2082-04-01,5.835763551361584,0.0,10364.259040812009,0.0,0.0,0.0,3.080700719698627,8.921954633186628
2082-05-01,40.650223017020544,0.0,8291.407232649606,0.0,0.0,0.0,6.251238982576612,0.5391766473161006
2082-06-01,86.48580489034892,0.0,4145.703616324803,0.0,1.0743406164692715e-15,4119.456157845214,6.502576386341789,0.003842554490986291
2082-07-01,73.9869861587073,0.0,0.0,1.8223105806627184,9.036669919687723,10298.640394613034,8.755785054035375,1.0743406164692715e-15
2082-08-01,21.217466749741984,0.0,0.0,7.7508874164430654,0.0,8238.912315690428,7.7531617223222025,5.371703082346357e-16
2082-09-01,34.6611351929062,0.0,0.0,8.611231898689947,1.6115109247039072e-15,8238.912315690428,8.613758651341815,0.0
2082-10-01,9.112024412891842,0.0,0.0,9.818621351290243,0.0,10298.640394613034,9.821502382463125,1.6115109247039072e-15
2082-11-01,10.155742917335218,0.0,0.0,7.426814379115106,0.0,8238.912315690428,7.4289935937905565,1.0743406164692715e-15
2082-12-01,32.832901461410415,0.0,6218.555424487205,8.790854277367906,3.4279327618189455,10298.640394613034,8.793433735756535,2.165624644944352
2083-01-01,7.0220378895587565,0.0,8291.407232649606,6.649142917029566,5.474978958586854,8238.912315690428,6.651093943281779,5.5075490390955935
2083-02-01,8.619969997388157,0.0,8291.407232649606,6.391130422575705,0.47904156733926245,8238.912315690428,6.393005741453846,0.49992182139350977
2083-03-01,4.974510659450268,0.0,8291.407232649606,6.217997289914439,0.0,8238.912315690428,4.675836402225191,5.371703082346357e-16
2083-04-01,3.4184577339821876,0.0,10364.259040812009,7.692224616501585,5.371703082346357e-16,10298.640394613034,0.0,0.0
2083-05-01,58.41645762257618,0.0,8291.407232649606,6.249405249439197,0.0,8238.912315690428,0.0,0.0
2083-06-01,211.42648380220749,0.0,8291.407232649606,6.500668926103675,5.371703082346357e-16,8238.912315690428,3.293221034771438,0.0
2083-07-01,89.76778930460961,0.0,10364.259040812009,8.753216639479088,1.0743406164692715e-15,10298.640394613034,8.755785054035375,5.371703082346357e-16
2083-08-01,16.356774714535607,0.0,8291.407232649606,7.7508874164430654,5.371703082346357e-16,8238.912315690428,3.7775907945429723,1.6115109247039072e-15
2083-09-01,0.3741954796754752,0.0,10364.259040812009,10.622249806900546,1.0743406164692715e-15,10298.640394613034,0.0,0.0
2083-10-01,14.517788390324032,0.0,8291.407232649606,7.807603443079645,0.0,8238.912315690428,0.0,0.0
2083-11-01,48.867523900037966,0.0,8291.407232649606,7.426814379115106,5.371703082346357e-16,8238.912315690428,0.0,2.148681232938543e-15
2083-12-01,2.546335115909475,0.0,10364.259040812009,8.790854277367906,0.0,4119.456157845214,0.0,9.263218896823505
2084-01-01,12.323322578183237,0.0,8291.407232649606,6.649142917029566,3.3938251820833836,0.0,0.0,17.120960934609414
2084-02-01,0.05878277605545967,0.0,8291.407232649606,6.391130422575705,0.2003142188746759,0.0,0.0,12.437624367931722
2084-03-01,6.152269344163315,0.0,10364.259040812009,7.757506449887885,5.371703082346357e-16,0.0,4.634422852715532,8.852256867964554
2084-04-01,36.0584416815368,0.0,8291.407232649606,6.152715456528139,5.371703082346357e-16,0.0,6.1545208184413775,4.907372619301646
2084-05-01,69.09766131695035,0.0,8291.407232649606,6.249405249439197,0.0,0.0,6.251238982576612,1.371245087923426
2084-06-01,33.37804440703855,0.0,10364.259040812009,8.185667022904045,0.0,6179.184236767821,8.188068904086755,1.0040426237968023
2084-07-01,23.240208988022125,0.0,8291.407232649606,7.068218542678719,0.0,8238.912315690428,7.07029253629041,0.0
2084-08-01,93.98047770755599,0.0,10364.259040812009,9.821346835870893,0.0,10298.640394613034,9.824228666769699,5.371703082346357e-16
2084-09-01,8.45518770324239,0.0,8291.407232649606,8.55179038747272,5.371703082346357e-16,8238.912315690428,8.55429969848582,0.0
2084-10-01,4.432469961089309,0.0,8291.407232649606,7.807603443079645,1.0743406164692715e-15,8238.912315690428,7.809894390871623,5.371703082346357e-16
2084-11-01,18.39323623923735,0.0,10364.259040812009,9.224465818534783,0.0,10298.640394613034,9.227172509487161,5.371703082346357e-16
2084-12-01,0.3923763768478685,0.0,8291.407232649606,6.993202837948229,3.0160434360354778,8238.912315690428,6.99525482005993,3.047332030941955
2085-01-01,1.5187519626888173,0.0,8291.407232649606,6.649142917029566,6.314213751897031,8238.912315690428,6.651093943281779,6.344106279877352
2085-02-01,22.3199447972205,0.0,8291.407232649606,6.391130422575705,5.371703082346357e-16,8238.912315690428,6.393005741453846,0.0
2085-03-01,0.6765038623886672,0.0,10364.259040812009,7.757506449887885,5.371703082346357e-16,10298.640394613034,3.125359845242864,0.0
2085-04-01,26.74589603955143,0.0,8291.407232649606,6.152715456528139,0.0,8238.912315690428,0.0,0.0
2085-05-01,188.12781668475225,0.0,10364.259040812009,7.844332585970048,0.0,10298.640394613034,0.0,0.0
2085-06-01,94.85647077380722,0.0,8291.407232649606,6.590739686373194,1.0743406164692715e-15,2059.728078922607,0.0,0.5779311619613017
2085-07-01,63.18411685322819,0.0,8291.407232649606,7.068218542678719,0.0,0.0,0.0,2.6115801685324436
2085-08-01,42.0603682600393,0.0,10364.259040812009,9.821346835870893,0.0,0.0,6.046637872226725,0.0
2085-09-01,10.701198938871286,0.0,8291.407232649606,8.55179038747272,5.371703082346357e-16,0.0,8.55429969848582,0.0
2085-10-01,4.592284858586039,0.0,8291.407232649606,7.807603443079645,5.371703082346357e-16,0.0,1.9881100220944148,1.0743406164692715e-15
2085-11-01,4.713078453412619,0.0,10364.259040812009,9.224465818534783,5.371703082346357e-16,0.0,7.334482421534053,1.0743406164692715e-15
2085-12-01,0.6856029153342934,0.0,8291.407232649606,6.993202837948229,0.9414745578875523,6179.184236767821,6.99525482005993,2.4557808359276754
2086-01-01,7.65916464635845,0.0,10364.259040812009,8.268469825466527,9.083498805793319,10298.640394613034,8.270896003080155,9.115780668560323
2086-02-01,7.678170971179691,0.0,8291.407232649606,6.338697299987705,3.3813086449273455,8238.912315690428,6.340557233665087,3.4154509430902267
2086-03-01,4.309639288816329,0.0,8291.407232649606,6.190612664038925,0.10536473191438885,8238.912315690428,6.192429145948779,0.12674121619007675
2086-04-01,8.453207755682431,0.0,8291.407232649606,6.152715456528139,1.0743406164692715e-15,8238.912315690428,6.1545208184413775,0.009784788364795878
2086-05-01,2.902335750881666,0.0,10364.259040812009,7.844332585970048,5.371703082346357e-16,10298.640394613034,7.846634311019018,5.371703082346357e-16
2086-06-01,71.31823213410284,0.0,8291.407232649606,6.590739686373194,5.371703082346357e-16,8238.912315690428,6.592673575644348,0.0
2086-07-01,40.61766206199766,0.0,8291.407232649606,7.068218542678719,0.0,8238.912315690428,7.07029253629041,0.0
2086-08-01,18.43975952719153,0.0,10364.259040812009,9.821346835870893,0.0,10298.640394613034,9.824228666769699,0.0
2086-09-01,61.344630378319685,0.0,8291.407232649606,8.55179038747272,5.371703082346357e-16,8238.912315690428,8.55429969848582,5.371703082346357e-16
2086-10-01,14.230543032943203,0.0,10364.259040812009,9.699738330928772,5.371703082346357e-16,10298.640394613034,9.70258447882473,0.0
2086-11-01,4.73567879335464,0.0,8291.407232649606,7.3323309306856554,0.0,8238.912315690428,7.334482421534053,5.371703082346357e-16
2086-12-01,10.183861000772403,0.0,8291.407232649606,6.993202837948229,3.6801320022461343,8238.912315690428,6.99525482005993,3.709237355859722
2087-01-01,16.079762430792726,0.0,10364.259040812009,8.268469825466527,7.158100974558081,10298.640394613034,8.270896003080155,7.185174940098227
2087-02-01,0.0114428876303843,0.0,8291.407232649606,6.338697299987705,5.371703082346357e-16,8238.912315690428,6.340557233665087,5.371703082346357e-16
2087-03-01,0.5194917572774802,0.0,8291.407232649606,6.190612664038925,0.0,8238.912315690428,1.558006293233247,1.0743406164692715e-15
2087-04-01,31.42121870143015,0.0,8291.407232649606,6.152715456528139,0.0,8238.912315690428,0.0,0.0
2087-05-01,187.41606692226833,0.0,10364.259040812009,7.844332585970048,5.371703082346357e-16,10298.640394613034,0.0,0.0
2087-06-01,138.8081135520668,0.0,8291.407232649606,6.590739686373194,5.371703082346357e-16,2059.728078922607,0.0,0.0
2087-07-01,37.5378894347988,0.0,10364.259040812009,8.933487944880936,0.0,0.0,0.0,1.0743406164692715e-15
2087-08-01,30.022332452070827,0.0,8291.407232649606,7.956077433668676,0.0,0.0,0.0,0.2930506051536861
2087-09-01,116.1484239117812,0.0,8291.407232649606,8.55179038747272,5.371703082346357e-16,0.0,0.0,0.0
2087-10-01,12.643866615926262,0.0,10364.259040812009,9.699738330928772,0.0,0.0,0.0,2.148681232938543e-15
2087-11-01,3.512055944367933,0.0,8291.407232649606,7.3323309306856554,0.0,0.0,0.0,1.5074355109955708
2087-12-01,7.496423819888112,0.0,8291.407232649606,6.993202837948229,0.0,0.0,0.0,16.40056985286092
2088-01-01,2.4873624767302878,0.0,10364.259040812009,8.268469825466527,6.320964416028925,0.0,0.0,22.728468290717693
2088-02-01,10.85402475716962,0.0,8291.407232649606,6.338697299987705,4.878311395237862,0.0,4.736204115410793,11.372581289449013
2088-03-01,0.6287253837618395,0.0,8291.407232649606,6.190612664038925,0.7562608327328444,0.0,6.192429145948779,7.342331198191562
2088-04-01,1.6995396598995167,0.0,10364.259040812009,7.7000117138671555,1.2432477079090676,0.0,7.70227109153185,9.521852118099758
2088-05-01,25.951780454611928,0.0,8291.407232649606,6.297036328631032,5.371703082346357e-16,0.0,6.298884037928545,6.381851809912455
2088-06-01,80.25693412674283,0.0,8291.407232649606,6.590739686373194,1.0743406164692715e-15,6179.184236767821,6.592673575644348,1.743324612013516
2088-07-01,19.763295693924455,0.0,10364.259040812009,8.933487944880936,5.371703082346357e-16,10298.640394613034,8.936109255585453,1.0743406164692715e-15
2088-08-01,7.943138833957564,0.0,8291.407232649606,7.956077433668676,0.0,8238.912315690428,7.958411947474653,0.0
2088-09-01,7.245395744682053,0.0,10364.259040812009,10.53931721906066,0.0,10298.640394613034,10.542409720580235,5.371703082346357e-16
2088-10-01,21.968435234686417,0.0,8291.407232649606,7.712211499340832,0.0,8238.912315690428,7.714474456730317,5.371703082346357e-16
2088-11-01,11.310046466924634,0.0,8291.407232649606,7.3323309306856554,1.0743406164692715e-15,8238.912315690428,7.334482421534053,1.0743406164692715e-15
2088-12-01,6.811948526050305,0.0,10364.259040812009,8.684041257772778,7.727908899907941,10298.640394613034,8.686589374527166,7.757260375152173
2089-01-01,2.082566967264336,0.0,8291.407232649606,6.577631405641979,9.123944463727867,8238.912315690428,6.579561448612918,9.142677863859173
2089-02-01,0.6277725922932362,0.0,8291.407232649606,6.338697299987705,8.533156292666684,8238.912315690428,6.340557233665087,8.550929651893844
2089-03-01,0.32670387366470466,0.0,10364.259040812009,7.727266554957599,5.923029422077798,10298.640394613034,7.729533929880155,5.958589152756258
2089-04-01,9.428051725239257,0.0,8291.407232649606,6.163357822948481,1.0743406164692715e-15,8238.912315690428,6.165166307600474,5.371703082346357e-16
2089-05-01,14.64682083204564,0.0,8291.407232649606,6.297036328631032,0.0,8238.912315690428,6.298884037928545,0.0
2089-06-01,30.150739039690627,0.0,10364.259040812009,8.305328753401124,5.371703082346357e-16,10298.640394613034,3.24856190940864,0.0
2089-07-01,89.94641160746842,0.0,8291.407232649606,7.218898877853006,0.0,8238.912315690428,0.0,0.0
2089-08-01,112.99875829060022,0.0,8291.407232649606,7.956077433668676,0.0,8238.912315690428,0.0,0.0
2089-09-01,186.36470598183186,0.0,10364.259040812009,10.53931721906066,0.0,10298.640394613034,0.0,1.0743406164692715e-15
2089-10-01,8.950258445086147,0.0,8291.407232649606,7.712211499340832,0.0,8238.912315690428,0.0,0.0
2089-11-01,8.121278827829963,0.0,8291.407232649606,7.3323309306856554,0.0,8238.912315690428,0.0,0.0
2089-12-01,29.916063995975115,0.0,10364.259040812009,8.684041257772778,5.371703082346357e-16,2059.728078922607,0.0,12.743906265333539
2090-01-01,0.37829121576210856,0.0,8291.407232649606,6.577631405641979,4.3374555281185305,0.0,0.0,17.163670488426817
2090-02-01,48.10902092739385,0.0,8291.407232649606,6.338697299987705,1.0100390147701115,0.0,0.0,12.359318903908122
2090-03-01,0.6788078711281705,0.0,10364.259040812009,7.727266554957599,0.0,0.0,0.0,4.461733255860642
2090-04-01,1.6285895510237465,0.0,8291.407232649606,6.163357822948481,0.0,0.0,0.0,0.0
2090-05-01,23.01166410173815,0.0,8291.407232649606,6.297036328631032,0.0,0.0,0.0,1.0743406164692715e-15
2090-06-01,90.43433306841295,0.0,10364.259040812009,8.305328753401124,0.0,0.0,0.0,0.0
2090-07-01,247.78606238333734,0.0,8291.407232649606,7.218898877853006,1.0743406164692715e-15,0.0,0.0,2.148681232938543e-15
2090-08-01,19.934697708125334,0.0,10364.259040812009,10.353205589753617,0.0,0.0,0.0,0.7806395029197049
2090-09-01,51.52736567917763,0.0,8291.407232649606,8.142189062975717,5.371703082346357e-16,0.0,0.0,0.0
2090-10-01,3.9295571478713045,0.0,8291.407232649606,7.712211499340832,5.371703082346357e-16,0.0,0.0,1.0743406164692715e-15
2090-11-01,3.5519641491090908,0.0,10364.259040812009,9.12660796118473,5.371703082346357e-16,0.0,0.0,5.373469477317938
2090-12-01,4.706098564323924,0.0,8291.407232649606,6.889764227273703,0.0,0.0,0.0,17.240396774755602
2091-01-01,0.6114924283673385,0.0,8291.407232649606,6.577631405641979,2.9999724469402254,0.0,0.0,17.583187573718803
2091-02-01,20.275205792586114,0.0,8291.407232649606,6.338697299987705,3.6052879282503945,0.0,0.0,15.516240356497736
2091-03-01,11.643596849769693,0.0,10364.259040812009,7.727266554957599,0.30927602247651853,0.0,6.171527636646908,7.33134787304846
2091-04-01,9.852818142888994,0.0,8291.407232649606,6.163357822948481,0.0,0.0,6.165166307600474,0.05214515860090082
2091-05-01,13.322038636551003,0.0,10364.259040812009,7.9105229140956395,0.0,0.0,7.91284406105649,1.1017457070852859
2091-06-01,36.802053334561535,0.0,8291.407232649606,6.691842167936516,5.371703082346357e-16,8238.912315690428,6.693805723226006,0.0
2091-07-01,173.28393634775904,0.0,8291.407232649606,7.218898877853006,0.0,8238.912315690428,7.221017084875851,5.371703082346357e-16
2091-08-01,3.2109849812341147,0.0,10364.259040812009,10.353205589753617,5.371703082346357e-16,10298.640394613034,10.356243481426608,5.371703082346357e-16
2091-09-01,7.319044516879169,0.0,8291.407232649606,8.142189062975717,5.371703082346357e-16,8238.912315690428,8.144578186628282,5.371703082346357e-16
2091-10-01,24.938292575026452,0.0,8291.407232649606,7.712211499340832,1.0743406164692715e-15,8238.912315690428,7.714474456730317,0.0
2091-11-01,0.6578016277928129,0.0,10364.259040812009,9.12660796118473,1.0743406164692715e-15,10298.640394613034,9.12928593817336,5.371703082346357e-16
2091-12-01,12.706304008949939,0.0,8291.407232649606,6.889764227273703,2.7689118109198465,8238.912315690428,6.89178585788786,2.800969476943012
2092-01-01,0.3722671168859353,0.0,10364.259040812009,8.181513904314256,0.0,10298.640394613034,8.183914566867212,0.0
2092-02-01,2.9233071068248475,0.0,8291.407232649606,6.2923640703049735,0.0,8238.912315690428,6.29421040864404,0.0
2092-03-01,3.478966124971518,0.0,8291.407232649606,6.169717285968052,0.0,8238.912315690428,0.0,0.0
2092-04-01,108.3884839210339,0.0,8291.407232649606,6.163357822948481,5.371703082346357e-16,8238.912315690428,6.165166307600474,0.0
2092-05-01,16.4516200971886,0.0,10364.259040812009,7.9105229140956395,1.0743406164692715e-15,10298.640394613034,7.91284406105649,5.371703082346357e-16
2092-06-01,129.07585749466523,0.0,8291.407232649606,6.691842167936516,5.371703082346357e-16,8238.912315690428,6.693805723226006,5.371703082346357e-16
2092-07-01,19.950148849057875,0.0,10364.259040812009,9.130112154916317,0.0,10298.640394613034,9.13279116012378,0.0
2092-08-01,31.94975673839116,0.0,8291.407232649606,8.441992312690306,0.0,8238.912315690428,8.44446940617868,0.0
2092-09-01,58.25219542502314,0.0,8291.407232649606,8.142189062975717,0.0,8238.912315690428,8.144578186628282,1.0743406164692715e-15
2092-10-01,8.353531606076665,0.0,10364.259040812009,9.58072552557493,5.371703082346357e-16,10298.640394613034,9.583536752111778,1.0743406164692715e-15
2092-11-01,0.13869178429830975,0.0,8291.407232649606,7.258093934950631,5.371703082346357e-16,8238.912315690428,7.2602236427919,5.371703082346357e-16
2092-12-01,7.827460249710651,0.0,8291.407232649606,6.889764227273703,6.31005705589612,8238.912315690428,6.89178585788786,6.343976709084021
2093-01-01,0.15640041151892844,0.0,10364.259040812009,8.181513904314256,10.38265498622519,10298.640394613034,8.183914566867212,10.408565848169228
2093-02-01,10.904368853674576,0.0,8291.407232649606,6.2923640703049735,6.841394689494381,8238.912315690428,6.29421040864404,6.864414677419379
2093-03-01,0.25010221406158534,0.0,8291.407232649606,6.169717285968052,3.5025232392675405,8238.912315690428,6.171527636646908,3.5347500265611522
2093-04-01,5.997485606524147,0.0,10364.259040812009,7.71921988739999,1.118131740884884,10298.640394613034,7.7214849012273135,1.136312543555594
2093-05-01,17.668395664654735,0.0,8291.407232649606,6.354660849644131,5.371703082346357e-16,8238.912315690428,6.356525467429652,5.371703082346357e-16
2093-06-01,42.68456088602707,0.0,8291.407232649606,6.691842167936516,1.0743406164692715e-15,8238.912315690428,6.693805723226006,5.371703082346357e-16
2093-07-01,28.73744105709401,0.0,10364.259040812009,9.130112154916317,5.371703082346357e-16,10298.640394613034,9.13279116012378,0.0
2093-08-01,50.70085904727153,0.0,8291.407232649606,8.441992312690306,0.0,8238.912315690428,8.44446940617868,0.0
2093-09-01,3.1034889121378644,0.0,8291.407232649606,8.142189062975717,1.0743406164692715e-15,8238.912315690428,8.144578186628282,5.371703082346357e-16
2093-10-01,15.324235024042478,0.0,10364.259040812009,9.58072552557493,5.371703082346357e-16,10298.640394613034,9.583536752111778,0.0
2093-11-01,4.17904896014149,0.0,8291.407232649606,7.258093934950631,0.0,8238.912315690428,7.2602236427919,0.0
2093-12-01,7.167952435815386,0.0,10364.259040812009,8.560615763714846,10.513829242102153,10298.640394613034,8.56312766431595,10.547071537925838
2094-01-01,0.16545546447141501,0.0,8291.407232649606,6.510662367873114,7.915036262971438,8238.912315690428,6.512572760439122,7.936089909927677
2094-02-01,7.893701500821589,0.0,8291.407232649606,6.2923640703049735,0.298608578605162,8238.912315690428,6.29421040864404,0.3090236386248759
2094-03-01,3.410653608400209,0.0,8291.407232649606,6.169717285968052,1.0743406164692715e-15,8238.912315690428,6.171527636646908,0.0
2094-04-01,9.3407089349275,0.0,10364.259040812009,7.71921988739999,5.371703082346357e-16,10298.640394613034,7.7214849012273135,5.371703082346357e-16
2094-05-01,64.76828994725561,0.0,8291.407232649606,6.354660849644131,5.371703082346357e-16,8238.912315690428,6.356525467429652,0.0
2094-06-01,102.72491555903085,0.0,8291.407232649606,6.691842167936516,0.0,8238.912315690428,6.693805723226006,0.0
2094-07-01,11.62719373908918,0.0,10364.259040812009,9.130112154916317,0.0,10298.640394613034,9.13279116012378,0.0
2094-08-01,24.66123962994179,0.0,8291.407232649606,8.441992312690306,1.0743406164692715e-15,8238.912315690428,8.44446940617868,1.0743406164692715e-15
2094-09-01,24.06603440558581,0.0,10364.259040812009,10.106095031653014,1.0743406164692715e-15,10298.640394613034,10.109060414855053,1.0743406164692715e-15
2094-10-01,8.973775291184463,0.0,8291.407232649606,7.616819556897635,5.371703082346357e-16,8238.912315690428,7.619054523885007,5.371703082346357e-16
2094-11-01,3.5012292821936883,0.0,8291.407232649606,7.258093934950631,0.0,8238.912315690428,7.2602236427919,0.0
2094-12-01,0.47227366845033847,0.0,10364.259040812009,8.560615763714846,8.785555029630812,10298.640394613034,8.56312766431595,8.82448223401942
2095-01-01,4.370576041192989,0.0,8291.407232649606,6.510662367873114,7.972552013778277,8238.912315690428,6.512572760439122,7.993468339786428
2095-02-01,0.017966151851430988,0.0,8291.407232649606,6.2923640703049735,6.873215149095611,8238.912315690428,6.29421040864404,6.896300889049616
2095-03-01,15.874760930693526,0.0,10364.259040812009,7.705981822013265,3.317737876189317,10298.640394613034,7.708242951458282,3.3508710812156237
2095-04-01,14.088161810984381,0.0,8291.407232649606,6.182955351354777,5.371703082346357e-16,8238.912315690428,6.184769586415939,5.371703082346357e-16
2095-05-01,11.344056388432543,0.0,8291.407232649606,6.354660849644131,5.371703082346357e-16,8238.912315690428,6.356525467429652,5.371703082346357e-16
2095-06-01,35.51100394540215,0.0,10364.259040812009,8.439526398923592,0.0,10298.640394613034,8.442002768850665,5.371703082346357e-16
2095-07-01,76.00083213132541,0.0,8291.407232649606,7.3824279239292405,1.0743406164692715e-15,8238.912315690428,7.38459411449912,5.371703082346357e-16
2095-08-01,95.22877283128443,0.0,8291.407232649606,8.441992312690306,0.0,8238.912315690428,8.44446940617868,0.0
2095-09-01,18.448217720994208,0.0,10364.259040812009,10.106095031653014,5.371703082346357e-16,10298.640394613034,10.109060414855053,1.0743406164692715e-15
2095-10-01,6.147009033279816,0.0,8291.407232649606,7.616819556897635,5.371703082346357e-16,8238.912315690428,7.619054523885007,0.0
2095-11-01,0.7075558140784943,0.0,8291.407232649606,7.258093934950631,0.0,8238.912315690428,7.2602236427919,5.371703082346357e-16
2095-12-01,6.991872129713728,0.0,10364.259040812009,8.560615763714846,9.094663146724422,10298.640394613034,8.56312766431595,9.132553527430392
2096-01-01,11.128191901402637,0.0,8291.407232649606,6.510662367873114,6.763633668896898,8238.912315690428,6.512572760439122,6.788416811167625
2096-02-01,0.02891708193331529,0.0,8291.407232649606,6.2923640703049735,0.0,8238.912315690428,6.29421040864404,0.0
2096-03-01,0.2816705456548628,0.0,10364.259040812009,7.705981822013265,5.371703082346357e-16,10298.640394613034,7.708242951458282,0.0
2096-04-01,16.9851959078472,0.0,8291.407232649606,6.182955351354777,0.0,8238.912315690428,6.184769586415939,5.371703082346357e-16
2096-05-01,69.26670236692793,0.0,10364.259040812009,7.988783243194871,5.371703082346357e-16,10298.640394613034,7.991127353710347,0.0
2096-06-01,103.19932799706669,0.0,8291.407232649606,6.805404005372852,5.371703082346357e-16,8238.912315690428,6.80740088256997,5.371703082346357e-16
2096-07-01,13.148690592179543,0.0,8291.407232649606,7.3824279239292405,5.371703082346357e-16,8238.912315690428,7.38459411449912,5.371703082346357e-16
2096-08-01,27.93888881757249,0.0,10364.259040812009,10.55190635943371,1.0743406164692715e-15,10298.640394613034,10.555002554924624,5.371703082346357e-16
2096-09-01,11.96835187609879,0.0,8291.407232649606,7.99618098490961,5.371703082346357e-16,8238.912315690428,7.998527266109108,0.0
2096-10-01,12.962874275536864,0.0,8291.407232649606,7.616819556897635,0.0,8238.912315690428,7.619054523885007,0.0
2096-11-01,16.398624669470838,0.0,10364.259040812009,9.014214188109653,0.21451744958458158,10298.640394613034,9.016859185930203,0.22758903184859897
2096-12-01,0.9416027587968392,0.0,8291.407232649606,6.804495510555823,5.705110764199083,8238.912315690428,6.806492121177646,5.74001271450236
2097-01-01,0.3183943922857769,0.0,10364.259040812009,8.100657876093168,5.611280212661956,10298.640394613034,8.103034813447902,5.639762064917954
2097-02-01,57.18084101439687,0.0,8291.407232649606,6.252390303589987,1.0743406164692715e-15,8238.912315690428,6.2542249126175875,5.371703082346357e-16
2097-03-01,9.554027401152727,0.0,8291.407232649606,6.155960080508198,5.371703082346357e-16,8238.912315690428,6.157766394475955,5.371703082346357e-16
2097-04-01,7.876035111162849,0.0,8291.407232649606,6.182955351354777,5.371703082346357e-16,8238.912315690428,6.184769586415939,0.0
2097-05-01,13.727108404649623,0.0,10364.259040812009,7.988783243194871,5.371703082346357e-16,10298.640394613034,7.991127353710347,0.0
2097-06-01,100.88406122967004,0.0,8291.407232649606,6.805404005372852,0.0,8238.912315690428,6.80740088256997,0.0
2097-07-01,60.310362571567865,0.0,8291.407232649606,7.3824279239292405,5.371703082346357e-16,8238.912315690428,7.38459411449912,1.6115109247039072e-15
2097-08-01,4.502846738844479,0.0,10364.259040812009,10.55190635943371,0.0,10298.640394613034,10.555002554924624,0.0
2097-09-01,46.270780798194004,0.0,8291.407232649606,7.99618098490961,1.6115109247039072e-15,8238.912315690428,7.998527266109108,5.371703082346357e-16
2097-10-01,2.6696248234640727,0.0,10364.259040812009,9.461712720221088,5.371703082346357e-16,10298.640394613034,9.464489025398823,0.0
2097-11-01,0.18328347802379039,0.0,8291.407232649606,7.1693210247862,1.1560148384878848,8238.912315690428,7.171424684416387,1.1660887098499202
2097-12-01,0.42077283832919066,0.0,8291.407232649606,6.804495510555823,7.457708713441557,8238.912315690428,6.806492121177646,7.487122588658196
2098-01-01,0.2225915628658175,0.0,10364.259040812009,8.100657876093168,5.116432600727961,10298.640394613034,8.103034813447902,5.146639205814188
2098-02-01,3.8011274938968085,0.0,8291.407232649606,6.252390303589987,0.0,8238.912315690428,6.2542249126175875,5.371703082346357e-16
2098-03-01,2.2156021062213966,0.0,8291.407232649606,6.155960080508198,1.6115109247039072e-15,8238.912315690428,1.5367153148113744,1.0743406164692715e-15
2098-04-01,38.78690076199891,0.0,8291.407232649606,6.182955351354777,2.148681232938543e-15,8238.912315690428,4.6284509927891,2.148681232938543e-15
2098-05-01,42.60950410681799,0.0,10364.259040812009,7.988783243194871,5.371703082346357e-16,8238.912315690428,0.0,0.0
2098-06-01,262.1530258736163,0.0,8291.407232649606,6.805404005372852,5.371703082346357e-16,0.0,0.0,0.0
2098-07-01,16.679604100101958,0.0,10364.259040812009,9.343089268833777,5.371703082346357e-16,0.0,0.0,0.0
2098-08-01,105.83197463637222,0.0,8291.407232649606,8.591245014529173,0.0,0.0,0.0,0.0
2098-09-01,105.85902109510154,0.0,8291.407232649606,7.99618098490961,0.0,0.0,0.0,1.0743406164692715e-15
2098-10-01,15.270958347281034,0.0,10364.259040812009,9.461712720221088,5.371703082346357e-16,0.0,0.0,0.0
2098-11-01,0.14954322106743362,0.0,8291.407232649606,7.207477802126251,0.0,0.0,0.0,0.0
