indicator,period,date_range,seed,snapshot_count,first_nfe,final_nfe,runtime_file
SPI3,A,2020–2040,1,80,100,8000,runtime_file_seed_1.runtime
SPI3,A,2020–2040,2,80,100,8000,runtime_file_seed_2.runtime
SPI3,A,2020–2040,3,80,100,8000,runtime_file_seed_3.runtime
SPI3,A,2020–2040,4,80,100,8000,runtime_file_seed_4.runtime
SPI3,A,2020–2040,5,80,100,8000,runtime_file_seed_5.runtime
SPI3,A,2020–2040,6,80,100,8000,runtime_file_seed_6.runtime
SPI3,A,2020–2040,7,80,100,8000,runtime_file_seed_7.runtime
SPI3,B,2080–2100,1,80,100,8000,runtime_file_seed_1.runtime
SPI3,B,2080–2100,2,80,100,8000,runtime_file_seed_2.runtime
SPI3,B,2080–2100,3,80,100,8000,runtime_file_seed_3.runtime
SPI3,B,2080–2100,4,80,100,8000,runtime_file_seed_4.runtime
SPI3,B,2080–2100,5,80,100,8000,runtime_file_seed_5.runtime
SPI3,B,2080–2100,6,80,100,8000,runtime_file_seed_6.runtime
SPI3,B,2080–2100,7,80,100,8000,runtime_file_seed_7.runtime
SPI6,A,2020–2040,1,80,100,8000,runtime_file_seed_1.runtime
SPI6,A,2020–2040,2,80,100,8000,runtime_file_seed_2.runtime
SPI6,A,2020–2040,3,80,100,8000,runtime_file_seed_3.runtime
SPI6,A,2020–2040,4,80,100,8000,runtime_file_seed_4.runtime
SPI6,A,2020–2040,5,80,100,8000,runtime_file_seed_5.runtime
SPI6,A,2020–2040,6,80,100,8000,runtime_file_seed_6.runtime
SPI6,A,2020–2040,7,80,100,8000,runtime_file_seed_7.runtime
SPI6,B,2080–2100,1,80,100,8000,runtime_file_seed_1.runtime
SPI6,B,2080–2100,2,80,100,8000,runtime_file_seed_2.runtime
SPI6,B,2080–2100,3,80,100,8000,runtime_file_seed_3.runtime
SPI6,B,2080–2100,4,80,100,8000,runtime_file_seed_4.runtime
SPI6,B,2080–2100,5,80,100,8000,runtime_file_seed_5.runtime
SPI6,B,2080–2100,6,80,100,8000,runtime_file_seed_6.runtime
SPI6,B,2080–2100,7,80,100,8000,runtime_file_seed_7.runtime
SPI12,A,2020–2040,1,80,100,8000,runtime_file_seed_1.runtime
SPI12,A,2020–2040,2,80,100,8000,runtime_file_seed_2.runtime
SPI12,A,2020–2040,3,80,100,8000,runtime_file_seed_3.runtime
SPI12,A,2020–2040,4,80,100,8000,runtime_file_seed_4.runtime
SPI12,A,2020–2040,5,80,100,8000,runtime_file_seed_5.runtime
SPI12,A,2020–2040,6,80,100,8000,runtime_file_seed_6.runtime
SPI12,A,2020–2040,7,80,100,8000,runtime_file_seed_7.runtime
SPI12,B,2080–2100,1,80,100,8000,runtime_file_seed_1.runtime
SPI12,B,2080–2100,2,80,100,8000,runtime_file_seed_2.runtime
SPI12,B,2080–2100,3,80,100,8000,runtime_file_seed_3.runtime
SPI12,B,2080–2100,4,80,100,8000,runtime_file_seed_4.runtime
SPI12,B,2080–2100,5,80,100,8000,runtime_file_seed_5.runtime
SPI12,B,2080–2100,6,80,100,8000,runtime_file_seed_6.runtime
SPI12,B,2080–2100,7,80,100,8000,runtime_file_seed_7.runtime
SRI3,A,2020–2040,1,80,100,8000,runtime_file_seed_1.runtime
SRI3,A,2020–2040,2,80,100,8000,runtime_file_seed_2.runtime
SRI3,A,2020–2040,3,80,100,8000,runtime_file_seed_3.runtime
SRI3,A,2020–2040,4,80,100,8000,runtime_file_seed_4.runtime
SRI3,A,2020–2040,5,80,100,8000,runtime_file_seed_5.runtime
SRI3,A,2020–2040,6,80,100,8000,runtime_file_seed_6.runtime
SRI3,A,2020–2040,7,80,100,8000,runtime_file_seed_7.runtime
SRI3,B,2080–2100,1,80,100,8000,runtime_file_seed_1.runtime
SRI3,B,2080–2100,2,80,100,8000,runtime_file_seed_2.runtime
SRI3,B,2080–2100,3,80,100,8000,runtime_file_seed_3.runtime
SRI3,B,2080–2100,4,80,100,8000,runtime_file_seed_4.runtime
SRI3,B,2080–2100,5,80,100,8000,runtime_file_seed_5.runtime
SRI3,B,2080–2100,6,80,100,8000,runtime_file_seed_6.runtime
SRI3,B,2080–2100,7,80,100,8000,runtime_file_seed_7.runtime
SRI6,A,2020–2040,1,80,100,8000,runtime_file_seed_1.runtime
SRI6,A,2020–2040,2,80,100,8000,runtime_file_seed_2.runtime
SRI6,A,2020–2040,3,80,100,8000,runtime_file_seed_3.runtime
SRI6,A,2020–2040,4,80,100,8000,runtime_file_seed_4.runtime
SRI6,A,2020–2040,5,80,100,8000,runtime_file_seed_5.runtime
SRI6,A,2020–2040,6,80,100,8000,runtime_file_seed_6.runtime
SRI6,A,2020–2040,7,80,100,8000,runtime_file_seed_7.runtime
SRI6,B,2080–2100,1,80,100,8000,runtime_file_seed_1.runtime
SRI6,B,2080–2100,2,80,100,8000,runtime_file_seed_2.runtime
SRI6,B,2080–2100,3,80,100,8000,runtime_file_seed_3.runtime
SRI6,B,2080–2100,4,80,100,8000,runtime_file_seed_4.runtime
SRI6,B,2080–2100,5,80,100,8000,runtime_file_seed_5.runtime
SRI6,B,2080–2100,6,80,100,8000,runtime_file_seed_6.runtime
SRI6,B,2080–2100,7,80,100,8000,runtime_file_seed_7.runtime
SRI12,A,2020–2040,1,80,100,8000,runtime_file_seed_1.runtime
SRI12,A,2020–2040,2,80,100,8000,runtime_file_seed_2.runtime
SRI12,A,2020–2040,3,80,100,8000,runtime_file_seed_3.runtime
SRI12,A,2020–2040,4,80,100,8000,runtime_file_seed_4.runtime
SRI12,A,2020–2040,5,80,100,8000,runtime_file_seed_5.runtime
SRI12,A,2020–2040,6,80,100,8000,runtime_file_seed_6.runtime
SRI12,A,2020–2040,7,80,100,8000,runtime_file_seed_7.runtime
SRI12,B,2080–2100,1,80,100,8000,runtime_file_seed_1.runtime
SRI12,B,2080–2100,2,80,100,8000,runtime_file_seed_2.runtime
SRI12,B,2080–2100,3,80,100,8000,runtime_file_seed_3.runtime
SRI12,B,2080–2100,4,80,100,8000,runtime_file_seed_4.runtime
SRI12,B,2080–2100,5,80,100,8000,runtime_file_seed_5.runtime
SRI12,B,2080–2100,6,80,100,8000,runtime_file_seed_6.runtime
SRI12,B,2080–2100,7,80,100,8000,runtime_file_seed_7.runtime
