indicator,period,source_policy_index,action_cache_row,contract_threshold,contract_action,demand_threshold,demand_action,target_cost_million,distance_below_target_million,oos_mean_total_cost,oos_mean_total_cost_million,oos_mean_urban_reliability,oos_mean_agricultural_reliability
SPI3,A,59,33,0.0,219.7866080872607,0.0,0.7001851513424749,5000.0,15.937414790945695,4984062585.209054,4984.062585209054,0.9479133311986337,0.5035578325683994
SPI6,A,565,332,-6.912093136544895e-05,211.87672699862725,-6.973172155365641e-05,0.7000003453794429,5000.0,17.613577238818834,4982386422.761181,4982.386422761181,0.957163695876472,0.5023125911694595
SPI12,A,463,300,-0.003087391806367556,194.48640452667667,-0.0020328083503828144,0.7,5000.0,70.17143668508834,4929828563.314912,4929.828563314912,0.9768474045611414,0.5059860532963318
SRI3,A,254,160,0.0,341.7365785507799,-0.00022209158254592643,0.7000000118725617,5000.0,22.97038674504256,4977029613.254957,4977.029613254957,0.9562742377343725,0.5087166897925784
SRI6,A,194,113,0.0,316.80026617999124,0.0,0.7,5000.0,59.054526358580915,4940945473.641419,4940.945473641419,0.9475931262674779,0.5091258405379443
SRI12,A,222,117,-2.9065346532431216e-05,311.2538246802166,-0.00015187546575521423,0.7,5000.0,0.05788715602375305,4999942112.843976,4999.942112843976,0.9203045504678551,0.5077827587433735
SPI3,B,292,192,0.0,110.83487015190539,0.0,0.7,5000.0,1.7547975839579522,4998245202.416042,4998.245202416042,0.8574554381470809,0.5988632724943964
SPI6,B,531,358,-7.312240651307381e-06,101.01577417363035,0.0,0.7001371785034344,5000.0,79.12763838368119,4920872361.616319,4920.872361616319,0.8658786067527662,0.5998238872878643
SPI12,B,716,511,-0.20426898671326987,99.18344800613426,0.0,0.7,5000.0,116.11165182844343,4883888348.171556,4883.888348171557,0.8651225673319813,0.6015850144092219
SRI3,B,660,264,0.0,100.49572896720998,0.0,0.7,5000.0,0.38646810663612996,4999613531.893364,4999.613531893364,0.883134094709503,0.6002063542889672
SRI6,B,1612,776,0.0,98.17281524707674,0.0,0.7,5000.0,17.142389333051142,4982857610.666949,4982.857610666949,0.8807325577258334,0.6003308784288612
SRI12,B,42,22,-0.052073142504182934,99.0259864419316,0.0,0.7,5000.0,6.730731477357949,4993269268.522642,4993.269268522642,0.8819511153805103,0.6003575621731242
