indicator,period,source_policy_index,action_cache_row,contract_threshold,contract_action,demand_threshold,demand_action,oos_mean_total_cost,oos_mean_urban_reliability,oos_mean_agricultural_reliability
SPI3,A,357,183,0.0,1953.9187512020392,-0.00010957549847987987,0.7,7667474384.64353,0.9637278969651687,0.2902568755114385
SPI6,A,38,27,0.0,1723.277665317339,0.0,0.7000271807399402,7508153368.867043,0.9746148646244707,0.3316789411890277
SPI12,A,264,167,0.0,1111.0703628536014,0.0,0.7,6901009477.807854,0.989166399829224,0.4218255238908457
SRI3,A,347,218,-4.306280693867813e-07,1570.1541673282004,-0.0007244507810436863,0.7000058395617283,6892733269.451881,0.9689668054221369,0.4729426833173231
SRI6,A,90,51,-9.342342154400562e-12,1120.5547620724528,-3.3418951216438133e-06,0.7000014179148283,6448041164.961676,0.9556071441277972,0.4789554203579179
SRI12,A,309,160,0.0,1307.2195924427024,0.0,0.7000015863149168,6740113974.051241,0.9291190806560643,0.4543352189845946
SPI3,B,686,458,-0.0006221496266567947,2070.0429529623852,-1.487629662255067e-05,0.7000050474405675,8990020131.40378,0.9182232184153413,0.33070943181413875
SPI6,B,748,515,-1.8895268034383372e-06,2090.7630554326656,-0.000366342555702953,0.7000552008362733,9018712523.522678,0.9316718255238908,0.3201782474116768
SPI12,B,55,37,0.0,2059.728078922607,-0.0010715088276755038,0.7000008222847108,8968988884.623213,0.9303910057992671,0.33933717579250716
SRI3,B,275,102,0.0,2079.6311919377913,0.0,0.7,9093817272.237495,0.9493364642259935,0.33279076386665235
SRI6,B,696,341,0.0,2077.1812539986454,-3.533056074460635e-06,0.7,9097342150.28409,0.9475664425232148,0.3329686554950724
SRI12,B,477,204,-0.0033627942256115873,2072.8518081624015,0.0,0.7000888237888778,9096643893.232738,0.9526007756074999,0.3419432881488597
