indicator,period,oos_pareto_policy_count,cdf_policy_scenario_samples,source
SPI3,A,274,29592,/home/groups/smfletch/keaniw/MAIPO_PYWR/MAIPO_outputs_NATWAT_3obj_2paramGamma_disc0_rerun_Sep16_MIN_DeCost/out_of_sample/cdf_actions/simulation_cache/SPI3_A_oos_pareto_actions.npz
SPI6,A,354,38232,/home/groups/smfletch/keaniw/MAIPO_PYWR/MAIPO_outputs_NATWAT_3obj_2paramGamma_disc0_rerun_Sep16_MIN_DeCost/out_of_sample/cdf_actions/simulation_cache/SPI6_A_oos_pareto_actions.npz
SPI12,A,336,36288,/home/groups/smfletch/keaniw/MAIPO_PYWR/MAIPO_outputs_NATWAT_3obj_2paramGamma_disc0_rerun_Sep16_MIN_DeCost/out_of_sample/cdf_actions/simulation_cache/SPI12_A_oos_pareto_actions.npz
SRI3,A,303,32724,/home/groups/smfletch/keaniw/MAIPO_PYWR/MAIPO_outputs_NATWAT_3obj_2paramGamma_disc0_rerun_Sep16_MIN_DeCost/out_of_sample/cdf_actions/simulation_cache/SRI3_A_oos_pareto_actions.npz
SRI6,A,228,24624,/home/groups/smfletch/keaniw/MAIPO_PYWR/MAIPO_outputs_NATWAT_3obj_2paramGamma_disc0_rerun_Sep16_MIN_DeCost/out_of_sample/cdf_actions/simulation_cache/SRI6_A_oos_pareto_actions.npz
SRI12,A,215,23220,/home/groups/smfletch/keaniw/MAIPO_PYWR/MAIPO_outputs_NATWAT_3obj_2paramGamma_disc0_rerun_Sep16_MIN_DeCost/out_of_sample/cdf_actions/simulation_cache/SRI12_A_oos_pareto_actions.npz
SPI3,B,522,56376,/home/groups/smfletch/keaniw/MAIPO_PYWR/MAIPO_outputs_NATWAT_3obj_2paramGamma_disc0_rerun_Sep16_MIN_DeCost/out_of_sample/cdf_actions/simulation_cache/SPI3_B_oos_pareto_actions.npz
SPI6,B,555,59940,/home/groups/smfletch/keaniw/MAIPO_PYWR/MAIPO_outputs_NATWAT_3obj_2paramGamma_disc0_rerun_Sep16_MIN_DeCost/out_of_sample/cdf_actions/simulation_cache/SPI6_B_oos_pareto_actions.npz
SPI12,B,525,56700,/home/groups/smfletch/keaniw/MAIPO_PYWR/MAIPO_outputs_NATWAT_3obj_2paramGamma_disc0_rerun_Sep16_MIN_DeCost/out_of_sample/cdf_actions/simulation_cache/SPI12_B_oos_pareto_actions.npz
SRI3,B,644,69552,/home/groups/smfletch/keaniw/MAIPO_PYWR/MAIPO_outputs_NATWAT_3obj_2paramGamma_disc0_rerun_Sep16_MIN_DeCost/out_of_sample/cdf_actions/simulation_cache/SRI3_B_oos_pareto_actions.npz
SRI6,B,805,86940,/home/groups/smfletch/keaniw/MAIPO_PYWR/MAIPO_outputs_NATWAT_3obj_2paramGamma_disc0_rerun_Sep16_MIN_DeCost/out_of_sample/cdf_actions/simulation_cache/SRI6_B_oos_pareto_actions.npz
SRI12,B,738,79704,/home/groups/smfletch/keaniw/MAIPO_PYWR/MAIPO_outputs_NATWAT_3obj_2paramGamma_disc0_rerun_Sep16_MIN_DeCost/out_of_sample/cdf_actions/simulation_cache/SRI12_B_oos_pareto_actions.npz
