climate_group,scenario_count,period,indicator,policy_index,contract_threshold,contract_action,demand_threshold,demand_action,mean_total_cost,mean_total_cost_million,mean_urban_reliability,mean_agricultural_reliability
S_Q4,27,B,SPI3,20,-1.8883380976359474,0.0,-2.257636607218915,0.8507104804035741,11133301.284916453,11.133301284916453,0.9977229871562244,0.9392677980574234
S_Q4,27,B,SPI3,85,-0.13503608214873308,0.0,-0.3841476102742331,0.895926285872249,235206811.69419935,235.20681169419936,0.999608638417476,0.9392677980574234
S_Q4,27,B,SPI3,101,-0.24841368816926052,0.0,-0.40088988924996355,0.8852432182358003,254704042.30333576,254.70404230333577,0.999786530045896,0.9392677980574234
S_Q4,27,B,SPI3,116,-2.4945652579068835,0.0,-0.5173730963811779,0.8212645479212444,353351081.5104242,353.3510815104242,0.999857686697264,0.9392677980574234
S_Q4,27,B,SPI3,117,-3.279737042025361,0.0,-1.662469704604514,0.7551748643797915,75709344.19448827,75.70934419448827,0.9984345536699043,0.9392677980574234
S_Q4,27,B,SPI3,168,-3.78941249842509,0.0,-1.600999445095891,0.70107955955009,107581630.5851619,107.58163058516189,0.9986124452983242,0.9392677980574234
S_Q4,27,B,SPI3,237,-1.2282453195815957,0.0,-2.080398844766855,0.8921394618044094,12753662.348508062,12.753662348508062,0.9979720354360124,0.9392677980574234
S_Q4,27,B,SPI3,244,-4.0,0.0,-0.7272318180175305,0.7643765774164755,358907508.00787205,358.907508007872,0.999893265022948,0.9392677980574234
S_Q4,27,B,SPI3,297,-1.7869532638991248,0.0,-1.6303976581405184,0.7398317098507771,87135578.91300021,87.13557891300022,0.9984701319955883,0.9392677980574234
S_Q4,27,B,SPI3,361,-0.9562511514828043,0.0,-0.608238053302969,0.7002384345440654,534191353.0092697,534.1913530092697,1.0,0.9392677980574234
S_Q4,27,B,SPI3,531,-2.471091836999535,0.0,-1.621396034171778,0.7362229969436822,90506791.25273924,90.50679125273923,0.9985768669726404,0.9392677980574234
S_Q4,27,B,SPI3,570,-0.8033283377612436,0.0,-1.2597658674371814,0.8350787757210139,116225802.4253939,116.2258024253939,0.999359590137688,0.9392677980574234
S_Q4,27,B,SPI3,572,-1.3800041520312423,0.0,-0.6185006990834179,0.7408250914688329,455248725.8579776,455.2487258579776,0.9999288433486321,0.9392677980574234
S_Q4,27,B,SPI3,668,-0.10995749575764627,0.0,-1.8145959002276941,0.80378296923479,44082323.9636073,44.082323963607294,0.9982210837158004,0.9392677980574234
S_Q4,27,B,SPI3,678,-0.007004979436405656,0.0,-2.0628206872862087,0.8929795464796043,13038620.585142396,13.038620585142397,0.9980076137616963,0.9392677980574234
S_Q4,27,B,SPI3,683,-0.0075978126699153825,0.0,-1.6474353128039843,0.8150214181571432,58893829.3716824,58.8938293716824,0.9983989753442203,0.9392677980574234
S_Q4,27,B,SPI3,708,-0.0021776929130288107,0.0,-1.909475427386731,0.8475323602350402,27580715.00245327,27.58071500245327,0.9981855053901164,0.9392677980574234
S_Q4,27,B,SPI3,719,-3.1460418470699025,0.0,-0.4830156889945495,0.8522072924825677,303056311.5174124,303.05631151741244,0.99982210837158,0.9392677980574234
S_Q4,27,B,SPI6,36,-0.8054309818399008,0.0,-1.8336303099822047,0.8728789893847143,25985782.07925892,25.985782079258918,0.9981855053901164,0.9392677980574234
S_Q4,27,B,SPI6,168,-4.7417189988234465e-05,0.0,-0.793406303150951,0.8149784194469524,251768110.84676662,251.76811084676663,1.0,0.9392677980574234
S_Q4,27,B,SPI6,289,0.0,0.0,-1.4611344277347824,0.7314506720531563,128877243.78448282,128.87724378448283,0.9988614935781123,0.9392677980574234
S_Q4,27,B,SPI6,346,-3.1135440548615376,0.0,-1.4031919296289859,0.7315757880830709,144568847.043062,144.568847043062,0.9990749635322161,0.9392677980574234
S_Q4,27,B,SPI6,350,-3.537245074562672,0.0,-0.9524452178658077,0.7867090825203981,231233895.98003432,231.23389598003433,0.999786530045896,0.9392677980574234
S_Q4,27,B,SPI6,351,-0.028678022353589173,0.0,-1.6437883031223364,0.8729166924628489,39710872.61286665,39.710872612866645,0.9984701319955883,0.9392677980574234
S_Q4,27,B,SPI6,352,0.0,0.0,-2.0838713473976873,0.9115030247514335,9185119.55786035,9.18511955786035,0.9979364571103283,0.9392677980574234
S_Q4,27,B,SPI6,385,-0.3451981090917819,0.0,-0.7392852978683774,0.8750020284380302,181083920.38882184,181.08392038882184,0.9997153733945281,0.9392677980574234
S_Q4,27,B,SPI6,459,-0.48191190962309116,0.0,-1.4458431651456847,0.7360864694796393,130825890.70185538,130.82589070185537,0.9990393852065322,0.9392677980574234
S_Q4,27,B,SPI6,466,-0.16089373497582837,0.0,-1.5194936369171683,0.7421746067028295,109088143.39332467,109.08814339332467,0.9985412886469562,0.9392677980574234
S_Q4,27,B,SPI6,580,-0.742300605450482,0.0,-1.7183028761571384,0.8049457907513199,53502991.04293188,53.502991042931875,0.9985057103212723,0.9392677980574234
S_Q4,27,B,SPI6,592,-0.09810797987449504,0.0,-1.009452113925168,0.850374825660078,150964072.65569016,150.96407265569016,0.9996442167431602,0.9392677980574234
S_Q4,27,B,SPI6,722,-2.1170701101268623,0.0,-2.4014553559697855,0.7938152236629732,8175503.394460962,8.175503394460963,0.9977229871562244,0.9392677980574234
S_Q4,27,B,SPI12,34,-3.164863766660769,0.0,-1.3550651575153276,0.8694075900347579,69541805.79484236,69.54180579484236,0.9990749635322161,0.9392677980574234
S_Q4,27,B,SPI12,65,-0.20151585446889908,0.0,-0.4333622153064294,0.7000050610184589,544405945.8210733,544.4059458210733,1.0,0.9392677980574234
S_Q4,27,B,SPI12,161,-0.35652853327833256,0.0,-0.4597261867431492,0.7012568122277038,528533400.9306748,528.5334009306748,0.9999644216743161,0.9392677980574234
S_Q4,27,B,SPI12,199,-4.0,0.0,-2.540891246948595,0.7608955571084999,3011898.2881853883,3.0118982881853884,0.9977229871562244,0.9392677980574234
S_Q4,27,B,SPI12,211,-0.6517763887373463,0.0,-1.0872881064709217,0.8820145867100742,92955524.47906968,92.95552447906968,0.9995730600917921,0.9392677980574234
S_Q4,27,B,SPI12,212,-0.16391900407997448,0.0,-2.299127013008144,0.8566027794269906,6466512.800810018,6.466512800810017,0.9979008787846444,0.9392677980574234
S_Q4,27,B,SPI12,215,-0.1641888975287192,0.0,-1.0717971161369466,0.8684039440922059,105367505.07715355,105.36750507715355,0.9996442167431601,0.9392677980574234
S_Q4,27,B,SPI12,231,-2.1019153511204296,0.0,-1.3026909839580136,0.9071891118730145,52927589.53070086,52.927589530700864,0.9987191802753762,0.9392677980574234
S_Q4,27,B,SPI12,249,-0.1641888975287192,0.0,-1.0717971161369466,0.898461216817832,81331680.6824191,81.3316806824191,0.9995019034404241,0.9392677980574234
S_Q4,27,B,SPI12,293,-2.565679197860673,0.0,-0.9795653210977897,0.8364008711439938,154212484.26944235,154.21248426944234,0.999786530045896,0.9392677980574234
S_Q4,27,B,SPI12,321,-0.9275292493472544,0.0,-1.1244595584862904,0.9506088107750008,37370526.752589256,37.37052675258926,0.9984345536699043,0.9392677980574234
S_Q4,27,B,SPI12,328,-0.04147971397936528,0.0,-0.6676144327482098,0.8622745175928905,200125026.803043,200.125026803043,0.99982210837158,0.9392677980574234
S_Q4,27,B,SPI12,423,-1.8571155392232153,0.0,-0.6837800114713185,0.8401477494314963,227018940.53976807,227.01894053976807,0.999893265022948,0.9392677980574234
S_Q4,27,B,SPI12,431,-2.691998468407429,0.0,-2.225860246975408,0.7179901545571772,18296902.386612564,18.296902386612565,0.9979720354360124,0.9392677980574234
S_Q4,27,B,SPI12,718,-2.954210103383236,0.0,-1.0964116863009428,0.9311031188371054,53703224.37624278,53.70322437624278,0.9988614935781123,0.9392677980574234
S_Q4,27,B,SRI3,75,-0.13719864654692338,0.0,-0.7440267363888733,0.7964119056214232,62757961.430171445,62.75796143017144,0.9995374817661081,0.9392677980574234
S_Q4,27,B,SRI3,85,-3.4155416515226342,0.0,-1.660688497506992,0.9037271172204657,2461645.9204778513,2.461645920477851,0.9978653004589604,0.9392677980574234
S_Q4,27,B,SRI3,262,-0.05279822213549142,0.0,-0.059148738093583134,0.8472857554590485,180833798.45019424,180.83379845019425,0.999608638417476,0.9392677980574234
S_Q4,27,B,SRI3,494,-1.8157007391892355,0.0,-0.7566752623744317,0.8314307532871672,51015740.40589199,51.01574040589199,0.9994663251147401,0.9392677980574234
S_Q4,27,B,SRI3,508,-3.4077258559668264,0.0,-1.9942426674863076,0.954378978030729,404781.4139286664,0.4047814139286664,0.9977585654819084,0.9392677980574234
S_Q4,27,B,SRI3,631,-1.9738810841238084,0.0,-0.7893819236535087,0.8484648302310297,43465275.4924806,43.4652754924806,0.9994307467890562,0.9392677980574234
S_Q4,27,B,SRI3,691,-2.312756884965732,0.0,-1.489038968045569,0.8885393089370887,4761518.526834426,4.7615185268344264,0.9982566620414843,0.9392677980574234
S_Q4,27,B,SRI3,698,-2.1381327897046885,0.0,-1.4708006785881707,0.873916197094478,5491622.125205458,5.491622125205458,0.9982922403671682,0.9392677980574234
S_Q4,27,B,SRI3,748,-1.7113869688118535,0.0,-1.4126247375637442,0.9108659784614948,4650017.815428311,4.650017815428311,0.9981143487387484,0.9392677980574234
S_Q4,27,B,SRI3,793,-0.41940764912682926,0.0,-0.8963725422434665,0.82163057009247,39531948.75654951,39.53194875654951,0.999359590137688,0.9392677980574234
S_Q4,27,B,SRI3,922,-1.5267140989952521,0.0,-1.1816182930911001,0.8722626788416541,12280325.586546106,12.280325586546105,0.9989326502294802,0.9392677980574234
S_Q4,27,B,SRI3,933,-1.2279650394869885,0.0,-1.770619278254597,0.8293809807745421,2757408.9914551843,2.7574089914551845,0.9980787704130644,0.9392677980574234
S_Q4,27,B,SRI3,966,-1.8192485714841746,0.0,-1.587330425527722,0.9568121019650279,1413286.433841361,1.4132864338413609,0.9978297221332765,0.9392677980574234
S_Q4,27,B,SRI3,1020,-3.2826036158475653,0.0,-1.1436068142686175,0.8159851950714544,19909713.67877137,19.909713678771368,0.9991105418579002,0.9392677980574234
S_Q4,27,B,SRI3,1026,-3.3927354709073856,0.0,-1.180098980281789,0.8223224907077207,17028891.304218367,17.028891304218366,0.9990749635322161,0.9392677980574234
S_Q4,27,B,SRI3,1041,-3.3927354709073856,0.0,-1.2620560559402652,0.8223224907077207,14311500.497863878,14.311500497863877,0.9990393852065322,0.9392677980574234
S_Q4,27,B,SRI3,1086,-3.935204712786995,0.0,-0.7726656077474505,0.8211081363901169,52851270.26059632,52.85127026059632,0.9995019034404241,0.9392677980574234
S_Q4,27,B,SRI3,1133,-0.008326420420179781,0.0,-1.2650075664581224,0.8658292189881578,10840050.38114542,10.840050381145419,0.9988970719037963,0.9392677980574234
S_Q4,27,B,SRI3,1157,-3.883309243156785,0.0,-0.6768398304309637,0.8856343035822403,41209748.745688975,41.20974874568898,0.9993951684633721,0.9392677980574234
S_Q4,27,B,SRI3,1162,-4.0,0.0,-0.7515815765369865,0.8768574748264253,37667213.48701657,37.667213487016575,0.9992884334863201,0.9392677980574234
S_Q4,27,B,SRI3,1165,-0.4152279113578081,0.0,-1.4876255731768033,0.8245835720153021,7416533.659489488,7.416533659489488,0.9985057103212723,0.9392677980574234
S_Q4,27,B,SRI3,1170,-1.228342468063067,0.0,-1.4838044928680052,0.8053699873134944,8214153.397625472,8.214153397625472,0.9985412886469562,0.9392677980574234
S_Q4,27,B,SRI3,1182,-0.139794573530848,0.0,-0.9014493727354171,0.8632898368854096,29839197.79288034,29.83919779288034,0.9992172768349521,0.9392677980574234
S_Q4,27,B,SRI3,1204,-0.6826641456967499,0.0,-1.5233570213374181,0.8784372291900988,4678106.158386398,4.678106158386398,0.9981855053901164,0.9392677980574234
S_Q4,27,B,SRI3,1239,-0.04991413164712177,0.0,-2.5421744525763614,0.7970257040945705,134414.91250000006,0.13441491250000007,0.9977229871562244,0.9392677980574234
S_Q4,27,B,SRI3,1409,-2.4927749736992135,0.0,-0.8497633603478965,0.8633306988750723,34717560.59958557,34.71756059958557,0.9992528551606362,0.9392677980574234
S_Q4,27,B,SRI3,1483,-2.5981234827901742,0.0,-0.9015087758568523,0.8744776660833405,27408273.641698122,27.408273641698123,0.9991461201835842,0.9392677980574234
S_Q4,27,B,SRI3,1502,-3.396722292400576,0.0,-1.3639254678733126,0.8593127980317163,8224255.947451131,8.224255947451132,0.9987547586010602,0.9392677980574234
S_Q4,27,B,SRI6,2,-2.88085608715474,0.0,-0.7691898012462048,0.8243038421096642,52127653.87095169,52.12765387095169,0.9995019034404241,0.9392677980574234
S_Q4,27,B,SRI6,203,-0.5800651278380755,0.0,-1.4333858116251808,0.9873579503951412,750055.0837837973,0.7500550837837974,0.9977585654819084,0.9392677980574234
S_Q4,27,B,SRI6,253,-1.4384476331617795,0.0,-0.7054997712153708,0.8410372078239481,56918186.68030489,56.91818668030489,0.9995374817661081,0.9392677980574234
S_Q4,27,B,SRI6,494,-2.015504573009793,0.0,-1.1150556348997762,0.991120139484089,1292350.317956669,1.292350317956669,0.9977941438075925,0.9392677980574234
S_Q4,27,B,SRI6,602,-0.7917848413957377,0.0,-1.3511413157401067,0.9203451236226935,5040532.189861385,5.040532189861385,0.9984345536699043,0.9392677980574234
S_Q4,27,B,SRI6,603,-1.9286298356628981,0.0,-1.1150556348997762,0.9213921302513667,10384895.240020094,10.384895240020095,0.9986124452983242,0.9392677980574234
S_Q4,27,B,SRI6,857,-4.0,0.0,-1.1725012585875583,0.8923123159123831,11960161.819001313,11.960161819001314,0.9989682285551642,0.9392677980574234
S_Q4,27,B,SRI6,897,0.0,0.0,-0.71150469973947,0.8861833044684101,40045557.28116824,40.045557281168236,0.9993951684633721,0.9392677980574234
S_Q4,27,B,SRI6,1017,-2.334204491667987,0.0,-0.7889047607857591,0.8881897478673016,31161850.28181475,31.16185028181475,0.9991461201835842,0.9392677980574234
S_Q4,27,B,SRI6,1245,-0.32961717958504605,0.0,-1.3618362266401305,0.7994353872611404,12324956.259825027,12.324956259825026,0.9991105418579002,0.9392677980574234
S_Q4,27,B,SRI6,1441,-2.5988896603602445,0.0,-0.8437684232104313,0.8487966385817998,35509480.360441566,35.509480360441565,0.9991816985092682,0.9392677980574234
S_Q4,27,B,SRI6,1570,-0.008399505232060678,0.0,-0.7675025712941888,0.8734244535384326,37794298.536911234,37.794298536911235,0.9992884334863201,0.9392677980574234
S_Q4,27,B,SRI6,1609,-0.05974352974376229,0.0,-0.8376888533299338,0.8414263778805503,37689231.710838065,37.689231710838065,0.9992528551606362,0.9392677980574234
S_Q4,27,B,SRI6,1662,-3.9376678621017907,0.0,-1.193521049211613,0.9228386173260922,8273743.979381748,8.273743979381747,0.9985768669726404,0.9392677980574234
S_Q4,27,B,SRI12,27,-0.046764125244702415,0.0,-1.422618008549935,0.8669345089390256,7337376.945140667,7.337376945140667,0.9990038068808481,0.9392677980574234
S_Q4,27,B,SRI12,139,-0.03179353620986003,0.0,-0.6395372651274774,0.7005515028423953,119115523.9184719,119.11552391847191,0.9995374817661081,0.9392677980574234
S_Q4,27,B,SRI12,272,-2.2920291703762046,0.0,-2.147203730919213,0.8916813734200972,729374.855757896,0.729374855757896,0.9979008787846444,0.9392677980574234
S_Q4,27,B,SRI12,285,-2.720473729662544,0.0,-2.158988833930108,0.93072455088392,514923.0354022455,0.5149230354022455,0.9977941438075925,0.9392677980574234
S_Q4,27,B,SRI12,299,-1.9236126832780653,0.0,0.0,0.8002768442504843,248611567.63266852,248.61156763266854,0.9996442167431602,0.9392677980574234
S_Q4,27,B,SRI12,456,-0.015177241712052814,0.0,-1.8095408108296356,0.7,6283346.152875036,6.283346152875036,0.9987547586010602,0.9392677980574234
S_Q4,27,B,SRI12,604,-5.165319543297842e-05,0.0,-1.642185121976811,0.9111676299982846,2870584.9805903793,2.870584980590379,0.9984701319955883,0.9392677980574234
S_Q4,27,B,SRI12,672,-0.013186456830039432,0.0,-2.2880752833369677,0.7116683724951071,976606.856116509,0.976606856116509,0.9979364571103283,0.9392677980574234
S_Q4,27,B,SRI12,675,-0.17946227784247462,0.0,-1.637687770099772,0.7508952810609795,7807213.417908035,7.807213417908035,0.9991105418579002,0.9392677980574234
S_Q4,27,B,SRI12,691,-0.1619525161444965,0.0,-2.709174830506867,0.7523385770365985,134414.91250000006,0.13441491250000007,0.9977229871562244,0.9392677980574234
S_Q4,27,B,SRI12,715,-0.013186456830039432,0.0,-0.66981956359473,0.7116864036254791,107161018.14469253,107.16101814469252,0.9993240118120041,0.9392677980574234
S_Q4,27,B,SRI12,807,-2.250789009450514,0.0,-1.751303540089468,0.7373578578574965,6681389.6214562515,6.681389621456251,0.9987903369267442,0.9392677980574234
S_Q4,27,B,SRI12,808,0.0,18.284741597641613,0.0,0.7,4730355245.394147,4730.355245394147,0.999679795068844,0.9385206532180597
S_Q4,27,B,SRI12,811,-2.9014334145202607,0.0,-2.1916639025996667,0.7159910257893305,1633644.772253275,1.633644772253275,0.9981499270644323,0.9392677980574234
S_Q4,27,B,SRI12,1047,-1.653665366036274,0.0,-2.481179660763866,0.9228229295748339,230599.81282033664,0.23059981282033665,0.9977585654819084,0.9392677980574234
S_Q4,27,B,SRI12,1291,-3.950815840743571,0.0,-2.1993455383625986,0.7089952984060895,1670573.8989218874,1.6705738989218875,0.9981855053901164,0.9392677980574234
