indicator,period,date_range,candidate_policy_count,oos_pareto_policy_count,oos_scenario_count,aggregation,source_cache
SRI3,A,2020–2040,493,303,108,mean across all 108 OOS scenarios,/home/groups/smfletch/keaniw/MAIPO_PYWR/MAIPO_outputs_NATWAT_3obj_2paramGamma_disc0_rerun_Sep16_MIN_DeCost/out_of_sample/simulation_cache/SRI3_A_oos_performance.npz
SRI6,A,2020–2040,398,228,108,mean across all 108 OOS scenarios,/home/groups/smfletch/keaniw/MAIPO_PYWR/MAIPO_outputs_NATWAT_3obj_2paramGamma_disc0_rerun_Sep16_MIN_DeCost/out_of_sample/simulation_cache/SRI6_A_oos_performance.npz
SRI12,A,2020–2040,390,215,108,mean across all 108 OOS scenarios,/home/groups/smfletch/keaniw/MAIPO_PYWR/MAIPO_outputs_NATWAT_3obj_2paramGamma_disc0_rerun_Sep16_MIN_DeCost/out_of_sample/simulation_cache/SRI12_A_oos_performance.npz
SPI3,A,2020–2040,538,274,108,mean across all 108 OOS scenarios,/home/groups/smfletch/keaniw/MAIPO_PYWR/MAIPO_outputs_NATWAT_3obj_2paramGamma_disc0_rerun_Sep16_MIN_DeCost/out_of_sample/simulation_cache/SPI3_A_oos_performance.npz
SPI6,A,2020–2040,601,354,108,mean across all 108 OOS scenarios,/home/groups/smfletch/keaniw/MAIPO_PYWR/MAIPO_outputs_NATWAT_3obj_2paramGamma_disc0_rerun_Sep16_MIN_DeCost/out_of_sample/simulation_cache/SPI6_A_oos_performance.npz
SPI12,A,2020–2040,522,336,108,mean across all 108 OOS scenarios,/home/groups/smfletch/keaniw/MAIPO_PYWR/MAIPO_outputs_NATWAT_3obj_2paramGamma_disc0_rerun_Sep16_MIN_DeCost/out_of_sample/simulation_cache/SPI12_A_oos_performance.npz
SRI3,B,2080–2100,1630,644,108,mean across all 108 OOS scenarios,/home/groups/smfletch/keaniw/MAIPO_PYWR/MAIPO_outputs_NATWAT_3obj_2paramGamma_disc0_rerun_Sep16_MIN_DeCost/out_of_sample/simulation_cache/SRI3_B_oos_performance.npz
SRI6,B,2080–2100,1674,805,108,mean across all 108 OOS scenarios,/home/groups/smfletch/keaniw/MAIPO_PYWR/MAIPO_outputs_NATWAT_3obj_2paramGamma_disc0_rerun_Sep16_MIN_DeCost/out_of_sample/simulation_cache/SRI6_B_oos_performance.npz
SRI12,B,2080–2100,1795,738,108,mean across all 108 OOS scenarios,/home/groups/smfletch/keaniw/MAIPO_PYWR/MAIPO_outputs_NATWAT_3obj_2paramGamma_disc0_rerun_Sep16_MIN_DeCost/out_of_sample/simulation_cache/SRI12_B_oos_performance.npz
SPI3,B,2080–2100,794,522,108,mean across all 108 OOS scenarios,/home/groups/smfletch/keaniw/MAIPO_PYWR/MAIPO_outputs_NATWAT_3obj_2paramGamma_disc0_rerun_Sep16_MIN_DeCost/out_of_sample/simulation_cache/SPI3_B_oos_performance.npz
SPI6,B,2080–2100,800,555,108,mean across all 108 OOS scenarios,/home/groups/smfletch/keaniw/MAIPO_PYWR/MAIPO_outputs_NATWAT_3obj_2paramGamma_disc0_rerun_Sep16_MIN_DeCost/out_of_sample/simulation_cache/SPI6_B_oos_performance.npz
SPI12,B,2080–2100,738,525,108,mean across all 108 OOS scenarios,/home/groups/smfletch/keaniw/MAIPO_PYWR/MAIPO_outputs_NATWAT_3obj_2paramGamma_disc0_rerun_Sep16_MIN_DeCost/out_of_sample/simulation_cache/SPI12_B_oos_performance.npz
