deterministic_rank,scenario_name,mean_glacier_melt_2080_2099_mm3,selected_lowest_10,selection_boundary_value_mm3,boundary_tie_count,tie_break_rule
1,ACCESS-CM2_ssp585_scen02_no_drought_pert,0.0,1,0.0,12,"ascending glacier metric, then scenario name"
2,CNRM-CM6-1_ssp370_scen01_no_drought_pert,0.0,1,0.0,12,"ascending glacier metric, then scenario name"
3,CNRM-CM6-1_ssp370_scen02_no_drought_pert,0.0,1,0.0,12,"ascending glacier metric, then scenario name"
4,CNRM-CM6-1_ssp370_scen03_no_drought_pert,0.0,1,0.0,12,"ascending glacier metric, then scenario name"
5,CNRM-CM6-1_ssp585_scen01_no_drought_pert,0.0,1,0.0,12,"ascending glacier metric, then scenario name"
6,CNRM-CM6-1_ssp585_scen02_no_drought_pert,0.0,1,0.0,12,"ascending glacier metric, then scenario name"
7,CNRM-CM6-1_ssp585_scen03_no_drought_pert,0.0,1,0.0,12,"ascending glacier metric, then scenario name"
8,MIROC6_ssp585_scen02_no_drought_pert,0.0,1,0.0,12,"ascending glacier metric, then scenario name"
9,MIROC6_ssp585_scen03_no_drought_pert,0.0,1,0.0,12,"ascending glacier metric, then scenario name"
10,MRI-ESM2-0_ssp585_scen01_no_drought_pert,0.0,1,0.0,12,"ascending glacier metric, then scenario name"
11,MRI-ESM2-0_ssp585_scen02_no_drought_pert,0.0,0,0.0,12,"ascending glacier metric, then scenario name"
12,MRI-ESM2-0_ssp585_scen03_no_drought_pert,0.0,0,0.0,12,"ascending glacier metric, then scenario name"
13,MIROC6_ssp585_scen01_no_drought_pert,0.791225401011189,0,0.0,12,"ascending glacier metric, then scenario name"
14,CNRM-CM6-1_ssp245_scen03_no_drought_pert,5.9838123434765205,0,0.0,12,"ascending glacier metric, then scenario name"
15,MPI-ESM1-2-LR_ssp585_scen02_no_drought_pert,8.642770566918086,0,0.0,12,"ascending glacier metric, then scenario name"
16,ACCESS-CM2_ssp585_scen01_no_drought_pert,10.43563075208941,0,0.0,12,"ascending glacier metric, then scenario name"
17,ACCESS-CM2_ssp585_scen03_no_drought_pert,10.477439445768455,0,0.0,12,"ascending glacier metric, then scenario name"
18,MPI-ESM1-2-LR_ssp585_scen01_no_drought_pert,25.253864795011783,0,0.0,12,"ascending glacier metric, then scenario name"
19,CNRM-CM6-1_ssp245_scen01_no_drought_pert,29.85150514490918,0,0.0,12,"ascending glacier metric, then scenario name"
20,MPI-ESM1-2-LR_ssp585_scen03_no_drought_pert,30.360199671333636,0,0.0,12,"ascending glacier metric, then scenario name"
21,ACCESS-CM2_ssp370_scen03_no_drought_pert,31.941281359366986,0,0.0,12,"ascending glacier metric, then scenario name"
22,ACCESS-CM2_ssp370_scen01_no_drought_pert,39.689685591427576,0,0.0,12,"ascending glacier metric, then scenario name"
23,CNRM-CM6-1_ssp245_scen02_no_drought_pert,52.738038497419865,0,0.0,12,"ascending glacier metric, then scenario name"
24,MPI-ESM1-2-LR_ssp370_scen03_no_drought_pert,75.70919815188488,0,0.0,12,"ascending glacier metric, then scenario name"
25,ACCESS-CM2_ssp370_scen02_no_drought_pert,87.7553777970795,0,0.0,12,"ascending glacier metric, then scenario name"
26,MIROC6_ssp370_scen01_no_drought_pert,126.24531004685909,0,0.0,12,"ascending glacier metric, then scenario name"
27,MPI-ESM1-2-LR_ssp370_scen02_no_drought_pert,131.1373266917609,0,0.0,12,"ascending glacier metric, then scenario name"
28,MIROC-ES2L_ssp585_scen02_no_drought_pert,131.2504741443085,0,0.0,12,"ascending glacier metric, then scenario name"
29,MIROC6_ssp370_scen02_no_drought_pert,132.23548350359783,0,0.0,12,"ascending glacier metric, then scenario name"
30,MIROC-ES2L_ssp585_scen01_no_drought_pert,132.89451248082216,0,0.0,12,"ascending glacier metric, then scenario name"
31,MRI-ESM2-0_ssp370_scen02_no_drought_pert,137.35414471454126,0,0.0,12,"ascending glacier metric, then scenario name"
32,MPI-ESM1-2-LR_ssp370_scen01_no_drought_pert,138.89157561899836,0,0.0,12,"ascending glacier metric, then scenario name"
33,MRI-ESM2-0_ssp370_scen03_no_drought_pert,167.33707966884236,0,0.0,12,"ascending glacier metric, then scenario name"
34,MPI-ESM1-2-LR_ssp245_scen01_no_drought_pert,175.72667508428577,0,0.0,12,"ascending glacier metric, then scenario name"
35,MPI-ESM1-2-LR_ssp245_scen03_no_drought_pert,180.87185996373333,0,0.0,12,"ascending glacier metric, then scenario name"
36,MRI-ESM2-0_ssp370_scen01_no_drought_pert,187.82786820897024,0,0.0,12,"ascending glacier metric, then scenario name"
37,INM-CM4-8_ssp585_scen01_no_drought_pert,197.22147122731167,0,0.0,12,"ascending glacier metric, then scenario name"
38,INM-CM4-8_ssp585_scen03_no_drought_pert,206.20426850402725,0,0.0,12,"ascending glacier metric, then scenario name"
39,MIROC6_ssp245_scen01_no_drought_pert,215.7062484600176,0,0.0,12,"ascending glacier metric, then scenario name"
40,MIROC-ES2L_ssp585_scen03_no_drought_pert,218.30261901229517,0,0.0,12,"ascending glacier metric, then scenario name"
41,NorESM2-MM_ssp585_scen03_no_drought_pert,219.32134885387867,0,0.0,12,"ascending glacier metric, then scenario name"
42,NorESM2-MM_ssp370_scen03_no_drought_pert,221.2874455148211,0,0.0,12,"ascending glacier metric, then scenario name"
43,MIROC6_ssp245_scen03_no_drought_pert,227.28888149616753,0,0.0,12,"ascending glacier metric, then scenario name"
44,MIROC6_ssp370_scen03_no_drought_pert,230.2777910094621,0,0.0,12,"ascending glacier metric, then scenario name"
45,MIROC6_ssp245_scen02_no_drought_pert,231.4889997051729,0,0.0,12,"ascending glacier metric, then scenario name"
46,MRI-ESM2-0_ssp245_scen03_no_drought_pert,237.96108151913856,0,0.0,12,"ascending glacier metric, then scenario name"
47,MPI-ESM1-2-LR_ssp245_scen02_no_drought_pert,251.42499436823402,0,0.0,12,"ascending glacier metric, then scenario name"
48,NorESM2-MM_ssp370_scen01_no_drought_pert,256.1960267604931,0,0.0,12,"ascending glacier metric, then scenario name"
49,CNRM-CM6-1_ssp126_scen02_no_drought_pert,262.689723122673,0,0.0,12,"ascending glacier metric, then scenario name"
50,MRI-ESM2-0_ssp245_scen02_no_drought_pert,264.6098590023506,0,0.0,12,"ascending glacier metric, then scenario name"
51,MRI-ESM2-0_ssp245_scen01_no_drought_pert,269.53489757949325,0,0.0,12,"ascending glacier metric, then scenario name"
52,NorESM2-MM_ssp585_scen02_no_drought_pert,276.68951517723275,0,0.0,12,"ascending glacier metric, then scenario name"
53,INM-CM5-0_ssp585_scen03_no_drought_pert,282.88395649011954,0,0.0,12,"ascending glacier metric, then scenario name"
54,INM-CM5-0_ssp585_scen02_no_drought_pert,283.3732190922642,0,0.0,12,"ascending glacier metric, then scenario name"
55,CNRM-CM6-1_ssp126_scen03_no_drought_pert,286.4851306307989,0,0.0,12,"ascending glacier metric, then scenario name"
56,NorESM2-MM_ssp370_scen02_no_drought_pert,287.3505551982015,0,0.0,12,"ascending glacier metric, then scenario name"
57,CNRM-CM6-1_ssp126_scen01_no_drought_pert,287.91310465181,0,0.0,12,"ascending glacier metric, then scenario name"
58,ACCESS-CM2_ssp245_scen01_no_drought_pert,317.34794122015387,0,0.0,12,"ascending glacier metric, then scenario name"
59,INM-CM5-0_ssp585_scen01_no_drought_pert,318.1998935458221,0,0.0,12,"ascending glacier metric, then scenario name"
60,NorESM2-MM_ssp245_scen03_no_drought_pert,327.66391964372195,0,0.0,12,"ascending glacier metric, then scenario name"
61,NorESM2-MM_ssp585_scen01_no_drought_pert,334.41880260293624,0,0.0,12,"ascending glacier metric, then scenario name"
62,INM-CM4-8_ssp585_scen02_no_drought_pert,337.35866912162214,0,0.0,12,"ascending glacier metric, then scenario name"
63,INM-CM5-0_ssp370_scen03_no_drought_pert,357.1497617158159,0,0.0,12,"ascending glacier metric, then scenario name"
64,MIROC-ES2L_ssp370_scen03_no_drought_pert,374.77227646937826,0,0.0,12,"ascending glacier metric, then scenario name"
65,MIROC-ES2L_ssp370_scen02_no_drought_pert,376.72090521792785,0,0.0,12,"ascending glacier metric, then scenario name"
66,NorESM2-MM_ssp245_scen02_no_drought_pert,390.3348750390093,0,0.0,12,"ascending glacier metric, then scenario name"
67,ACCESS-CM2_ssp245_scen03_no_drought_pert,408.69960040660095,0,0.0,12,"ascending glacier metric, then scenario name"
68,ACCESS-CM2_ssp245_scen02_no_drought_pert,455.2692666351504,0,0.0,12,"ascending glacier metric, then scenario name"
69,INM-CM5-0_ssp370_scen01_no_drought_pert,457.2746069045479,0,0.0,12,"ascending glacier metric, then scenario name"
70,NorESM2-MM_ssp245_scen01_no_drought_pert,463.7173881542495,0,0.0,12,"ascending glacier metric, then scenario name"
71,MIROC-ES2L_ssp370_scen01_no_drought_pert,490.9204434880238,0,0.0,12,"ascending glacier metric, then scenario name"
72,INM-CM5-0_ssp370_scen02_no_drought_pert,518.2716045444921,0,0.0,12,"ascending glacier metric, then scenario name"
73,MIROC6_ssp126_scen03_no_drought_pert,575.4582397126031,0,0.0,12,"ascending glacier metric, then scenario name"
74,ACCESS-CM2_ssp126_scen03_no_drought_pert,577.0495671179293,0,0.0,12,"ascending glacier metric, then scenario name"
75,MPI-ESM1-2-LR_ssp126_scen01_no_drought_pert,578.4269879189479,0,0.0,12,"ascending glacier metric, then scenario name"
76,MIROC6_ssp126_scen01_no_drought_pert,581.6308216159334,0,0.0,12,"ascending glacier metric, then scenario name"
77,INM-CM4-8_ssp370_scen01_no_drought_pert,584.7513810480921,0,0.0,12,"ascending glacier metric, then scenario name"
78,MIROC6_ssp126_scen02_no_drought_pert,647.8197413399772,0,0.0,12,"ascending glacier metric, then scenario name"
79,MIROC-ES2L_ssp245_scen01_no_drought_pert,651.2291029703912,0,0.0,12,"ascending glacier metric, then scenario name"
80,INM-CM4-8_ssp370_scen03_no_drought_pert,673.4737412149698,0,0.0,12,"ascending glacier metric, then scenario name"
81,MIROC-ES2L_ssp245_scen03_no_drought_pert,699.1215291822701,0,0.0,12,"ascending glacier metric, then scenario name"
82,ACCESS-CM2_ssp126_scen01_no_drought_pert,704.2427421814489,0,0.0,12,"ascending glacier metric, then scenario name"
83,MPI-ESM1-2-LR_ssp126_scen03_no_drought_pert,709.2357211748107,0,0.0,12,"ascending glacier metric, then scenario name"
84,INM-CM5-0_ssp245_scen02_no_drought_pert,752.6521254552465,0,0.0,12,"ascending glacier metric, then scenario name"
85,ACCESS-CM2_ssp126_scen02_no_drought_pert,760.783297287097,0,0.0,12,"ascending glacier metric, then scenario name"
86,MPI-ESM1-2-LR_ssp126_scen02_no_drought_pert,773.9590573900292,0,0.0,12,"ascending glacier metric, then scenario name"
87,MIROC-ES2L_ssp245_scen02_no_drought_pert,799.7044791174764,0,0.0,12,"ascending glacier metric, then scenario name"
88,MRI-ESM2-0_ssp126_scen01_no_drought_pert,814.6388468416687,0,0.0,12,"ascending glacier metric, then scenario name"
89,MRI-ESM2-0_ssp126_scen03_no_drought_pert,841.7772057805059,0,0.0,12,"ascending glacier metric, then scenario name"
90,INM-CM5-0_ssp245_scen03_no_drought_pert,856.602612186052,0,0.0,12,"ascending glacier metric, then scenario name"
91,INM-CM5-0_ssp245_scen01_no_drought_pert,856.8493810338134,0,0.0,12,"ascending glacier metric, then scenario name"
92,INM-CM4-8_ssp370_scen02_no_drought_pert,861.0859592926004,0,0.0,12,"ascending glacier metric, then scenario name"
93,MIROC-ES2L_ssp126_scen02_no_drought_pert,909.34766906031,0,0.0,12,"ascending glacier metric, then scenario name"
94,MIROC-ES2L_ssp126_scen01_no_drought_pert,947.9141054925885,0,0.0,12,"ascending glacier metric, then scenario name"
95,MIROC-ES2L_ssp126_scen03_no_drought_pert,983.3857136908296,0,0.0,12,"ascending glacier metric, then scenario name"
96,NorESM2-MM_ssp126_scen03_no_drought_pert,1006.9755059370107,0,0.0,12,"ascending glacier metric, then scenario name"
97,MRI-ESM2-0_ssp126_scen02_no_drought_pert,1013.135990120642,0,0.0,12,"ascending glacier metric, then scenario name"
98,NorESM2-MM_ssp126_scen02_no_drought_pert,1042.9163268191471,0,0.0,12,"ascending glacier metric, then scenario name"
99,NorESM2-MM_ssp126_scen01_no_drought_pert,1053.6829096560277,0,0.0,12,"ascending glacier metric, then scenario name"
100,INM-CM4-8_ssp245_scen01_no_drought_pert,1128.5474477690454,0,0.0,12,"ascending glacier metric, then scenario name"
101,INM-CM5-0_ssp126_scen02_no_drought_pert,1140.1916802594885,0,0.0,12,"ascending glacier metric, then scenario name"
102,INM-CM5-0_ssp126_scen01_no_drought_pert,1159.8363030157834,0,0.0,12,"ascending glacier metric, then scenario name"
103,INM-CM4-8_ssp126_scen02_no_drought_pert,1160.5610123441859,0,0.0,12,"ascending glacier metric, then scenario name"
104,INM-CM4-8_ssp245_scen02_no_drought_pert,1181.4335769737722,0,0.0,12,"ascending glacier metric, then scenario name"
105,INM-CM5-0_ssp126_scen03_no_drought_pert,1260.09877604672,0,0.0,12,"ascending glacier metric, then scenario name"
106,INM-CM4-8_ssp245_scen03_no_drought_pert,1399.8332151837474,0,0.0,12,"ascending glacier metric, then scenario name"
107,INM-CM4-8_ssp126_scen03_no_drought_pert,1484.6699190835564,0,0.0,12,"ascending glacier metric, then scenario name"
108,INM-CM4-8_ssp126_scen01_no_drought_pert,1492.3888577646678,0,0.0,12,"ascending glacier metric, then scenario name"
