rank,scenario_name,scenario_index,mean_glacier_melt_2080_2099_mm3,SRI12_contract_threshold,SRI12_demand_threshold,SPI12_contract_threshold,SPI12_demand_threshold,SRI12_total_contracts,SPI12_total_contracts,SRI12_total_demand_restriction_mm3,SPI12_total_demand_restriction_mm3,SRI12_final_urban_reliability,SPI12_final_urban_reliability
1,ACCESS-CM2_ssp585_scen02_no_drought_pert,10,0.0,-0.0033627942256115873,0.0,0.0,-0.0010715088276755038,1618897.262174836,1233777.1192746414,1444.2634841839147,1057.5710627409167,0.9260326609029779,0.8703170028818443
2,CNRM-CM6-1_ssp370_scen01_no_drought_pert,18,0.0,-0.0033627942256115873,0.0,0.0,-0.0010715088276755038,1618897.262174836,1180224.1892226534,1374.641122710535,1049.8564584623819,0.803073967339097,0.7310278578290106
3,CNRM-CM6-1_ssp370_scen02_no_drought_pert,19,0.0,-0.0033627942256115873,0.0,0.0,-0.0010715088276755038,1996156.2912603929,1445929.1114036697,1697.8792537101008,1221.1188819256522,0.8559077809798271,0.7540826128722382
4,CNRM-CM6-1_ssp370_scen03_no_drought_pert,20,0.0,-0.0033627942256115873,0.0,0.0,-0.0010715088276755038,1295532.380101501,749741.0207278288,1108.3105805157181,626.7294197845197,0.7848222862632085,0.712776176753122
5,CNRM-CM6-1_ssp585_scen01_no_drought_pert,21,0.0,-0.0033627942256115873,0.0,0.0,-0.0010715088276755038,2103944.5852848375,1606587.901559633,1789.921447365058,1296.9827923931994,0.8261287223823247,0.7454370797310279
6,CNRM-CM6-1_ssp585_scen02_no_drought_pert,22,0.0,-0.0033627942256115873,0.0,0.0,-0.0010715088276755038,1996156.2912603929,1713693.7616636085,1677.799574088479,1354.5699557577718,0.7896253602305475,0.7636887608069164
7,CNRM-CM6-1_ssp585_scen03_no_drought_pert,23,0.0,-0.0033627942256115873,0.0,0.0,-0.0010715088276755038,1834473.8502237257,1394435.9094306044,1558.952893264763,1227.7569935652882,0.7598463016330451,0.7243035542747358
8,MIROC6_ssp585_scen02_no_drought_pert,70,0.0,-0.0033627942256115873,0.0,0.0,-0.0010715088276755038,1942262.1442481705,963952.7409357799,1637.0114067271088,890.3091362311534,0.8001921229586936,0.5629202689721422
9,MIROC6_ssp585_scen03_no_drought_pert,71,0.0,-0.0033627942256115873,0.0,0.0,-0.0010715088276755038,1780579.703211503,1394435.9094306044,1504.1941539931713,1204.3687239410424,0.7070124879923151,0.6628242074927955
10,MRI-ESM2-0_ssp585_scen01_no_drought_pert,93,0.0,-0.0033627942256115873,0.0,0.0,-0.0010715088276755038,1565003.1151626133,1340882.979378617,1340.7183200046884,1158.8605557874134,0.8789625360230547,0.8309317963496639
