scenario,temperature_source,precipitation_source,final_20yr_temperature_LBR_2375,final_20yr_precipitation_LBR_2375,final_20yr_streamflow,final_20yr_glacier_times_0pt017,temperature_available,P_Q1,P_Q2,P_Q3,P_Q4,T_Q1,T_Q2,T_Q3,T_Q4,S_Q1,S_Q2,S_Q3,S_Q4,G_Q1,G_Q2,G_Q3,G_Q4
ACCESS-CM2_ssp126_scen01_no_drought_pert,/home/groups/smfletch/keaniw/MAIPO_PYWR/data/knn_weap_transient_no_drought_pert/temp_transient_ACCESS-CM2_ssp126_scen01_1979_2099.csv,/home/groups/smfletch/keaniw/MAIPO_PYWR/data/knn_weap_transient_no_drought_pert/precip_transient_ACCESS-CM2_ssp126_scen01_1979_2099.csv,8.24675869312,12.3586823229,82.0719846897,11.9707138223,1,0,0,0,1,0,1,0,0,0,0,0,1,0,0,0,1
ACCESS-CM2_ssp126_scen02_no_drought_pert,/home/groups/smfletch/keaniw/MAIPO_PYWR/data/knn_weap_transient_no_drought_pert/temp_transient_ACCESS-CM2_ssp126_scen02_1979_2099.csv,/home/groups/smfletch/keaniw/MAIPO_PYWR/data/knn_weap_transient_no_drought_pert/precip_transient_ACCESS-CM2_ssp126_scen02_1979_2099.csv,8.33252867468,10.9659865924,80.8394228999,12.9349685549,1,0,0,1,0,0,1,0,0,0,0,0,1,0,0,0,1
ACCESS-CM2_ssp126_scen03_no_drought_pert,/home/groups/smfletch/keaniw/MAIPO_PYWR/data/knn_weap_transient_no_drought_pert/temp_transient_ACCESS-CM2_ssp126_scen03_1979_2099.csv,/home/groups/smfletch/keaniw/MAIPO_PYWR/data/knn_weap_transient_no_drought_pert/precip_transient_ACCESS-CM2_ssp126_scen03_1979_2099.csv,8.29778038426,11.3265292942,72.6548113358,9.80955427727,1,0,0,0,1,0,1,0,0,0,0,1,0,0,0,1,0
ACCESS-CM2_ssp245_scen01_no_drought_pert,/home/groups/smfletch/keaniw/MAIPO_PYWR/data/knn_weap_transient_no_drought_pert/temp_transient_ACCESS-CM2_ssp245_scen01_1979_2099.csv,/home/groups/smfletch/keaniw/MAIPO_PYWR/data/knn_weap_transient_no_drought_pert/precip_transient_ACCESS-CM2_ssp245_scen01_1979_2099.csv,9.25488697467,10.7101243582,63.1061292474,5.39747082821,1,0,0,1,0,0,0,1,0,0,0,1,0,0,0,1,0
ACCESS-CM2_ssp245_scen02_no_drought_pert,/home/groups/smfletch/keaniw/MAIPO_PYWR/data/knn_weap_transient_no_drought_pert/temp_transient_ACCESS-CM2_ssp245_scen02_1979_2099.csv,/home/groups/smfletch/keaniw/MAIPO_PYWR/data/knn_weap_transient_no_drought_pert/precip_transient_ACCESS-CM2_ssp245_scen02_1979_2099.csv,9.35690774515,11.3910828404,70.3582153793,7.74313774524,1,0,0,0,1,0,0,1,0,0,0,1,0,0,0,1,0
ACCESS-CM2_ssp245_scen03_no_drought_pert,/home/groups/smfletch/keaniw/MAIPO_PYWR/data/knn_weap_transient_no_drought_pert/temp_transient_ACCESS-CM2_ssp245_scen03_1979_2099.csv,/home/groups/smfletch/keaniw/MAIPO_PYWR/data/knn_weap_transient_no_drought_pert/precip_transient_ACCESS-CM2_ssp245_scen03_1979_2099.csv,9.26225573854,11.0236063563,64.4929713079,6.95101055641,1,0,0,1,0,0,0,1,0,0,0,1,0,0,0,1,0
ACCESS-CM2_ssp370_scen01_no_drought_pert,/home/groups/smfletch/keaniw/MAIPO_PYWR/data/knn_weap_transient_no_drought_pert/temp_transient_ACCESS-CM2_ssp370_scen01_1979_2099.csv,/home/groups/smfletch/keaniw/MAIPO_PYWR/data/knn_weap_transient_no_drought_pert/precip_transient_ACCESS-CM2_ssp370_scen01_1979_2099.csv,10.2988363476,12.4202165759,53.0619239329,0.677136451358,1,0,0,0,1,0,0,0,1,0,1,0,0,1,0,0,0
ACCESS-CM2_ssp370_scen02_no_drought_pert,/home/groups/smfletch/keaniw/MAIPO_PYWR/data/knn_weap_transient_no_drought_pert/temp_transient_ACCESS-CM2_ssp370_scen02_1979_2099.csv,/home/groups/smfletch/keaniw/MAIPO_PYWR/data/knn_weap_transient_no_drought_pert/precip_transient_ACCESS-CM2_ssp370_scen02_1979_2099.csv,10.5496466712,12.4037598374,59.9730289983,1.49489076076,1,0,0,0,1,0,0,0,1,0,0,1,0,1,0,0,0
ACCESS-CM2_ssp370_scen03_no_drought_pert,/home/groups/smfletch/keaniw/MAIPO_PYWR/data/knn_weap_transient_no_drought_pert/temp_transient_ACCESS-CM2_ssp370_scen03_1979_2099.csv,/home/groups/smfletch/keaniw/MAIPO_PYWR/data/knn_weap_transient_no_drought_pert/precip_transient_ACCESS-CM2_ssp370_scen03_1979_2099.csv,10.4725620478,12.6407564607,55.8293371364,0.544770968043,1,0,0,0,1,0,0,0,1,0,1,0,0,1,0,0,0
ACCESS-CM2_ssp585_scen01_no_drought_pert,/home/groups/smfletch/keaniw/MAIPO_PYWR/data/knn_weap_transient_no_drought_pert/temp_transient_ACCESS-CM2_ssp585_scen01_1979_2099.csv,/home/groups/smfletch/keaniw/MAIPO_PYWR/data/knn_weap_transient_no_drought_pert/precip_transient_ACCESS-CM2_ssp585_scen01_1979_2099.csv,11.4665189642,10.4619026183,49.2339326297,0.178394570805,1,0,0,1,0,0,0,0,1,0,1,0,0,1,0,0,0
ACCESS-CM2_ssp585_scen02_no_drought_pert,/home/groups/smfletch/keaniw/MAIPO_PYWR/data/knn_weap_transient_no_drought_pert/temp_transient_ACCESS-CM2_ssp585_scen02_1979_2099.csv,/home/groups/smfletch/keaniw/MAIPO_PYWR/data/knn_weap_transient_no_drought_pert/precip_transient_ACCESS-CM2_ssp585_scen02_1979_2099.csv,11.391757589,11.4114485396,47.9460406128,8.34594119139e-06,1,0,0,0,1,0,0,0,1,1,0,0,0,1,0,0,0
ACCESS-CM2_ssp585_scen03_no_drought_pert,/home/groups/smfletch/keaniw/MAIPO_PYWR/data/knn_weap_transient_no_drought_pert/temp_transient_ACCESS-CM2_ssp585_scen03_1979_2099.csv,/home/groups/smfletch/keaniw/MAIPO_PYWR/data/knn_weap_transient_no_drought_pert/precip_transient_ACCESS-CM2_ssp585_scen03_1979_2099.csv,11.4785196482,10.2836609324,46.7905888668,0.179437474683,1,0,0,1,0,0,0,0,1,1,0,0,0,1,0,0,0
CNRM-CM6-1_ssp126_scen01_no_drought_pert,/home/groups/smfletch/keaniw/MAIPO_PYWR/data/knn_weap_transient_no_drought_pert/temp_transient_CNRM-CM6-1_ssp126_scen01_1979_2099.csv,/home/groups/smfletch/keaniw/MAIPO_PYWR/data/knn_weap_transient_no_drought_pert/precip_transient_CNRM-CM6-1_ssp126_scen01_1979_2099.csv,8.71311434785,9.03248645513,54.0844928213,4.89617702609,1,0,1,0,0,0,1,0,0,0,1,0,0,0,0,1,0
CNRM-CM6-1_ssp126_scen02_no_drought_pert,/home/groups/smfletch/keaniw/MAIPO_PYWR/data/knn_weap_transient_no_drought_pert/temp_transient_CNRM-CM6-1_ssp126_scen02_1979_2099.csv,/home/groups/smfletch/keaniw/MAIPO_PYWR/data/knn_weap_transient_no_drought_pert/precip_transient_CNRM-CM6-1_ssp126_scen02_1979_2099.csv,8.78025387471,10.8253200356,59.2321856191,4.46660698751,1,0,0,1,0,0,1,0,0,0,0,1,0,0,1,0,0
CNRM-CM6-1_ssp126_scen03_no_drought_pert,/home/groups/smfletch/keaniw/MAIPO_PYWR/data/knn_weap_transient_no_drought_pert/temp_transient_CNRM-CM6-1_ssp126_scen03_1979_2099.csv,/home/groups/smfletch/keaniw/MAIPO_PYWR/data/knn_weap_transient_no_drought_pert/precip_transient_CNRM-CM6-1_ssp126_scen03_1979_2099.csv,8.64681974718,9.36784928144,53.8122474024,4.87188012534,1,0,1,0,0,0,1,0,0,0,1,0,0,0,0,1,0
CNRM-CM6-1_ssp245_scen01_no_drought_pert,/home/groups/smfletch/keaniw/MAIPO_PYWR/data/knn_weap_transient_no_drought_pert/temp_transient_CNRM-CM6-1_ssp245_scen01_1979_2099.csv,/home/groups/smfletch/keaniw/MAIPO_PYWR/data/knn_weap_transient_no_drought_pert/precip_transient_CNRM-CM6-1_ssp245_scen01_1979_2099.csv,9.67399776221,8.7918496742,40.9301408451,0.509417881076,1,1,0,0,0,0,0,1,0,1,0,0,0,1,0,0,0
CNRM-CM6-1_ssp245_scen02_no_drought_pert,/home/groups/smfletch/keaniw/MAIPO_PYWR/data/knn_weap_transient_no_drought_pert/temp_transient_CNRM-CM6-1_ssp245_scen02_1979_2099.csv,/home/groups/smfletch/keaniw/MAIPO_PYWR/data/knn_weap_transient_no_drought_pert/precip_transient_CNRM-CM6-1_ssp245_scen02_1979_2099.csv,9.80883220892,8.87954152141,43.0564199819,0.899235226113,1,1,0,0,0,0,0,1,0,1,0,0,0,1,0,0,0
CNRM-CM6-1_ssp245_scen03_no_drought_pert,/home/groups/smfletch/keaniw/MAIPO_PYWR/data/knn_weap_transient_no_drought_pert/temp_transient_CNRM-CM6-1_ssp245_scen03_1979_2099.csv,/home/groups/smfletch/keaniw/MAIPO_PYWR/data/knn_weap_transient_no_drought_pert/precip_transient_CNRM-CM6-1_ssp245_scen03_1979_2099.csv,9.63974081327,9.70731009046,44.4775539134,0.102460789996,1,0,1,0,0,0,0,1,0,1,0,0,0,1,0,0,0
CNRM-CM6-1_ssp370_scen01_no_drought_pert,/home/groups/smfletch/keaniw/MAIPO_PYWR/data/knn_weap_transient_no_drought_pert/temp_transient_CNRM-CM6-1_ssp370_scen01_1979_2099.csv,/home/groups/smfletch/keaniw/MAIPO_PYWR/data/knn_weap_transient_no_drought_pert/precip_transient_CNRM-CM6-1_ssp370_scen01_1979_2099.csv,10.8046582003,8.51946870957,41.0890596364,0,1,1,0,0,0,0,0,0,1,1,0,0,0,1,0,0,0
CNRM-CM6-1_ssp370_scen02_no_drought_pert,/home/groups/smfletch/keaniw/MAIPO_PYWR/data/knn_weap_transient_no_drought_pert/temp_transient_CNRM-CM6-1_ssp370_scen02_1979_2099.csv,/home/groups/smfletch/keaniw/MAIPO_PYWR/data/knn_weap_transient_no_drought_pert/precip_transient_CNRM-CM6-1_ssp370_scen02_1979_2099.csv,10.6700365557,8.36414209997,38.8275868372,0,1,1,0,0,0,0,0,0,1,1,0,0,0,1,0,0,0
CNRM-CM6-1_ssp370_scen03_no_drought_pert,/home/groups/smfletch/keaniw/MAIPO_PYWR/data/knn_weap_transient_no_drought_pert/temp_transient_CNRM-CM6-1_ssp370_scen03_1979_2099.csv,/home/groups/smfletch/keaniw/MAIPO_PYWR/data/knn_weap_transient_no_drought_pert/precip_transient_CNRM-CM6-1_ssp370_scen03_1979_2099.csv,10.7551721519,8.97326224145,44.0096296174,0,1,0,1,0,0,0,0,0,1,1,0,0,0,1,0,0,0
CNRM-CM6-1_ssp585_scen01_no_drought_pert,/home/groups/smfletch/keaniw/MAIPO_PYWR/data/knn_weap_transient_no_drought_pert/temp_transient_CNRM-CM6-1_ssp585_scen01_1979_2099.csv,/home/groups/smfletch/keaniw/MAIPO_PYWR/data/knn_weap_transient_no_drought_pert/precip_transient_CNRM-CM6-1_ssp585_scen01_1979_2099.csv,11.899914844,6.79826719506,34.0882942193,0,1,1,0,0,0,0,0,0,1,1,0,0,0,1,0,0,0
CNRM-CM6-1_ssp585_scen02_no_drought_pert,/home/groups/smfletch/keaniw/MAIPO_PYWR/data/knn_weap_transient_no_drought_pert/temp_transient_CNRM-CM6-1_ssp585_scen02_1979_2099.csv,/home/groups/smfletch/keaniw/MAIPO_PYWR/data/knn_weap_transient_no_drought_pert/precip_transient_CNRM-CM6-1_ssp585_scen02_1979_2099.csv,11.8072760783,6.90528653839,35.6289952777,0,1,1,0,0,0,0,0,0,1,1,0,0,0,1,0,0,0
CNRM-CM6-1_ssp585_scen03_no_drought_pert,/home/groups/smfletch/keaniw/MAIPO_PYWR/data/knn_weap_transient_no_drought_pert/temp_transient_CNRM-CM6-1_ssp585_scen03_1979_2099.csv,/home/groups/smfletch/keaniw/MAIPO_PYWR/data/knn_weap_transient_no_drought_pert/precip_transient_CNRM-CM6-1_ssp585_scen03_1979_2099.csv,11.8172412631,6.95226849057,35.8093065443,0,1,1,0,0,0,0,0,0,1,1,0,0,0,1,0,0,0
INM-CM4-8_ssp126_scen01_no_drought_pert,/home/groups/smfletch/keaniw/MAIPO_PYWR/data/knn_weap_transient_no_drought_pert/temp_transient_INM-CM4-8_ssp126_scen01_1979_2099.csv,/home/groups/smfletch/keaniw/MAIPO_PYWR/data/knn_weap_transient_no_drought_pert/precip_transient_INM-CM4-8_ssp126_scen01_1979_2099.csv,7.31002529073,12.6653361216,116.566201855,25.3599493307,1,0,0,0,1,1,0,0,0,0,0,0,1,0,0,0,1
INM-CM4-8_ssp126_scen02_no_drought_pert,/home/groups/smfletch/keaniw/MAIPO_PYWR/data/knn_weap_transient_no_drought_pert/temp_transient_INM-CM4-8_ssp126_scen02_1979_2099.csv,/home/groups/smfletch/keaniw/MAIPO_PYWR/data/knn_weap_transient_no_drought_pert/precip_transient_INM-CM4-8_ssp126_scen02_1979_2099.csv,7.36110383035,12.7916068977,100.867279137,19.7197460336,1,0,0,0,1,1,0,0,0,0,0,0,1,0,0,0,1
INM-CM4-8_ssp126_scen03_no_drought_pert,/home/groups/smfletch/keaniw/MAIPO_PYWR/data/knn_weap_transient_no_drought_pert/temp_transient_INM-CM4-8_ssp126_scen03_1979_2099.csv,/home/groups/smfletch/keaniw/MAIPO_PYWR/data/knn_weap_transient_no_drought_pert/precip_transient_INM-CM4-8_ssp126_scen03_1979_2099.csv,7.38044839115,11.4812892913,111.665874649,25.2298931728,1,0,0,0,1,1,0,0,0,0,0,0,1,0,0,0,1
INM-CM4-8_ssp245_scen01_no_drought_pert,/home/groups/smfletch/keaniw/MAIPO_PYWR/data/knn_weap_transient_no_drought_pert/temp_transient_INM-CM4-8_ssp245_scen01_1979_2099.csv,/home/groups/smfletch/keaniw/MAIPO_PYWR/data/knn_weap_transient_no_drought_pert/precip_transient_INM-CM4-8_ssp245_scen01_1979_2099.csv,8.07256518108,10.2828379835,94.9013787339,19.1833166815,1,0,0,1,0,1,0,0,0,0,0,0,1,0,0,0,1
INM-CM4-8_ssp245_scen02_no_drought_pert,/home/groups/smfletch/keaniw/MAIPO_PYWR/data/knn_weap_transient_no_drought_pert/temp_transient_INM-CM4-8_ssp245_scen02_1979_2099.csv,/home/groups/smfletch/keaniw/MAIPO_PYWR/data/knn_weap_transient_no_drought_pert/precip_transient_INM-CM4-8_ssp245_scen02_1979_2099.csv,8.23771981571,10.7807909662,98.6019862901,20.0782896002,1,0,0,1,0,0,1,0,0,0,0,0,1,0,0,0,1
INM-CM4-8_ssp245_scen03_no_drought_pert,/home/groups/smfletch/keaniw/MAIPO_PYWR/data/knn_weap_transient_no_drought_pert/temp_transient_INM-CM4-8_ssp245_scen03_1979_2099.csv,/home/groups/smfletch/keaniw/MAIPO_PYWR/data/knn_weap_transient_no_drought_pert/precip_transient_INM-CM4-8_ssp245_scen03_1979_2099.csv,7.96183426818,11.1746420441,104.509847188,23.7925778624,1,0,0,1,0,1,0,0,0,0,0,0,1,0,0,0,1
INM-CM4-8_ssp370_scen01_no_drought_pert,/home/groups/smfletch/keaniw/MAIPO_PYWR/data/knn_weap_transient_no_drought_pert/temp_transient_INM-CM4-8_ssp370_scen01_1979_2099.csv,/home/groups/smfletch/keaniw/MAIPO_PYWR/data/knn_weap_transient_no_drought_pert/precip_transient_INM-CM4-8_ssp370_scen01_1979_2099.csv,8.94230414237,8.06150642938,62.9094329703,9.94501864817,1,1,0,0,0,0,1,0,0,0,0,1,0,0,0,1,0
INM-CM4-8_ssp370_scen02_no_drought_pert,/home/groups/smfletch/keaniw/MAIPO_PYWR/data/knn_weap_transient_no_drought_pert/temp_transient_INM-CM4-8_ssp370_scen02_1979_2099.csv,/home/groups/smfletch/keaniw/MAIPO_PYWR/data/knn_weap_transient_no_drought_pert/precip_transient_INM-CM4-8_ssp370_scen02_1979_2099.csv,9.17837256506,8.66478815037,77.0017481044,14.6436567392,1,1,0,0,0,0,0,1,0,0,0,1,0,0,0,0,1
INM-CM4-8_ssp370_scen03_no_drought_pert,/home/groups/smfletch/keaniw/MAIPO_PYWR/data/knn_weap_transient_no_drought_pert/temp_transient_INM-CM4-8_ssp370_scen03_1979_2099.csv,/home/groups/smfletch/keaniw/MAIPO_PYWR/data/knn_weap_transient_no_drought_pert/precip_transient_INM-CM4-8_ssp370_scen03_1979_2099.csv,8.98103113281,9.15224916569,69.6026174414,11.4527757099,1,0,1,0,0,0,1,0,0,0,0,1,0,0,0,1,0
INM-CM4-8_ssp585_scen01_no_drought_pert,/home/groups/smfletch/keaniw/MAIPO_PYWR/data/knn_weap_transient_no_drought_pert/temp_transient_INM-CM4-8_ssp585_scen01_1979_2099.csv,/home/groups/smfletch/keaniw/MAIPO_PYWR/data/knn_weap_transient_no_drought_pert/precip_transient_INM-CM4-8_ssp585_scen01_1979_2099.csv,9.53063704797,9.38235274346,50.7007596456,3.35601870135,1,0,1,0,0,0,0,1,0,0,1,0,0,0,1,0,0
INM-CM4-8_ssp585_scen02_no_drought_pert,/home/groups/smfletch/keaniw/MAIPO_PYWR/data/knn_weap_transient_no_drought_pert/temp_transient_INM-CM4-8_ssp585_scen02_1979_2099.csv,/home/groups/smfletch/keaniw/MAIPO_PYWR/data/knn_weap_transient_no_drought_pert/precip_transient_INM-CM4-8_ssp585_scen02_1979_2099.csv,9.46727440617,10.3392732118,60.4630120587,5.73673339281,1,0,0,1,0,0,0,1,0,0,0,1,0,0,0,1,0
INM-CM4-8_ssp585_scen03_no_drought_pert,/home/groups/smfletch/keaniw/MAIPO_PYWR/data/knn_weap_transient_no_drought_pert/temp_transient_INM-CM4-8_ssp585_scen03_1979_2099.csv,/home/groups/smfletch/keaniw/MAIPO_PYWR/data/knn_weap_transient_no_drought_pert/precip_transient_INM-CM4-8_ssp585_scen03_1979_2099.csv,9.52458637747,10.7112316112,56.1006853929,3.50709240414,1,0,0,1,0,0,0,1,0,0,1,0,0,0,1,0,0
INM-CM5-0_ssp126_scen01_no_drought_pert,/home/groups/smfletch/keaniw/MAIPO_PYWR/data/knn_weap_transient_no_drought_pert/temp_transient_INM-CM5-0_ssp126_scen01_1979_2099.csv,/home/groups/smfletch/keaniw/MAIPO_PYWR/data/knn_weap_transient_no_drought_pert/precip_transient_INM-CM5-0_ssp126_scen01_1979_2099.csv,7.09484329879,12.6107766398,101.627589551,19.7096978047,1,0,0,0,1,1,0,0,0,0,0,0,1,0,0,0,1
INM-CM5-0_ssp126_scen02_no_drought_pert,/home/groups/smfletch/keaniw/MAIPO_PYWR/data/knn_weap_transient_no_drought_pert/temp_transient_INM-CM5-0_ssp126_scen02_1979_2099.csv,/home/groups/smfletch/keaniw/MAIPO_PYWR/data/knn_weap_transient_no_drought_pert/precip_transient_INM-CM5-0_ssp126_scen02_1979_2099.csv,7.12003172698,9.91171093011,92.0112979589,19.3784847576,1,0,1,0,0,1,0,0,0,0,0,0,1,0,0,0,1
INM-CM5-0_ssp126_scen03_no_drought_pert,/home/groups/smfletch/keaniw/MAIPO_PYWR/data/knn_weap_transient_no_drought_pert/temp_transient_INM-CM5-0_ssp126_scen03_1979_2099.csv,/home/groups/smfletch/keaniw/MAIPO_PYWR/data/knn_weap_transient_no_drought_pert/precip_transient_INM-CM5-0_ssp126_scen03_1979_2099.csv,7.02688169373,9.77879296595,96.7569863722,21.4164638789,1,0,1,0,0,1,0,0,0,0,0,0,1,0,0,0,1
INM-CM5-0_ssp245_scen01_no_drought_pert,/home/groups/smfletch/keaniw/MAIPO_PYWR/data/knn_weap_transient_no_drought_pert/temp_transient_INM-CM5-0_ssp245_scen01_1979_2099.csv,/home/groups/smfletch/keaniw/MAIPO_PYWR/data/knn_weap_transient_no_drought_pert/precip_transient_INM-CM5-0_ssp245_scen01_1979_2099.csv,7.89819256896,12.7961971951,92.9542491938,14.5620695147,1,0,0,0,1,1,0,0,0,0,0,0,1,0,0,0,1
INM-CM5-0_ssp245_scen02_no_drought_pert,/home/groups/smfletch/keaniw/MAIPO_PYWR/data/knn_weap_transient_no_drought_pert/temp_transient_INM-CM5-0_ssp245_scen02_1979_2099.csv,/home/groups/smfletch/keaniw/MAIPO_PYWR/data/knn_weap_transient_no_drought_pert/precip_transient_INM-CM5-0_ssp245_scen02_1979_2099.csv,8.1390980097,10.934263737,82.3815013027,12.7931174992,1,0,0,1,0,1,0,0,0,0,0,0,1,0,0,0,1
INM-CM5-0_ssp245_scen03_no_drought_pert,/home/groups/smfletch/keaniw/MAIPO_PYWR/data/knn_weap_transient_no_drought_pert/temp_transient_INM-CM5-0_ssp245_scen03_1979_2099.csv,/home/groups/smfletch/keaniw/MAIPO_PYWR/data/knn_weap_transient_no_drought_pert/precip_transient_INM-CM5-0_ssp245_scen03_1979_2099.csv,7.99897273452,11.9357464403,88.8594604004,14.5600836392,1,0,0,0,1,1,0,0,0,0,0,0,1,0,0,0,1
INM-CM5-0_ssp370_scen01_no_drought_pert,/home/groups/smfletch/keaniw/MAIPO_PYWR/data/knn_weap_transient_no_drought_pert/temp_transient_INM-CM5-0_ssp370_scen01_1979_2099.csv,/home/groups/smfletch/keaniw/MAIPO_PYWR/data/knn_weap_transient_no_drought_pert/precip_transient_INM-CM5-0_ssp370_scen01_1979_2099.csv,8.93264346913,11.1136159732,71.019230475,7.77488461298,1,0,0,1,0,0,1,0,0,0,0,1,0,0,0,1,0
INM-CM5-0_ssp370_scen02_no_drought_pert,/home/groups/smfletch/keaniw/MAIPO_PYWR/data/knn_weap_transient_no_drought_pert/temp_transient_INM-CM5-0_ssp370_scen02_1979_2099.csv,/home/groups/smfletch/keaniw/MAIPO_PYWR/data/knn_weap_transient_no_drought_pert/precip_transient_INM-CM5-0_ssp370_scen02_1979_2099.csv,8.95060968861,8.77110096761,61.9685337883,8.81415803476,1,1,0,0,0,0,1,0,0,0,0,1,0,0,0,1,0
INM-CM5-0_ssp370_scen03_no_drought_pert,/home/groups/smfletch/keaniw/MAIPO_PYWR/data/knn_weap_transient_no_drought_pert/temp_transient_INM-CM5-0_ssp370_scen03_1979_2099.csv,/home/groups/smfletch/keaniw/MAIPO_PYWR/data/knn_weap_transient_no_drought_pert/precip_transient_INM-CM5-0_ssp370_scen03_1979_2099.csv,8.84802071896,11.0797218618,64.9595921876,6.07254288213,1,0,0,1,0,0,1,0,0,0,0,1,0,0,0,1,0
INM-CM5-0_ssp585_scen01_no_drought_pert,/home/groups/smfletch/keaniw/MAIPO_PYWR/data/knn_weap_transient_no_drought_pert/temp_transient_INM-CM5-0_ssp585_scen01_1979_2099.csv,/home/groups/smfletch/keaniw/MAIPO_PYWR/data/knn_weap_transient_no_drought_pert/precip_transient_INM-CM5-0_ssp585_scen01_1979_2099.csv,9.1423736275,10.3215611654,60.1554719346,5.41129659686,1,0,0,1,0,0,0,1,0,0,0,1,0,0,0,1,0
INM-CM5-0_ssp585_scen02_no_drought_pert,/home/groups/smfletch/keaniw/MAIPO_PYWR/data/knn_weap_transient_no_drought_pert/temp_transient_INM-CM5-0_ssp585_scen02_1979_2099.csv,/home/groups/smfletch/keaniw/MAIPO_PYWR/data/knn_weap_transient_no_drought_pert/precip_transient_INM-CM5-0_ssp585_scen02_1979_2099.csv,9.07533540961,10.0696217929,59.72422326,4.81923587155,1,0,1,0,0,0,1,0,0,0,0,1,0,0,1,0,0
INM-CM5-0_ssp585_scen03_no_drought_pert,/home/groups/smfletch/keaniw/MAIPO_PYWR/data/knn_weap_transient_no_drought_pert/temp_transient_INM-CM5-0_ssp585_scen03_1979_2099.csv,/home/groups/smfletch/keaniw/MAIPO_PYWR/data/knn_weap_transient_no_drought_pert/precip_transient_INM-CM5-0_ssp585_scen03_1979_2099.csv,8.96740860288,9.67414726083,57.7568532314,4.81080768165,1,0,1,0,0,0,1,0,0,0,1,0,0,0,1,0,0
MIROC-ES2L_ssp126_scen01_no_drought_pert,/home/groups/smfletch/keaniw/MAIPO_PYWR/data/knn_weap_transient_no_drought_pert/temp_transient_MIROC-ES2L_ssp126_scen01_1979_2099.csv,/home/groups/smfletch/keaniw/MAIPO_PYWR/data/knn_weap_transient_no_drought_pert/precip_transient_MIROC-ES2L_ssp126_scen01_1979_2099.csv,7.27190046981,10.6087119751,84.5497160855,16.1097178192,1,0,0,1,0,1,0,0,0,0,0,0,1,0,0,0,1
MIROC-ES2L_ssp126_scen02_no_drought_pert,/home/groups/smfletch/keaniw/MAIPO_PYWR/data/knn_weap_transient_no_drought_pert/temp_transient_MIROC-ES2L_ssp126_scen02_1979_2099.csv,/home/groups/smfletch/keaniw/MAIPO_PYWR/data/knn_weap_transient_no_drought_pert/precip_transient_MIROC-ES2L_ssp126_scen02_1979_2099.csv,7.41076387016,12.0500234547,89.7193431807,15.4533916969,1,0,0,0,1,1,0,0,0,0,0,0,1,0,0,0,1
MIROC-ES2L_ssp126_scen03_no_drought_pert,/home/groups/smfletch/keaniw/MAIPO_PYWR/data/knn_weap_transient_no_drought_pert/temp_transient_MIROC-ES2L_ssp126_scen03_1979_2099.csv,/home/groups/smfletch/keaniw/MAIPO_PYWR/data/knn_weap_transient_no_drought_pert/precip_transient_MIROC-ES2L_ssp126_scen03_1979_2099.csv,7.37637034663,12.23601694,93.0377387479,16.7129772827,1,0,0,0,1,1,0,0,0,0,0,0,1,0,0,0,1
MIROC-ES2L_ssp245_scen01_no_drought_pert,/home/groups/smfletch/keaniw/MAIPO_PYWR/data/knn_weap_transient_no_drought_pert/temp_transient_MIROC-ES2L_ssp245_scen01_1979_2099.csv,/home/groups/smfletch/keaniw/MAIPO_PYWR/data/knn_weap_transient_no_drought_pert/precip_transient_MIROC-ES2L_ssp245_scen01_1979_2099.csv,8.28324792761,9.82336244529,73.6964686793,11.0702196437,1,0,1,0,0,0,1,0,0,0,0,1,0,0,0,1,0
MIROC-ES2L_ssp245_scen02_no_drought_pert,/home/groups/smfletch/keaniw/MAIPO_PYWR/data/knn_weap_transient_no_drought_pert/temp_transient_MIROC-ES2L_ssp245_scen02_1979_2099.csv,/home/groups/smfletch/keaniw/MAIPO_PYWR/data/knn_weap_transient_no_drought_pert/precip_transient_MIROC-ES2L_ssp245_scen02_1979_2099.csv,8.17618579749,9.5890055482,77.2407987236,13.5944274058,1,0,1,0,0,0,1,0,0,0,0,0,1,0,0,0,1
MIROC-ES2L_ssp245_scen03_no_drought_pert,/home/groups/smfletch/keaniw/MAIPO_PYWR/data/knn_weap_transient_no_drought_pert/temp_transient_MIROC-ES2L_ssp245_scen03_1979_2099.csv,/home/groups/smfletch/keaniw/MAIPO_PYWR/data/knn_weap_transient_no_drought_pert/precip_transient_MIROC-ES2L_ssp245_scen03_1979_2099.csv,8.17569388262,9.7431240037,74.2979643593,11.8841081795,1,0,1,0,0,1,0,0,0,0,0,1,0,0,0,1,0
MIROC-ES2L_ssp370_scen01_no_drought_pert,/home/groups/smfletch/keaniw/MAIPO_PYWR/data/knn_weap_transient_no_drought_pert/temp_transient_MIROC-ES2L_ssp370_scen01_1979_2099.csv,/home/groups/smfletch/keaniw/MAIPO_PYWR/data/knn_weap_transient_no_drought_pert/precip_transient_MIROC-ES2L_ssp370_scen01_1979_2099.csv,9.21308408614,9.72809543188,64.387695908,8.35026709549,1,0,1,0,0,0,0,1,0,0,0,1,0,0,0,1,0
MIROC-ES2L_ssp370_scen02_no_drought_pert,/home/groups/smfletch/keaniw/MAIPO_PYWR/data/knn_weap_transient_no_drought_pert/temp_transient_MIROC-ES2L_ssp370_scen02_1979_2099.csv,/home/groups/smfletch/keaniw/MAIPO_PYWR/data/knn_weap_transient_no_drought_pert/precip_transient_MIROC-ES2L_ssp370_scen02_1979_2099.csv,9.21717642718,8.86727381598,59.1972070452,6.40855243361,1,1,0,0,0,0,0,1,0,0,0,1,0,0,0,1,0
MIROC-ES2L_ssp370_scen03_no_drought_pert,/home/groups/smfletch/keaniw/MAIPO_PYWR/data/knn_weap_transient_no_drought_pert/temp_transient_MIROC-ES2L_ssp370_scen03_1979_2099.csv,/home/groups/smfletch/keaniw/MAIPO_PYWR/data/knn_weap_transient_no_drought_pert/precip_transient_MIROC-ES2L_ssp370_scen03_1979_2099.csv,9.31882711143,8.86076598431,60.1725812332,6.37591283312,1,1,0,0,0,0,0,1,0,0,0,1,0,0,0,1,0
MIROC-ES2L_ssp585_scen01_no_drought_pert,/home/groups/smfletch/keaniw/MAIPO_PYWR/data/knn_weap_transient_no_drought_pert/temp_transient_MIROC-ES2L_ssp585_scen01_1979_2099.csv,/home/groups/smfletch/keaniw/MAIPO_PYWR/data/knn_weap_transient_no_drought_pert/precip_transient_MIROC-ES2L_ssp585_scen01_1979_2099.csv,9.99672069991,9.66657622065,52.8679512745,2.26325142831,1,0,1,0,0,0,0,0,1,0,1,0,0,0,1,0,0
MIROC-ES2L_ssp585_scen02_no_drought_pert,/home/groups/smfletch/keaniw/MAIPO_PYWR/data/knn_weap_transient_no_drought_pert/temp_transient_MIROC-ES2L_ssp585_scen02_1979_2099.csv,/home/groups/smfletch/keaniw/MAIPO_PYWR/data/knn_weap_transient_no_drought_pert/precip_transient_MIROC-ES2L_ssp585_scen02_1979_2099.csv,9.99783447035,9.32104692308,51.9944960302,2.23622682857,1,0,1,0,0,0,0,0,1,0,1,0,0,0,1,0,0
MIROC-ES2L_ssp585_scen03_no_drought_pert,/home/groups/smfletch/keaniw/MAIPO_PYWR/data/knn_weap_transient_no_drought_pert/temp_transient_MIROC-ES2L_ssp585_scen03_1979_2099.csv,/home/groups/smfletch/keaniw/MAIPO_PYWR/data/knn_weap_transient_no_drought_pert/precip_transient_MIROC-ES2L_ssp585_scen03_1979_2099.csv,10.0227876785,8.22543867838,52.1720192629,3.71677144325,1,1,0,0,0,0,0,0,1,0,1,0,0,0,1,0,0
MIROC6_ssp126_scen01_no_drought_pert,/home/groups/smfletch/keaniw/MAIPO_PYWR/data/knn_weap_transient_no_drought_pert/temp_transient_MIROC6_ssp126_scen01_1979_2099.csv,/home/groups/smfletch/keaniw/MAIPO_PYWR/data/knn_weap_transient_no_drought_pert/precip_transient_MIROC6_ssp126_scen01_1979_2099.csv,7.59578953799,11.1795227242,75.5192296677,9.88233901288,1,0,0,1,0,1,0,0,0,0,0,1,0,0,0,1,0
MIROC6_ssp126_scen02_no_drought_pert,/home/groups/smfletch/keaniw/MAIPO_PYWR/data/knn_weap_transient_no_drought_pert/temp_transient_MIROC6_ssp126_scen02_1979_2099.csv,/home/groups/smfletch/keaniw/MAIPO_PYWR/data/knn_weap_transient_no_drought_pert/precip_transient_MIROC6_ssp126_scen02_1979_2099.csv,7.6511440706,8.93159058141,71.1764095517,11.0107299611,1,0,1,0,0,1,0,0,0,0,0,1,0,0,0,1,0
MIROC6_ssp126_scen03_no_drought_pert,/home/groups/smfletch/keaniw/MAIPO_PYWR/data/knn_weap_transient_no_drought_pert/temp_transient_MIROC6_ssp126_scen03_1979_2099.csv,/home/groups/smfletch/keaniw/MAIPO_PYWR/data/knn_weap_transient_no_drought_pert/precip_transient_MIROC6_ssp126_scen03_1979_2099.csv,7.61494912207,9.6262876302,69.6561988317,9.77940640908,1,0,1,0,0,1,0,0,0,0,0,1,0,0,0,1,0
MIROC6_ssp245_scen01_no_drought_pert,/home/groups/smfletch/keaniw/MAIPO_PYWR/data/knn_weap_transient_no_drought_pert/temp_transient_MIROC6_ssp245_scen01_1979_2099.csv,/home/groups/smfletch/keaniw/MAIPO_PYWR/data/knn_weap_transient_no_drought_pert/precip_transient_MIROC6_ssp245_scen01_1979_2099.csv,8.84632615936,8.31639265415,48.577955717,3.6696587433,1,1,0,0,0,0,1,0,0,0,1,0,0,0,1,0,0
MIROC6_ssp245_scen02_no_drought_pert,/home/groups/smfletch/keaniw/MAIPO_PYWR/data/knn_weap_transient_no_drought_pert/temp_transient_MIROC6_ssp245_scen02_1979_2099.csv,/home/groups/smfletch/keaniw/MAIPO_PYWR/data/knn_weap_transient_no_drought_pert/precip_transient_MIROC6_ssp245_scen02_1979_2099.csv,8.92611054493,6.79823062314,45.6403227711,3.93898474285,1,1,0,0,0,0,1,0,0,1,0,0,0,0,1,0,0
MIROC6_ssp245_scen03_no_drought_pert,/home/groups/smfletch/keaniw/MAIPO_PYWR/data/knn_weap_transient_no_drought_pert/temp_transient_MIROC6_ssp245_scen03_1979_2099.csv,/home/groups/smfletch/keaniw/MAIPO_PYWR/data/knn_weap_transient_no_drought_pert/precip_transient_MIROC6_ssp245_scen03_1979_2099.csv,8.96017659638,7.59889623209,47.1994371097,3.86767464107,1,1,0,0,0,0,1,0,0,1,0,0,0,0,1,0,0
MIROC6_ssp370_scen01_no_drought_pert,/home/groups/smfletch/keaniw/MAIPO_PYWR/data/knn_weap_transient_no_drought_pert/temp_transient_MIROC6_ssp370_scen01_1979_2099.csv,/home/groups/smfletch/keaniw/MAIPO_PYWR/data/knn_weap_transient_no_drought_pert/precip_transient_MIROC6_ssp370_scen01_1979_2099.csv,9.57436811139,7.0784783651,41.9236874019,2.15014950818,1,1,0,0,0,0,0,1,0,1,0,0,0,1,0,0,0
MIROC6_ssp370_scen02_no_drought_pert,/home/groups/smfletch/keaniw/MAIPO_PYWR/data/knn_weap_transient_no_drought_pert/temp_transient_MIROC6_ssp370_scen02_1979_2099.csv,/home/groups/smfletch/keaniw/MAIPO_PYWR/data/knn_weap_transient_no_drought_pert/precip_transient_MIROC6_ssp370_scen02_1979_2099.csv,9.45036815716,7.2741911807,41.8709852956,2.251797211,1,1,0,0,0,0,0,1,0,1,0,0,0,0,1,0,0
MIROC6_ssp370_scen03_no_drought_pert,/home/groups/smfletch/keaniw/MAIPO_PYWR/data/knn_weap_transient_no_drought_pert/temp_transient_MIROC6_ssp370_scen03_1979_2099.csv,/home/groups/smfletch/keaniw/MAIPO_PYWR/data/knn_weap_transient_no_drought_pert/precip_transient_MIROC6_ssp370_scen03_1979_2099.csv,9.61364316358,7.33844147077,47.0807269367,3.91966423358,1,1,0,0,0,0,0,1,0,1,0,0,0,0,1,0,0
MIROC6_ssp585_scen01_no_drought_pert,/home/groups/smfletch/keaniw/MAIPO_PYWR/data/knn_weap_transient_no_drought_pert/temp_transient_MIROC6_ssp585_scen01_1979_2099.csv,/home/groups/smfletch/keaniw/MAIPO_PYWR/data/knn_weap_transient_no_drought_pert/precip_transient_MIROC6_ssp585_scen01_1979_2099.csv,10.6054227951,5.97835084117,32.4671530623,0.0137818429722,1,1,0,0,0,0,0,0,1,1,0,0,0,1,0,0,0
MIROC6_ssp585_scen02_no_drought_pert,/home/groups/smfletch/keaniw/MAIPO_PYWR/data/knn_weap_transient_no_drought_pert/temp_transient_MIROC6_ssp585_scen02_1979_2099.csv,/home/groups/smfletch/keaniw/MAIPO_PYWR/data/knn_weap_transient_no_drought_pert/precip_transient_MIROC6_ssp585_scen02_1979_2099.csv,10.5979809369,6.35758022403,33.0913522477,0,1,1,0,0,0,0,0,0,1,1,0,0,0,1,0,0,0
MIROC6_ssp585_scen03_no_drought_pert,/home/groups/smfletch/keaniw/MAIPO_PYWR/data/knn_weap_transient_no_drought_pert/temp_transient_MIROC6_ssp585_scen03_1979_2099.csv,/home/groups/smfletch/keaniw/MAIPO_PYWR/data/knn_weap_transient_no_drought_pert/precip_transient_MIROC6_ssp585_scen03_1979_2099.csv,10.7498312529,6.63105761385,35.1132203774,0,1,1,0,0,0,0,0,0,1,1,0,0,0,1,0,0,0
MPI-ESM1-2-LR_ssp126_scen01_no_drought_pert,/home/groups/smfletch/keaniw/MAIPO_PYWR/data/knn_weap_transient_no_drought_pert/temp_transient_MPI-ESM1-2-LR_ssp126_scen01_1979_2099.csv,/home/groups/smfletch/keaniw/MAIPO_PYWR/data/knn_weap_transient_no_drought_pert/precip_transient_MPI-ESM1-2-LR_ssp126_scen01_1979_2099.csv,7.36500556201,14.0437040653,79.4362547085,9.827753559,1,0,0,0,1,1,0,0,0,0,0,0,1,0,0,1,0
MPI-ESM1-2-LR_ssp126_scen02_no_drought_pert,/home/groups/smfletch/keaniw/MAIPO_PYWR/data/knn_weap_transient_no_drought_pert/temp_transient_MPI-ESM1-2-LR_ssp126_scen02_1979_2099.csv,/home/groups/smfletch/keaniw/MAIPO_PYWR/data/knn_weap_transient_no_drought_pert/precip_transient_MPI-ESM1-2-LR_ssp126_scen02_1979_2099.csv,7.49691029642,12.073272069,82.7533368003,13.1552981721,1,0,0,0,1,1,0,0,0,0,0,0,1,0,0,0,1
MPI-ESM1-2-LR_ssp126_scen03_no_drought_pert,/home/groups/smfletch/keaniw/MAIPO_PYWR/data/knn_weap_transient_no_drought_pert/temp_transient_MPI-ESM1-2-LR_ssp126_scen03_1979_2099.csv,/home/groups/smfletch/keaniw/MAIPO_PYWR/data/knn_weap_transient_no_drought_pert/precip_transient_MPI-ESM1-2-LR_ssp126_scen03_1979_2099.csv,7.48035708121,13.6456134048,88.8842095736,12.0522701809,1,0,0,0,1,1,0,0,0,0,0,0,1,0,0,0,1
MPI-ESM1-2-LR_ssp245_scen01_no_drought_pert,/home/groups/smfletch/keaniw/MAIPO_PYWR/data/knn_weap_transient_no_drought_pert/temp_transient_MPI-ESM1-2-LR_ssp245_scen01_1979_2099.csv,/home/groups/smfletch/keaniw/MAIPO_PYWR/data/knn_weap_transient_no_drought_pert/precip_transient_MPI-ESM1-2-LR_ssp245_scen01_1979_2099.csv,8.25325254488,11.7843719077,56.9903391384,2.98802195814,1,0,0,0,1,0,1,0,0,0,1,0,0,0,1,0,0
MPI-ESM1-2-LR_ssp245_scen02_no_drought_pert,/home/groups/smfletch/keaniw/MAIPO_PYWR/data/knn_weap_transient_no_drought_pert/temp_transient_MPI-ESM1-2-LR_ssp245_scen02_1979_2099.csv,/home/groups/smfletch/keaniw/MAIPO_PYWR/data/knn_weap_transient_no_drought_pert/precip_transient_MPI-ESM1-2-LR_ssp245_scen02_1979_2099.csv,8.34149751107,9.75171063418,54.2792870441,4.27585772867,1,0,1,0,0,0,1,0,0,0,1,0,0,0,1,0,0
MPI-ESM1-2-LR_ssp245_scen03_no_drought_pert,/home/groups/smfletch/keaniw/MAIPO_PYWR/data/knn_weap_transient_no_drought_pert/temp_transient_MPI-ESM1-2-LR_ssp245_scen03_1979_2099.csv,/home/groups/smfletch/keaniw/MAIPO_PYWR/data/knn_weap_transient_no_drought_pert/precip_transient_MPI-ESM1-2-LR_ssp245_scen03_1979_2099.csv,8.24672411434,11.1207448599,53.2665022512,3.07575033102,1,0,0,1,0,0,1,0,0,0,1,0,0,0,1,0,0
MPI-ESM1-2-LR_ssp370_scen01_no_drought_pert,/home/groups/smfletch/keaniw/MAIPO_PYWR/data/knn_weap_transient_no_drought_pert/temp_transient_MPI-ESM1-2-LR_ssp370_scen01_1979_2099.csv,/home/groups/smfletch/keaniw/MAIPO_PYWR/data/knn_weap_transient_no_drought_pert/precip_transient_MPI-ESM1-2-LR_ssp370_scen01_1979_2099.csv,9.33990624879,9.38494840775,49.1873013554,2.36504315096,1,0,1,0,0,0,0,1,0,0,1,0,0,0,1,0,0
MPI-ESM1-2-LR_ssp370_scen02_no_drought_pert,/home/groups/smfletch/keaniw/MAIPO_PYWR/data/knn_weap_transient_no_drought_pert/temp_transient_MPI-ESM1-2-LR_ssp370_scen02_1979_2099.csv,/home/groups/smfletch/keaniw/MAIPO_PYWR/data/knn_weap_transient_no_drought_pert/precip_transient_MPI-ESM1-2-LR_ssp370_scen02_1979_2099.csv,9.38224157447,8.65553678679,46.5028155086,2.23359454678,1,1,0,0,0,0,0,1,0,1,0,0,0,1,0,0,0
MPI-ESM1-2-LR_ssp370_scen03_no_drought_pert,/home/groups/smfletch/keaniw/MAIPO_PYWR/data/knn_weap_transient_no_drought_pert/temp_transient_MPI-ESM1-2-LR_ssp370_scen03_1979_2099.csv,/home/groups/smfletch/keaniw/MAIPO_PYWR/data/knn_weap_transient_no_drought_pert/precip_transient_MPI-ESM1-2-LR_ssp370_scen03_1979_2099.csv,9.30317517147,7.72652085869,40.9288698373,1.29026561151,1,1,0,0,0,0,0,1,0,1,0,0,0,1,0,0,0
MPI-ESM1-2-LR_ssp585_scen01_no_drought_pert,/home/groups/smfletch/keaniw/MAIPO_PYWR/data/knn_weap_transient_no_drought_pert/temp_transient_MPI-ESM1-2-LR_ssp585_scen01_1979_2099.csv,/home/groups/smfletch/keaniw/MAIPO_PYWR/data/knn_weap_transient_no_drought_pert/precip_transient_MPI-ESM1-2-LR_ssp585_scen01_1979_2099.csv,10.1433871016,8.50335881814,37.636235425,0.431631987677,1,1,0,0,0,0,0,0,1,1,0,0,0,1,0,0,0
MPI-ESM1-2-LR_ssp585_scen02_no_drought_pert,/home/groups/smfletch/keaniw/MAIPO_PYWR/data/knn_weap_transient_no_drought_pert/temp_transient_MPI-ESM1-2-LR_ssp585_scen02_1979_2099.csv,/home/groups/smfletch/keaniw/MAIPO_PYWR/data/knn_weap_transient_no_drought_pert/precip_transient_MPI-ESM1-2-LR_ssp585_scen02_1979_2099.csv,10.2384599837,8.13600218929,38.5269460101,0.148074317995,1,1,0,0,0,0,0,0,1,1,0,0,0,1,0,0,0
MPI-ESM1-2-LR_ssp585_scen03_no_drought_pert,/home/groups/smfletch/keaniw/MAIPO_PYWR/data/knn_weap_transient_no_drought_pert/temp_transient_MPI-ESM1-2-LR_ssp585_scen03_1979_2099.csv,/home/groups/smfletch/keaniw/MAIPO_PYWR/data/knn_weap_transient_no_drought_pert/precip_transient_MPI-ESM1-2-LR_ssp585_scen03_1979_2099.csv,10.2679789397,8.8618251646,42.1665437143,0.518370080848,1,1,0,0,0,0,0,0,1,1,0,0,0,1,0,0,0
MRI-ESM2-0_ssp126_scen01_no_drought_pert,/home/groups/smfletch/keaniw/MAIPO_PYWR/data/knn_weap_transient_no_drought_pert/temp_transient_MRI-ESM2-0_ssp126_scen01_1979_2099.csv,/home/groups/smfletch/keaniw/MAIPO_PYWR/data/knn_weap_transient_no_drought_pert/precip_transient_MRI-ESM2-0_ssp126_scen01_1979_2099.csv,7.84726436781,12.6537259846,87.3714070941,13.8431966908,1,0,0,0,1,1,0,0,0,0,0,0,1,0,0,0,1
MRI-ESM2-0_ssp126_scen02_no_drought_pert,/home/groups/smfletch/keaniw/MAIPO_PYWR/data/knn_weap_transient_no_drought_pert/temp_transient_MRI-ESM2-0_ssp126_scen02_1979_2099.csv,/home/groups/smfletch/keaniw/MAIPO_PYWR/data/knn_weap_transient_no_drought_pert/precip_transient_MRI-ESM2-0_ssp126_scen02_1979_2099.csv,7.85679256119,13.4022276489,98.4094032372,17.2178254851,1,0,0,0,1,1,0,0,0,0,0,0,1,0,0,0,1
MRI-ESM2-0_ssp126_scen03_no_drought_pert,/home/groups/smfletch/keaniw/MAIPO_PYWR/data/knn_weap_transient_no_drought_pert/temp_transient_MRI-ESM2-0_ssp126_scen03_1979_2099.csv,/home/groups/smfletch/keaniw/MAIPO_PYWR/data/knn_weap_transient_no_drought_pert/precip_transient_MRI-ESM2-0_ssp126_scen03_1979_2099.csv,7.80413376266,13.6310535819,90.1499031829,14.3037848335,1,0,0,0,1,1,0,0,0,0,0,0,1,0,0,0,1
MRI-ESM2-0_ssp245_scen01_no_drought_pert,/home/groups/smfletch/keaniw/MAIPO_PYWR/data/knn_weap_transient_no_drought_pert/temp_transient_MRI-ESM2-0_ssp245_scen01_1979_2099.csv,/home/groups/smfletch/keaniw/MAIPO_PYWR/data/knn_weap_transient_no_drought_pert/precip_transient_MRI-ESM2-0_ssp245_scen01_1979_2099.csv,9.02395501501,10.9973989049,57.84187057,4.58464449624,1,0,0,1,0,0,1,0,0,0,1,0,0,0,1,0,0
MRI-ESM2-0_ssp245_scen02_no_drought_pert,/home/groups/smfletch/keaniw/MAIPO_PYWR/data/knn_weap_transient_no_drought_pert/temp_transient_MRI-ESM2-0_ssp245_scen02_1979_2099.csv,/home/groups/smfletch/keaniw/MAIPO_PYWR/data/knn_weap_transient_no_drought_pert/precip_transient_MRI-ESM2-0_ssp245_scen02_1979_2099.csv,8.94840328917,10.366872525,55.2145989693,4.50124668939,1,0,0,1,0,0,1,0,0,0,1,0,0,0,1,0,0
MRI-ESM2-0_ssp245_scen03_no_drought_pert,/home/groups/smfletch/keaniw/MAIPO_PYWR/data/knn_weap_transient_no_drought_pert/temp_transient_MRI-ESM2-0_ssp245_scen03_1979_2099.csv,/home/groups/smfletch/keaniw/MAIPO_PYWR/data/knn_weap_transient_no_drought_pert/precip_transient_MRI-ESM2-0_ssp245_scen03_1979_2099.csv,9.07745327141,11.2817548172,58.6548573053,4.0465485282,1,0,0,0,1,0,0,1,0,0,1,0,0,0,1,0,0
MRI-ESM2-0_ssp370_scen01_no_drought_pert,/home/groups/smfletch/keaniw/MAIPO_PYWR/data/knn_weap_transient_no_drought_pert/temp_transient_MRI-ESM2-0_ssp370_scen01_1979_2099.csv,/home/groups/smfletch/keaniw/MAIPO_PYWR/data/knn_weap_transient_no_drought_pert/precip_transient_MRI-ESM2-0_ssp370_scen01_1979_2099.csv,10.1493749944,10.0836312217,50.7659300974,3.19840847562,1,0,1,0,0,0,0,0,1,0,1,0,0,0,1,0,0
MRI-ESM2-0_ssp370_scen02_no_drought_pert,/home/groups/smfletch/keaniw/MAIPO_PYWR/data/knn_weap_transient_no_drought_pert/temp_transient_MRI-ESM2-0_ssp370_scen02_1979_2099.csv,/home/groups/smfletch/keaniw/MAIPO_PYWR/data/knn_weap_transient_no_drought_pert/precip_transient_MRI-ESM2-0_ssp370_scen02_1979_2099.csv,10.2512604932,12.1512643543,57.9070680783,2.33906677902,1,0,0,0,1,0,0,0,1,0,1,0,0,0,1,0,0
MRI-ESM2-0_ssp370_scen03_no_drought_pert,/home/groups/smfletch/keaniw/MAIPO_PYWR/data/knn_weap_transient_no_drought_pert/temp_transient_MRI-ESM2-0_ssp370_scen03_1979_2099.csv,/home/groups/smfletch/keaniw/MAIPO_PYWR/data/knn_weap_transient_no_drought_pert/precip_transient_MRI-ESM2-0_ssp370_scen03_1979_2099.csv,10.0857187896,11.0242633156,56.6157279952,2.84963355989,1,0,0,1,0,0,0,0,1,0,1,0,0,0,1,0,0
MRI-ESM2-0_ssp585_scen01_no_drought_pert,/home/groups/smfletch/keaniw/MAIPO_PYWR/data/knn_weap_transient_no_drought_pert/temp_transient_MRI-ESM2-0_ssp585_scen01_1979_2099.csv,/home/groups/smfletch/keaniw/MAIPO_PYWR/data/knn_weap_transient_no_drought_pert/precip_transient_MRI-ESM2-0_ssp585_scen01_1979_2099.csv,11.0366166384,9.58285338592,44.0860751977,0,1,0,1,0,0,0,0,0,1,1,0,0,0,1,0,0,0
MRI-ESM2-0_ssp585_scen02_no_drought_pert,/home/groups/smfletch/keaniw/MAIPO_PYWR/data/knn_weap_transient_no_drought_pert/temp_transient_MRI-ESM2-0_ssp585_scen02_1979_2099.csv,/home/groups/smfletch/keaniw/MAIPO_PYWR/data/knn_weap_transient_no_drought_pert/precip_transient_MRI-ESM2-0_ssp585_scen02_1979_2099.csv,11.1839141339,9.15966832766,44.5533678761,0,1,0,1,0,0,0,0,0,1,1,0,0,0,1,0,0,0
MRI-ESM2-0_ssp585_scen03_no_drought_pert,/home/groups/smfletch/keaniw/MAIPO_PYWR/data/knn_weap_transient_no_drought_pert/temp_transient_MRI-ESM2-0_ssp585_scen03_1979_2099.csv,/home/groups/smfletch/keaniw/MAIPO_PYWR/data/knn_weap_transient_no_drought_pert/precip_transient_MRI-ESM2-0_ssp585_scen03_1979_2099.csv,11.1230809252,9.14785351208,41.1821091926,0,1,0,1,0,0,0,0,0,1,1,0,0,0,1,0,0,0
NorESM2-MM_ssp126_scen01_no_drought_pert,/home/groups/smfletch/keaniw/MAIPO_PYWR/data/knn_weap_transient_no_drought_pert/temp_transient_NorESM2-MM_ssp126_scen01_1979_2099.csv,/home/groups/smfletch/keaniw/MAIPO_PYWR/data/knn_weap_transient_no_drought_pert/precip_transient_NorESM2-MM_ssp126_scen01_1979_2099.csv,7.27948718321,12.4925940709,95.4192374994,17.905456802,1,0,0,0,1,1,0,0,0,0,0,0,1,0,0,0,1
NorESM2-MM_ssp126_scen02_no_drought_pert,/home/groups/smfletch/keaniw/MAIPO_PYWR/data/knn_weap_transient_no_drought_pert/temp_transient_NorESM2-MM_ssp126_scen02_1979_2099.csv,/home/groups/smfletch/keaniw/MAIPO_PYWR/data/knn_weap_transient_no_drought_pert/precip_transient_NorESM2-MM_ssp126_scen02_1979_2099.csv,7.3851643387,9.57902095014,86.8596436346,17.7269808638,1,0,1,0,0,1,0,0,0,0,0,0,1,0,0,0,1
NorESM2-MM_ssp126_scen03_no_drought_pert,/home/groups/smfletch/keaniw/MAIPO_PYWR/data/knn_weap_transient_no_drought_pert/temp_transient_NorESM2-MM_ssp126_scen03_1979_2099.csv,/home/groups/smfletch/keaniw/MAIPO_PYWR/data/knn_weap_transient_no_drought_pert/precip_transient_NorESM2-MM_ssp126_scen03_1979_2099.csv,7.38527492691,10.104296907,86.9408536526,17.1147429509,1,0,0,1,0,1,0,0,0,0,0,0,1,0,0,0,1
NorESM2-MM_ssp245_scen01_no_drought_pert,/home/groups/smfletch/keaniw/MAIPO_PYWR/data/knn_weap_transient_no_drought_pert/temp_transient_NorESM2-MM_ssp245_scen01_1979_2099.csv,/home/groups/smfletch/keaniw/MAIPO_PYWR/data/knn_weap_transient_no_drought_pert/precip_transient_NorESM2-MM_ssp245_scen01_1979_2099.csv,8.18494158332,10.792142996,67.7182692225,7.88321429282,1,0,0,1,0,0,1,0,0,0,0,1,0,0,0,1,0
NorESM2-MM_ssp245_scen02_no_drought_pert,/home/groups/smfletch/keaniw/MAIPO_PYWR/data/knn_weap_transient_no_drought_pert/temp_transient_NorESM2-MM_ssp245_scen02_1979_2099.csv,/home/groups/smfletch/keaniw/MAIPO_PYWR/data/knn_weap_transient_no_drought_pert/precip_transient_NorESM2-MM_ssp245_scen02_1979_2099.csv,8.30281103234,11.1494967945,65.7178861776,6.63606929212,1,0,0,1,0,0,1,0,0,0,0,1,0,0,0,1,0
NorESM2-MM_ssp245_scen03_no_drought_pert,/home/groups/smfletch/keaniw/MAIPO_PYWR/data/knn_weap_transient_no_drought_pert/temp_transient_NorESM2-MM_ssp245_scen03_1979_2099.csv,/home/groups/smfletch/keaniw/MAIPO_PYWR/data/knn_weap_transient_no_drought_pert/precip_transient_NorESM2-MM_ssp245_scen03_1979_2099.csv,8.32574763721,11.0725110968,61.543396816,5.57013890981,1,0,0,1,0,0,1,0,0,0,0,1,0,0,0,1,0
NorESM2-MM_ssp370_scen01_no_drought_pert,/home/groups/smfletch/keaniw/MAIPO_PYWR/data/knn_weap_transient_no_drought_pert/temp_transient_NorESM2-MM_ssp370_scen01_1979_2099.csv,/home/groups/smfletch/keaniw/MAIPO_PYWR/data/knn_weap_transient_no_drought_pert/precip_transient_NorESM2-MM_ssp370_scen01_1979_2099.csv,9.1730228145,9.32612807582,53.4199170346,4.3583569229,1,0,1,0,0,0,0,1,0,0,1,0,0,0,1,0,0
NorESM2-MM_ssp370_scen02_no_drought_pert,/home/groups/smfletch/keaniw/MAIPO_PYWR/data/knn_weap_transient_no_drought_pert/temp_transient_NorESM2-MM_ssp370_scen02_1979_2099.csv,/home/groups/smfletch/keaniw/MAIPO_PYWR/data/knn_weap_transient_no_drought_pert/precip_transient_NorESM2-MM_ssp370_scen02_1979_2099.csv,9.19222883387,9.84954718934,57.6530663645,4.88839866974,1,0,1,0,0,0,0,1,0,0,1,0,0,0,0,1,0
NorESM2-MM_ssp370_scen03_no_drought_pert,/home/groups/smfletch/keaniw/MAIPO_PYWR/data/knn_weap_transient_no_drought_pert/temp_transient_NorESM2-MM_ssp370_scen03_1979_2099.csv,/home/groups/smfletch/keaniw/MAIPO_PYWR/data/knn_weap_transient_no_drought_pert/precip_transient_NorESM2-MM_ssp370_scen03_1979_2099.csv,9.13071651169,11.8089057089,57.3127381126,3.76385573986,1,0,0,0,1,0,0,1,0,0,1,0,0,0,1,0,0
NorESM2-MM_ssp585_scen01_no_drought_pert,/home/groups/smfletch/keaniw/MAIPO_PYWR/data/knn_weap_transient_no_drought_pert/temp_transient_NorESM2-MM_ssp585_scen01_1979_2099.csv,/home/groups/smfletch/keaniw/MAIPO_PYWR/data/knn_weap_transient_no_drought_pert/precip_transient_NorESM2-MM_ssp585_scen01_1979_2099.csv,9.84817921113,12.4763421941,67.3966941041,5.68797866841,1,0,0,0,1,0,0,1,0,0,0,1,0,0,0,1,0
NorESM2-MM_ssp585_scen02_no_drought_pert,/home/groups/smfletch/keaniw/MAIPO_PYWR/data/knn_weap_transient_no_drought_pert/temp_transient_NorESM2-MM_ssp585_scen02_1979_2099.csv,/home/groups/smfletch/keaniw/MAIPO_PYWR/data/knn_weap_transient_no_drought_pert/precip_transient_NorESM2-MM_ssp585_scen02_1979_2099.csv,9.82564550206,10.1263490424,57.3422301318,4.70861702459,1,0,0,1,0,0,0,1,0,0,1,0,0,0,1,0,0
NorESM2-MM_ssp585_scen03_no_drought_pert,/home/groups/smfletch/keaniw/MAIPO_PYWR/data/knn_weap_transient_no_drought_pert/temp_transient_NorESM2-MM_ssp585_scen03_1979_2099.csv,/home/groups/smfletch/keaniw/MAIPO_PYWR/data/knn_weap_transient_no_drought_pert/precip_transient_NorESM2-MM_ssp585_scen03_1979_2099.csv,9.67353094933,10.9899708573,57.3277584943,3.73230359568,1,0,0,1,0,0,0,1,0,0,1,0,0,0,1,0,0
