climate_group,scenario
P_Q1,MIROC6_ssp585_scen01_no_drought_pert
P_Q1,MIROC6_ssp585_scen02_no_drought_pert
P_Q1,MIROC6_ssp585_scen03_no_drought_pert
P_Q1,MIROC6_ssp245_scen02_no_drought_pert
P_Q1,CNRM-CM6-1_ssp585_scen01_no_drought_pert
P_Q1,CNRM-CM6-1_ssp585_scen02_no_drought_pert
P_Q1,CNRM-CM6-1_ssp585_scen03_no_drought_pert
P_Q1,MIROC6_ssp370_scen01_no_drought_pert
P_Q1,MIROC6_ssp370_scen02_no_drought_pert
P_Q1,MIROC6_ssp370_scen03_no_drought_pert
P_Q1,MIROC6_ssp245_scen03_no_drought_pert
P_Q1,MPI-ESM1-2-LR_ssp370_scen03_no_drought_pert
P_Q1,INM-CM4-8_ssp370_scen01_no_drought_pert
P_Q1,MPI-ESM1-2-LR_ssp585_scen02_no_drought_pert
P_Q1,MIROC-ES2L_ssp585_scen03_no_drought_pert
P_Q1,MIROC6_ssp245_scen01_no_drought_pert
P_Q1,CNRM-CM6-1_ssp370_scen02_no_drought_pert
P_Q1,MPI-ESM1-2-LR_ssp585_scen01_no_drought_pert
P_Q1,CNRM-CM6-1_ssp370_scen01_no_drought_pert
P_Q1,MPI-ESM1-2-LR_ssp370_scen02_no_drought_pert
P_Q1,INM-CM4-8_ssp370_scen02_no_drought_pert
P_Q1,INM-CM5-0_ssp370_scen02_no_drought_pert
P_Q1,CNRM-CM6-1_ssp245_scen01_no_drought_pert
P_Q1,MIROC-ES2L_ssp370_scen03_no_drought_pert
P_Q1,MPI-ESM1-2-LR_ssp585_scen03_no_drought_pert
P_Q1,MIROC-ES2L_ssp370_scen02_no_drought_pert
P_Q1,CNRM-CM6-1_ssp245_scen02_no_drought_pert
P_Q2,MIROC6_ssp126_scen02_no_drought_pert
P_Q2,CNRM-CM6-1_ssp370_scen03_no_drought_pert
P_Q2,CNRM-CM6-1_ssp126_scen01_no_drought_pert
P_Q2,MRI-ESM2-0_ssp585_scen03_no_drought_pert
P_Q2,INM-CM4-8_ssp370_scen03_no_drought_pert
P_Q2,MRI-ESM2-0_ssp585_scen02_no_drought_pert
P_Q2,MIROC-ES2L_ssp585_scen02_no_drought_pert
P_Q2,NorESM2-MM_ssp370_scen01_no_drought_pert
P_Q2,CNRM-CM6-1_ssp126_scen03_no_drought_pert
P_Q2,INM-CM4-8_ssp585_scen01_no_drought_pert
P_Q2,MPI-ESM1-2-LR_ssp370_scen01_no_drought_pert
P_Q2,NorESM2-MM_ssp126_scen02_no_drought_pert
P_Q2,MRI-ESM2-0_ssp585_scen01_no_drought_pert
P_Q2,MIROC-ES2L_ssp245_scen02_no_drought_pert
P_Q2,MIROC6_ssp126_scen03_no_drought_pert
P_Q2,MIROC-ES2L_ssp585_scen01_no_drought_pert
P_Q2,INM-CM5-0_ssp585_scen03_no_drought_pert
P_Q2,CNRM-CM6-1_ssp245_scen03_no_drought_pert
P_Q2,MIROC-ES2L_ssp370_scen01_no_drought_pert
P_Q2,MIROC-ES2L_ssp245_scen03_no_drought_pert
P_Q2,MPI-ESM1-2-LR_ssp245_scen02_no_drought_pert
P_Q2,INM-CM5-0_ssp126_scen03_no_drought_pert
P_Q2,MIROC-ES2L_ssp245_scen01_no_drought_pert
P_Q2,NorESM2-MM_ssp370_scen02_no_drought_pert
P_Q2,INM-CM5-0_ssp126_scen02_no_drought_pert
P_Q2,INM-CM5-0_ssp585_scen02_no_drought_pert
P_Q2,MRI-ESM2-0_ssp370_scen01_no_drought_pert
P_Q3,NorESM2-MM_ssp126_scen03_no_drought_pert
P_Q3,NorESM2-MM_ssp585_scen02_no_drought_pert
P_Q3,INM-CM4-8_ssp245_scen01_no_drought_pert
P_Q3,ACCESS-CM2_ssp585_scen03_no_drought_pert
P_Q3,INM-CM5-0_ssp585_scen01_no_drought_pert
P_Q3,INM-CM4-8_ssp585_scen02_no_drought_pert
P_Q3,MRI-ESM2-0_ssp245_scen02_no_drought_pert
P_Q3,ACCESS-CM2_ssp585_scen01_no_drought_pert
P_Q3,MIROC-ES2L_ssp126_scen01_no_drought_pert
P_Q3,ACCESS-CM2_ssp245_scen01_no_drought_pert
P_Q3,INM-CM4-8_ssp585_scen03_no_drought_pert
P_Q3,INM-CM4-8_ssp245_scen02_no_drought_pert
P_Q3,NorESM2-MM_ssp245_scen01_no_drought_pert
P_Q3,CNRM-CM6-1_ssp126_scen02_no_drought_pert
P_Q3,INM-CM5-0_ssp245_scen02_no_drought_pert
P_Q3,ACCESS-CM2_ssp126_scen02_no_drought_pert
P_Q3,NorESM2-MM_ssp585_scen03_no_drought_pert
P_Q3,MRI-ESM2-0_ssp245_scen01_no_drought_pert
P_Q3,ACCESS-CM2_ssp245_scen03_no_drought_pert
P_Q3,MRI-ESM2-0_ssp370_scen03_no_drought_pert
P_Q3,NorESM2-MM_ssp245_scen03_no_drought_pert
P_Q3,INM-CM5-0_ssp370_scen03_no_drought_pert
P_Q3,INM-CM5-0_ssp370_scen01_no_drought_pert
P_Q3,MPI-ESM1-2-LR_ssp245_scen03_no_drought_pert
P_Q3,NorESM2-MM_ssp245_scen02_no_drought_pert
P_Q3,INM-CM4-8_ssp245_scen03_no_drought_pert
P_Q3,MIROC6_ssp126_scen01_no_drought_pert
P_Q4,MRI-ESM2-0_ssp245_scen03_no_drought_pert
P_Q4,ACCESS-CM2_ssp126_scen03_no_drought_pert
P_Q4,ACCESS-CM2_ssp245_scen02_no_drought_pert
P_Q4,ACCESS-CM2_ssp585_scen02_no_drought_pert
P_Q4,INM-CM4-8_ssp126_scen03_no_drought_pert
P_Q4,MPI-ESM1-2-LR_ssp245_scen01_no_drought_pert
P_Q4,NorESM2-MM_ssp370_scen03_no_drought_pert
P_Q4,INM-CM5-0_ssp245_scen03_no_drought_pert
P_Q4,MIROC-ES2L_ssp126_scen02_no_drought_pert
P_Q4,MPI-ESM1-2-LR_ssp126_scen02_no_drought_pert
P_Q4,MRI-ESM2-0_ssp370_scen02_no_drought_pert
P_Q4,MIROC-ES2L_ssp126_scen03_no_drought_pert
P_Q4,ACCESS-CM2_ssp126_scen01_no_drought_pert
P_Q4,ACCESS-CM2_ssp370_scen02_no_drought_pert
P_Q4,ACCESS-CM2_ssp370_scen01_no_drought_pert
P_Q4,NorESM2-MM_ssp585_scen01_no_drought_pert
P_Q4,NorESM2-MM_ssp126_scen01_no_drought_pert
P_Q4,INM-CM5-0_ssp126_scen01_no_drought_pert
P_Q4,ACCESS-CM2_ssp370_scen03_no_drought_pert
P_Q4,MRI-ESM2-0_ssp126_scen01_no_drought_pert
P_Q4,INM-CM4-8_ssp126_scen01_no_drought_pert
P_Q4,INM-CM4-8_ssp126_scen02_no_drought_pert
P_Q4,INM-CM5-0_ssp245_scen01_no_drought_pert
P_Q4,MRI-ESM2-0_ssp126_scen02_no_drought_pert
P_Q4,MRI-ESM2-0_ssp126_scen03_no_drought_pert
P_Q4,MPI-ESM1-2-LR_ssp126_scen03_no_drought_pert
P_Q4,MPI-ESM1-2-LR_ssp126_scen01_no_drought_pert
T_Q1,INM-CM5-0_ssp126_scen03_no_drought_pert
T_Q1,INM-CM5-0_ssp126_scen01_no_drought_pert
T_Q1,INM-CM5-0_ssp126_scen02_no_drought_pert
T_Q1,MIROC-ES2L_ssp126_scen01_no_drought_pert
T_Q1,NorESM2-MM_ssp126_scen01_no_drought_pert
T_Q1,INM-CM4-8_ssp126_scen01_no_drought_pert
T_Q1,INM-CM4-8_ssp126_scen02_no_drought_pert
T_Q1,MPI-ESM1-2-LR_ssp126_scen01_no_drought_pert
T_Q1,MIROC-ES2L_ssp126_scen03_no_drought_pert
T_Q1,INM-CM4-8_ssp126_scen03_no_drought_pert
T_Q1,NorESM2-MM_ssp126_scen02_no_drought_pert
T_Q1,NorESM2-MM_ssp126_scen03_no_drought_pert
T_Q1,MIROC-ES2L_ssp126_scen02_no_drought_pert
T_Q1,MPI-ESM1-2-LR_ssp126_scen03_no_drought_pert
T_Q1,MPI-ESM1-2-LR_ssp126_scen02_no_drought_pert
T_Q1,MIROC6_ssp126_scen01_no_drought_pert
T_Q1,MIROC6_ssp126_scen03_no_drought_pert
T_Q1,MIROC6_ssp126_scen02_no_drought_pert
T_Q1,MRI-ESM2-0_ssp126_scen03_no_drought_pert
T_Q1,MRI-ESM2-0_ssp126_scen01_no_drought_pert
T_Q1,MRI-ESM2-0_ssp126_scen02_no_drought_pert
T_Q1,INM-CM5-0_ssp245_scen01_no_drought_pert
T_Q1,INM-CM4-8_ssp245_scen03_no_drought_pert
T_Q1,INM-CM5-0_ssp245_scen03_no_drought_pert
T_Q1,INM-CM4-8_ssp245_scen01_no_drought_pert
T_Q1,INM-CM5-0_ssp245_scen02_no_drought_pert
T_Q1,MIROC-ES2L_ssp245_scen03_no_drought_pert
T_Q2,MIROC-ES2L_ssp245_scen02_no_drought_pert
T_Q2,NorESM2-MM_ssp245_scen01_no_drought_pert
T_Q2,INM-CM4-8_ssp245_scen02_no_drought_pert
T_Q2,MPI-ESM1-2-LR_ssp245_scen03_no_drought_pert
T_Q2,ACCESS-CM2_ssp126_scen01_no_drought_pert
T_Q2,MPI-ESM1-2-LR_ssp245_scen01_no_drought_pert
T_Q2,MIROC-ES2L_ssp245_scen01_no_drought_pert
T_Q2,ACCESS-CM2_ssp126_scen03_no_drought_pert
T_Q2,NorESM2-MM_ssp245_scen02_no_drought_pert
T_Q2,NorESM2-MM_ssp245_scen03_no_drought_pert
T_Q2,ACCESS-CM2_ssp126_scen02_no_drought_pert
T_Q2,MPI-ESM1-2-LR_ssp245_scen02_no_drought_pert
T_Q2,CNRM-CM6-1_ssp126_scen03_no_drought_pert
T_Q2,CNRM-CM6-1_ssp126_scen01_no_drought_pert
T_Q2,CNRM-CM6-1_ssp126_scen02_no_drought_pert
T_Q2,MIROC6_ssp245_scen01_no_drought_pert
T_Q2,INM-CM5-0_ssp370_scen03_no_drought_pert
T_Q2,MIROC6_ssp245_scen02_no_drought_pert
T_Q2,INM-CM5-0_ssp370_scen01_no_drought_pert
T_Q2,INM-CM4-8_ssp370_scen01_no_drought_pert
T_Q2,MRI-ESM2-0_ssp245_scen02_no_drought_pert
T_Q2,INM-CM5-0_ssp370_scen02_no_drought_pert
T_Q2,MIROC6_ssp245_scen03_no_drought_pert
T_Q2,INM-CM5-0_ssp585_scen03_no_drought_pert
T_Q2,INM-CM4-8_ssp370_scen03_no_drought_pert
T_Q2,MRI-ESM2-0_ssp245_scen01_no_drought_pert
T_Q2,INM-CM5-0_ssp585_scen02_no_drought_pert
T_Q3,MRI-ESM2-0_ssp245_scen03_no_drought_pert
T_Q3,NorESM2-MM_ssp370_scen03_no_drought_pert
T_Q3,INM-CM5-0_ssp585_scen01_no_drought_pert
T_Q3,NorESM2-MM_ssp370_scen01_no_drought_pert
T_Q3,INM-CM4-8_ssp370_scen02_no_drought_pert
T_Q3,NorESM2-MM_ssp370_scen02_no_drought_pert
T_Q3,MIROC-ES2L_ssp370_scen01_no_drought_pert
T_Q3,MIROC-ES2L_ssp370_scen02_no_drought_pert
T_Q3,ACCESS-CM2_ssp245_scen01_no_drought_pert
T_Q3,ACCESS-CM2_ssp245_scen03_no_drought_pert
T_Q3,MPI-ESM1-2-LR_ssp370_scen03_no_drought_pert
T_Q3,MIROC-ES2L_ssp370_scen03_no_drought_pert
T_Q3,MPI-ESM1-2-LR_ssp370_scen01_no_drought_pert
T_Q3,ACCESS-CM2_ssp245_scen02_no_drought_pert
T_Q3,MPI-ESM1-2-LR_ssp370_scen02_no_drought_pert
T_Q3,MIROC6_ssp370_scen02_no_drought_pert
T_Q3,INM-CM4-8_ssp585_scen02_no_drought_pert
T_Q3,INM-CM4-8_ssp585_scen03_no_drought_pert
T_Q3,INM-CM4-8_ssp585_scen01_no_drought_pert
T_Q3,MIROC6_ssp370_scen01_no_drought_pert
T_Q3,MIROC6_ssp370_scen03_no_drought_pert
T_Q3,CNRM-CM6-1_ssp245_scen03_no_drought_pert
T_Q3,NorESM2-MM_ssp585_scen03_no_drought_pert
T_Q3,CNRM-CM6-1_ssp245_scen01_no_drought_pert
T_Q3,CNRM-CM6-1_ssp245_scen02_no_drought_pert
T_Q3,NorESM2-MM_ssp585_scen02_no_drought_pert
T_Q3,NorESM2-MM_ssp585_scen01_no_drought_pert
T_Q4,MIROC-ES2L_ssp585_scen01_no_drought_pert
T_Q4,MIROC-ES2L_ssp585_scen02_no_drought_pert
T_Q4,MIROC-ES2L_ssp585_scen03_no_drought_pert
T_Q4,MRI-ESM2-0_ssp370_scen03_no_drought_pert
T_Q4,MPI-ESM1-2-LR_ssp585_scen01_no_drought_pert
T_Q4,MRI-ESM2-0_ssp370_scen01_no_drought_pert
T_Q4,MPI-ESM1-2-LR_ssp585_scen02_no_drought_pert
T_Q4,MRI-ESM2-0_ssp370_scen02_no_drought_pert
T_Q4,MPI-ESM1-2-LR_ssp585_scen03_no_drought_pert
T_Q4,ACCESS-CM2_ssp370_scen01_no_drought_pert
T_Q4,ACCESS-CM2_ssp370_scen03_no_drought_pert
T_Q4,ACCESS-CM2_ssp370_scen02_no_drought_pert
T_Q4,MIROC6_ssp585_scen02_no_drought_pert
T_Q4,MIROC6_ssp585_scen01_no_drought_pert
T_Q4,CNRM-CM6-1_ssp370_scen02_no_drought_pert
T_Q4,MIROC6_ssp585_scen03_no_drought_pert
T_Q4,CNRM-CM6-1_ssp370_scen03_no_drought_pert
T_Q4,CNRM-CM6-1_ssp370_scen01_no_drought_pert
T_Q4,MRI-ESM2-0_ssp585_scen01_no_drought_pert
T_Q4,MRI-ESM2-0_ssp585_scen03_no_drought_pert
T_Q4,MRI-ESM2-0_ssp585_scen02_no_drought_pert
T_Q4,ACCESS-CM2_ssp585_scen02_no_drought_pert
T_Q4,ACCESS-CM2_ssp585_scen01_no_drought_pert
T_Q4,ACCESS-CM2_ssp585_scen03_no_drought_pert
T_Q4,CNRM-CM6-1_ssp585_scen02_no_drought_pert
T_Q4,CNRM-CM6-1_ssp585_scen03_no_drought_pert
T_Q4,CNRM-CM6-1_ssp585_scen01_no_drought_pert
S_Q1,MIROC6_ssp585_scen01_no_drought_pert
S_Q1,MIROC6_ssp585_scen02_no_drought_pert
S_Q1,CNRM-CM6-1_ssp585_scen01_no_drought_pert
S_Q1,MIROC6_ssp585_scen03_no_drought_pert
S_Q1,CNRM-CM6-1_ssp585_scen02_no_drought_pert
S_Q1,CNRM-CM6-1_ssp585_scen03_no_drought_pert
S_Q1,MPI-ESM1-2-LR_ssp585_scen01_no_drought_pert
S_Q1,MPI-ESM1-2-LR_ssp585_scen02_no_drought_pert
S_Q1,CNRM-CM6-1_ssp370_scen02_no_drought_pert
S_Q1,MPI-ESM1-2-LR_ssp370_scen03_no_drought_pert
S_Q1,CNRM-CM6-1_ssp245_scen01_no_drought_pert
S_Q1,CNRM-CM6-1_ssp370_scen01_no_drought_pert
S_Q1,MRI-ESM2-0_ssp585_scen03_no_drought_pert
S_Q1,MIROC6_ssp370_scen02_no_drought_pert
S_Q1,MIROC6_ssp370_scen01_no_drought_pert
S_Q1,MPI-ESM1-2-LR_ssp585_scen03_no_drought_pert
S_Q1,CNRM-CM6-1_ssp245_scen02_no_drought_pert
S_Q1,CNRM-CM6-1_ssp370_scen03_no_drought_pert
S_Q1,MRI-ESM2-0_ssp585_scen01_no_drought_pert
S_Q1,CNRM-CM6-1_ssp245_scen03_no_drought_pert
S_Q1,MRI-ESM2-0_ssp585_scen02_no_drought_pert
S_Q1,MIROC6_ssp245_scen02_no_drought_pert
S_Q1,MPI-ESM1-2-LR_ssp370_scen02_no_drought_pert
S_Q1,ACCESS-CM2_ssp585_scen03_no_drought_pert
S_Q1,MIROC6_ssp370_scen03_no_drought_pert
S_Q1,MIROC6_ssp245_scen03_no_drought_pert
S_Q1,ACCESS-CM2_ssp585_scen02_no_drought_pert
S_Q2,MIROC6_ssp245_scen01_no_drought_pert
S_Q2,MPI-ESM1-2-LR_ssp370_scen01_no_drought_pert
S_Q2,ACCESS-CM2_ssp585_scen01_no_drought_pert
S_Q2,INM-CM4-8_ssp585_scen01_no_drought_pert
S_Q2,MRI-ESM2-0_ssp370_scen01_no_drought_pert
S_Q2,MIROC-ES2L_ssp585_scen02_no_drought_pert
S_Q2,MIROC-ES2L_ssp585_scen03_no_drought_pert
S_Q2,MIROC-ES2L_ssp585_scen01_no_drought_pert
S_Q2,ACCESS-CM2_ssp370_scen01_no_drought_pert
S_Q2,MPI-ESM1-2-LR_ssp245_scen03_no_drought_pert
S_Q2,NorESM2-MM_ssp370_scen01_no_drought_pert
S_Q2,CNRM-CM6-1_ssp126_scen03_no_drought_pert
S_Q2,CNRM-CM6-1_ssp126_scen01_no_drought_pert
S_Q2,MPI-ESM1-2-LR_ssp245_scen02_no_drought_pert
S_Q2,MRI-ESM2-0_ssp245_scen02_no_drought_pert
S_Q2,ACCESS-CM2_ssp370_scen03_no_drought_pert
S_Q2,INM-CM4-8_ssp585_scen03_no_drought_pert
S_Q2,MRI-ESM2-0_ssp370_scen03_no_drought_pert
S_Q2,MPI-ESM1-2-LR_ssp245_scen01_no_drought_pert
S_Q2,NorESM2-MM_ssp370_scen03_no_drought_pert
S_Q2,NorESM2-MM_ssp585_scen03_no_drought_pert
S_Q2,NorESM2-MM_ssp585_scen02_no_drought_pert
S_Q2,NorESM2-MM_ssp370_scen02_no_drought_pert
S_Q2,INM-CM5-0_ssp585_scen03_no_drought_pert
S_Q2,MRI-ESM2-0_ssp245_scen01_no_drought_pert
S_Q2,MRI-ESM2-0_ssp370_scen02_no_drought_pert
S_Q2,MRI-ESM2-0_ssp245_scen03_no_drought_pert
S_Q3,MIROC-ES2L_ssp370_scen02_no_drought_pert
S_Q3,CNRM-CM6-1_ssp126_scen02_no_drought_pert
S_Q3,INM-CM5-0_ssp585_scen02_no_drought_pert
S_Q3,ACCESS-CM2_ssp370_scen02_no_drought_pert
S_Q3,INM-CM5-0_ssp585_scen01_no_drought_pert
S_Q3,MIROC-ES2L_ssp370_scen03_no_drought_pert
S_Q3,INM-CM4-8_ssp585_scen02_no_drought_pert
S_Q3,NorESM2-MM_ssp245_scen03_no_drought_pert
S_Q3,INM-CM5-0_ssp370_scen02_no_drought_pert
S_Q3,INM-CM4-8_ssp370_scen01_no_drought_pert
S_Q3,ACCESS-CM2_ssp245_scen01_no_drought_pert
S_Q3,MIROC-ES2L_ssp370_scen01_no_drought_pert
S_Q3,ACCESS-CM2_ssp245_scen03_no_drought_pert
S_Q3,INM-CM5-0_ssp370_scen03_no_drought_pert
S_Q3,NorESM2-MM_ssp245_scen02_no_drought_pert
S_Q3,NorESM2-MM_ssp585_scen01_no_drought_pert
S_Q3,NorESM2-MM_ssp245_scen01_no_drought_pert
S_Q3,INM-CM4-8_ssp370_scen03_no_drought_pert
S_Q3,MIROC6_ssp126_scen03_no_drought_pert
S_Q3,ACCESS-CM2_ssp245_scen02_no_drought_pert
S_Q3,INM-CM5-0_ssp370_scen01_no_drought_pert
S_Q3,MIROC6_ssp126_scen02_no_drought_pert
S_Q3,ACCESS-CM2_ssp126_scen03_no_drought_pert
S_Q3,MIROC-ES2L_ssp245_scen01_no_drought_pert
S_Q3,MIROC-ES2L_ssp245_scen03_no_drought_pert
S_Q3,MIROC6_ssp126_scen01_no_drought_pert
S_Q3,INM-CM4-8_ssp370_scen02_no_drought_pert
S_Q4,MIROC-ES2L_ssp245_scen02_no_drought_pert
S_Q4,MPI-ESM1-2-LR_ssp126_scen01_no_drought_pert
S_Q4,ACCESS-CM2_ssp126_scen02_no_drought_pert
S_Q4,ACCESS-CM2_ssp126_scen01_no_drought_pert
S_Q4,INM-CM5-0_ssp245_scen02_no_drought_pert
S_Q4,MPI-ESM1-2-LR_ssp126_scen02_no_drought_pert
S_Q4,MIROC-ES2L_ssp126_scen01_no_drought_pert
S_Q4,NorESM2-MM_ssp126_scen02_no_drought_pert
S_Q4,NorESM2-MM_ssp126_scen03_no_drought_pert
S_Q4,MRI-ESM2-0_ssp126_scen01_no_drought_pert
S_Q4,INM-CM5-0_ssp245_scen03_no_drought_pert
S_Q4,MPI-ESM1-2-LR_ssp126_scen03_no_drought_pert
S_Q4,MIROC-ES2L_ssp126_scen02_no_drought_pert
S_Q4,MRI-ESM2-0_ssp126_scen03_no_drought_pert
S_Q4,INM-CM5-0_ssp126_scen02_no_drought_pert
S_Q4,INM-CM5-0_ssp245_scen01_no_drought_pert
S_Q4,MIROC-ES2L_ssp126_scen03_no_drought_pert
S_Q4,INM-CM4-8_ssp245_scen01_no_drought_pert
S_Q4,NorESM2-MM_ssp126_scen01_no_drought_pert
S_Q4,INM-CM5-0_ssp126_scen03_no_drought_pert
S_Q4,MRI-ESM2-0_ssp126_scen02_no_drought_pert
S_Q4,INM-CM4-8_ssp245_scen02_no_drought_pert
S_Q4,INM-CM4-8_ssp126_scen02_no_drought_pert
S_Q4,INM-CM5-0_ssp126_scen01_no_drought_pert
S_Q4,INM-CM4-8_ssp245_scen03_no_drought_pert
S_Q4,INM-CM4-8_ssp126_scen03_no_drought_pert
S_Q4,INM-CM4-8_ssp126_scen01_no_drought_pert
G_Q1,CNRM-CM6-1_ssp370_scen01_no_drought_pert
G_Q1,CNRM-CM6-1_ssp370_scen02_no_drought_pert
G_Q1,CNRM-CM6-1_ssp370_scen03_no_drought_pert
G_Q1,CNRM-CM6-1_ssp585_scen01_no_drought_pert
G_Q1,CNRM-CM6-1_ssp585_scen02_no_drought_pert
G_Q1,CNRM-CM6-1_ssp585_scen03_no_drought_pert
G_Q1,MIROC6_ssp585_scen02_no_drought_pert
G_Q1,MIROC6_ssp585_scen03_no_drought_pert
G_Q1,MRI-ESM2-0_ssp585_scen01_no_drought_pert
G_Q1,MRI-ESM2-0_ssp585_scen02_no_drought_pert
G_Q1,MRI-ESM2-0_ssp585_scen03_no_drought_pert
G_Q1,ACCESS-CM2_ssp585_scen02_no_drought_pert
G_Q1,MIROC6_ssp585_scen01_no_drought_pert
G_Q1,CNRM-CM6-1_ssp245_scen03_no_drought_pert
G_Q1,MPI-ESM1-2-LR_ssp585_scen02_no_drought_pert
G_Q1,ACCESS-CM2_ssp585_scen01_no_drought_pert
G_Q1,ACCESS-CM2_ssp585_scen03_no_drought_pert
G_Q1,MPI-ESM1-2-LR_ssp585_scen01_no_drought_pert
G_Q1,CNRM-CM6-1_ssp245_scen01_no_drought_pert
G_Q1,MPI-ESM1-2-LR_ssp585_scen03_no_drought_pert
G_Q1,ACCESS-CM2_ssp370_scen03_no_drought_pert
G_Q1,ACCESS-CM2_ssp370_scen01_no_drought_pert
G_Q1,CNRM-CM6-1_ssp245_scen02_no_drought_pert
G_Q1,MPI-ESM1-2-LR_ssp370_scen03_no_drought_pert
G_Q1,ACCESS-CM2_ssp370_scen02_no_drought_pert
G_Q1,MIROC6_ssp370_scen01_no_drought_pert
G_Q1,MPI-ESM1-2-LR_ssp370_scen02_no_drought_pert
G_Q2,MIROC-ES2L_ssp585_scen02_no_drought_pert
G_Q2,MIROC6_ssp370_scen02_no_drought_pert
G_Q2,MIROC-ES2L_ssp585_scen01_no_drought_pert
G_Q2,MRI-ESM2-0_ssp370_scen02_no_drought_pert
G_Q2,MPI-ESM1-2-LR_ssp370_scen01_no_drought_pert
G_Q2,MRI-ESM2-0_ssp370_scen03_no_drought_pert
G_Q2,MPI-ESM1-2-LR_ssp245_scen01_no_drought_pert
G_Q2,MPI-ESM1-2-LR_ssp245_scen03_no_drought_pert
G_Q2,MRI-ESM2-0_ssp370_scen01_no_drought_pert
G_Q2,INM-CM4-8_ssp585_scen01_no_drought_pert
G_Q2,INM-CM4-8_ssp585_scen03_no_drought_pert
G_Q2,MIROC6_ssp245_scen01_no_drought_pert
G_Q2,MIROC-ES2L_ssp585_scen03_no_drought_pert
G_Q2,NorESM2-MM_ssp585_scen03_no_drought_pert
G_Q2,NorESM2-MM_ssp370_scen03_no_drought_pert
G_Q2,MIROC6_ssp245_scen03_no_drought_pert
G_Q2,MIROC6_ssp370_scen03_no_drought_pert
G_Q2,MIROC6_ssp245_scen02_no_drought_pert
G_Q2,MRI-ESM2-0_ssp245_scen03_no_drought_pert
G_Q2,MPI-ESM1-2-LR_ssp245_scen02_no_drought_pert
G_Q2,NorESM2-MM_ssp370_scen01_no_drought_pert
G_Q2,CNRM-CM6-1_ssp126_scen02_no_drought_pert
G_Q2,MRI-ESM2-0_ssp245_scen02_no_drought_pert
G_Q2,MRI-ESM2-0_ssp245_scen01_no_drought_pert
G_Q2,NorESM2-MM_ssp585_scen02_no_drought_pert
G_Q2,INM-CM5-0_ssp585_scen03_no_drought_pert
G_Q2,INM-CM5-0_ssp585_scen02_no_drought_pert
G_Q3,CNRM-CM6-1_ssp126_scen03_no_drought_pert
G_Q3,NorESM2-MM_ssp370_scen02_no_drought_pert
G_Q3,CNRM-CM6-1_ssp126_scen01_no_drought_pert
G_Q3,ACCESS-CM2_ssp245_scen01_no_drought_pert
G_Q3,INM-CM5-0_ssp585_scen01_no_drought_pert
G_Q3,NorESM2-MM_ssp245_scen03_no_drought_pert
G_Q3,NorESM2-MM_ssp585_scen01_no_drought_pert
G_Q3,INM-CM4-8_ssp585_scen02_no_drought_pert
G_Q3,INM-CM5-0_ssp370_scen03_no_drought_pert
G_Q3,MIROC-ES2L_ssp370_scen03_no_drought_pert
G_Q3,MIROC-ES2L_ssp370_scen02_no_drought_pert
G_Q3,NorESM2-MM_ssp245_scen02_no_drought_pert
G_Q3,ACCESS-CM2_ssp245_scen03_no_drought_pert
G_Q3,ACCESS-CM2_ssp245_scen02_no_drought_pert
G_Q3,INM-CM5-0_ssp370_scen01_no_drought_pert
G_Q3,NorESM2-MM_ssp245_scen01_no_drought_pert
G_Q3,MIROC-ES2L_ssp370_scen01_no_drought_pert
G_Q3,INM-CM5-0_ssp370_scen02_no_drought_pert
G_Q3,MIROC6_ssp126_scen03_no_drought_pert
G_Q3,ACCESS-CM2_ssp126_scen03_no_drought_pert
G_Q3,MPI-ESM1-2-LR_ssp126_scen01_no_drought_pert
G_Q3,MIROC6_ssp126_scen01_no_drought_pert
G_Q3,INM-CM4-8_ssp370_scen01_no_drought_pert
G_Q3,MIROC6_ssp126_scen02_no_drought_pert
G_Q3,MIROC-ES2L_ssp245_scen01_no_drought_pert
G_Q3,INM-CM4-8_ssp370_scen03_no_drought_pert
G_Q3,MIROC-ES2L_ssp245_scen03_no_drought_pert
G_Q4,ACCESS-CM2_ssp126_scen01_no_drought_pert
G_Q4,MPI-ESM1-2-LR_ssp126_scen03_no_drought_pert
G_Q4,INM-CM5-0_ssp245_scen02_no_drought_pert
G_Q4,ACCESS-CM2_ssp126_scen02_no_drought_pert
G_Q4,MPI-ESM1-2-LR_ssp126_scen02_no_drought_pert
G_Q4,MIROC-ES2L_ssp245_scen02_no_drought_pert
G_Q4,MRI-ESM2-0_ssp126_scen01_no_drought_pert
G_Q4,MRI-ESM2-0_ssp126_scen03_no_drought_pert
G_Q4,INM-CM5-0_ssp245_scen03_no_drought_pert
G_Q4,INM-CM5-0_ssp245_scen01_no_drought_pert
G_Q4,INM-CM4-8_ssp370_scen02_no_drought_pert
G_Q4,MIROC-ES2L_ssp126_scen02_no_drought_pert
G_Q4,MIROC-ES2L_ssp126_scen01_no_drought_pert
G_Q4,MIROC-ES2L_ssp126_scen03_no_drought_pert
G_Q4,NorESM2-MM_ssp126_scen03_no_drought_pert
G_Q4,MRI-ESM2-0_ssp126_scen02_no_drought_pert
G_Q4,NorESM2-MM_ssp126_scen02_no_drought_pert
G_Q4,NorESM2-MM_ssp126_scen01_no_drought_pert
G_Q4,INM-CM4-8_ssp245_scen01_no_drought_pert
G_Q4,INM-CM5-0_ssp126_scen02_no_drought_pert
G_Q4,INM-CM5-0_ssp126_scen01_no_drought_pert
G_Q4,INM-CM4-8_ssp126_scen02_no_drought_pert
G_Q4,INM-CM4-8_ssp245_scen02_no_drought_pert
G_Q4,INM-CM5-0_ssp126_scen03_no_drought_pert
G_Q4,INM-CM4-8_ssp245_scen03_no_drought_pert
G_Q4,INM-CM4-8_ssp126_scen03_no_drought_pert
G_Q4,INM-CM4-8_ssp126_scen01_no_drought_pert
